account,code,name,open_date,close_date,hold_days,mode,d0_pct,prev10_pct,ma_up,near_20d_low,t0_float,max_gain,max_loss,t1_open_pct,t1_high_pct,t1_close_pct,actual_pct,pnl_net
账户1,000099,中信海直,2025-09-02,2025-10-21,49.0,其他,-2.543399273314484,5.404255319148943,True,False,-0.28913672036349203,2.189178025609251,-11.565468814539448,0.1657000828500399,0.3728251864125953,-4.929577464788737,-10.08,-1235.67
账户1,000559,万向钱潮,2026-01-22,2026-01-28,6.0,半路(主升途中未追涨),-1.8943170488534333,8.373851971907055,True,False,-1.4373716632443467,4.372214153353049,-12.305303751189445,0.20325203252031798,5.081300813008127,0.050813008130079496,-11.35,-2976.43
账户1,000592,平潭发展,2025-11-24,2025-12-17,23.0,其他,-10.027855153203348,14.209968186638378,True,False,-1.624365482233503,62.1319796954315,-8.324873096446705,-0.41279669762640525,7.32714138286894,2.4767801857585203,42.23,820.55
账户1,000592,平潭发展,2026-05-08,2026-05-11,3.0,其他,0.8818342151675429,2.810516772438798,False,False,0.08748906386701893,5.336832895888,-2.012248468941391,0.08741258741258306,5.24475524475525,3.6713286713286664,0.44,211.92
账户1,000630,铜陵有色,2026-03-16,2026-03-17,1.0,低吸-弱势(下降通道抄底),-4.316546762589923,-17.458432304038006,False,True,1.8376722817764257,5.053598774885137,-1.071975497702915,0.4511278195488577,1.9548872180451093,-0.9022556390977488,3.52,776.22
账户1,000737,北方铜业,2026-02-03,2026-02-27,24.0,半路(主升途中未追涨),2.5655644241733055,14.341590612777043,True,False,4.653868528214056,9.831297265852236,-9.249563699825492,3.6687048360200203,4.94719288493608,-1.1117287381878782,3.96,1843.23
账户1,000737,北方铜业,2026-02-05,2026-02-27,22.0,其他,-7.251264755480602,10.97941359950092,True,False,0.6097560975609762,10.2439024390244,-4.8780487804877986,-3.5757575757575766,0.24242424242424399,-1.8181818181818188,8.96,144.86
账户1,000737,北方铜业,2026-02-05,2026-03-02,25.0,其他,-7.251264755480602,10.97941359950092,True,False,0.6097560975609762,15.243902439024382,-4.8780487804877986,-3.5757575757575766,0.24242424242424399,-1.8181818181818188,8.35,4046.0
账户1,000762,西藏矿业,2026-04-02,2026-04-03,1.0,打板/追涨,9.992962702322306,9.941972920696319,True,False,0.0,2.847088931541908,-10.812539987204106,0.0,2.847088931541908,-3.103007037747929,0.0,-53.76
账户1,000762,西藏矿业,2026-04-02,2026-04-03,1.0,打板/追涨,9.992962702322306,9.941972920696319,True,False,0.0,2.847088931541908,-10.812539987204106,0.0,2.847088931541908,-3.103007037747929,-2.4,-1102.85
账户1,000777,中核科技,2026-03-13,2026-03-17,4.0,其他,6.93227091633466,-4.125286478227652,True,False,0.18663680477790656,1.4930944382232303,-7.876073161627472,0.037257824143077656,1.3040238450074515,-0.5216095380029873,-2.31,-73.37
账户1,000831,中国稀土,2025-09-01,2025-09-02,1.0,半路(主升途中未追涨),1.3717421124828544,29.773030707610147,True,False,3.104290198814086,10.010463899546561,-2.1102197418904844,-0.03382949932340118,6.698240866035188,4.127198917456032,9.02,1017.51
账户1,000831,中国稀土,2025-09-03,2025-10-13,40.0,其他,-7.131254061078618,34.586794927853084,True,False,1.1679348787825283,8.246328083525057,-15.165457441160857,-2.046527899247863,-0.6471925835228376,-9.323071541018013,4.18,686.56
账户1,000831,中国稀土,2025-09-04,2025-10-13,39.0,其他,-9.323071541018013,20.713682432432435,True,False,-1.8553578190079412,13.858386974630822,-9.238924649753887,-0.2121913580247048,2.8742283950617287,2.3341049382715973,11.45,2391.96
账户1,000831,中国稀土,2025-09-18,2025-10-13,25.0,其他,-5.4680427304001356,6.539351851851838,True,False,-1.1174242424242364,13.901515151515165,-9.204545454545453,-1.3598927408542405,0.804443593181392,-1.7812679563302014,11.5,1198.71
账户1,000831,中国稀土,2025-09-18,2025-10-13,25.0,其他,-5.4680427304001356,6.539351851851838,True,False,-1.1174242424242364,13.901515151515165,-9.204545454545453,-1.3598927408542405,0.804443593181392,-1.7812679563302014,11.5,1198.71
账户1,000831,中国稀土,2025-10-20,2025-10-27,7.0,半路(主升途中未追涨),-1.992882562277587,13.010255379046875,True,False,1.1198825041307092,4.2775839911878055,-3.5065173489994383,0.0,1.779230210602778,1.4161220043573008,2.46,124.13
账户1,000831,中国稀土,2025-10-23,2025-10-27,4.0,其他,-2.0490303695572587,-3.9536109646810758,True,False,1.3823139556901953,7.555387237265654,-0.47339519030487054,0.0,2.988419872992165,2.2786701531565257,5.68,1173.02
账户1,000831,中国稀土,2025-11-27,2025-12-19,22.0,低吸-弱势(下降通道抄底),-0.7761966364812412,-2.1518987341772045,False,True,-1.244635193133048,3.7982832618025597,-8.58369098712446,-0.1303780964797996,1.9774011299434902,1.7166449369839132,-3.33,-802.95
账户1,000831,中国稀土,2025-11-27,2025-12-22,25.0,低吸-弱势(下降通道抄底),-0.7761966364812412,-2.1518987341772045,False,True,-1.244635193133048,3.7982832618025597,-8.58369098712446,-0.1303780964797996,1.9774011299434902,1.7166449369839132,-1.74,-346.61
账户1,000889,中嘉博创,2026-04-28,2026-04-29,1.0,打板/追涨,10.089686098654704,3.480278422273786,True,False,2.7196652719665204,4.184100418410042,-6.903765690376574,-1.8329938900203624,1.4256619144602967,-2.0366598778004175,2.72,244.89
账户1,000890,法尔胜,2026-03-17,2026-03-18,1.0,打板/追涨,10.000000000000009,51.36476426799006,True,False,6.170886075949356,10.759493670886066,-3.401898734177211,2.53353204172877,4.32190760059612,1.3412816691505292,4.19,408.52
账户1,000912,泸天化,2026-03-03,2026-03-04,1.0,半路(主升途中未追涨),0.9345794392523477,14.31623931623931,True,False,-5.263157894736836,2.4561403508771784,-12.807017543859656,-3.3333333333333437,5.370370370370381,5.185185185185182,-6.14,-2354.22
账户1,000938,紫光股份,2025-09-09,2025-10-27,48.0,其他,-5.215827338129497,-1.5929203539822967,True,False,-1.1257035647279423,20.675422138836772,-1.3883677298311303,0.4174573055028441,2.580645161290329,0.6072106261859611,6.12,1276.69
账户1,000968,蓝焰控股,2026-03-27,2026-03-30,3.0,半路(主升途中未追涨),5.855443732845389,15.539112050739945,True,False,0.6962576153176636,6.005221932114879,-5.308964316797205,2.9386343993085484,5.272255834053574,-5.358686257562672,-4.35,-2414.27
账户1,000993,闽东电力,2026-04-28,2026-04-29,1.0,其他,2.1704180064308742,-1.6600790513834007,False,False,-1.4728682170542573,0.3875968992248069,-6.04651162790698,-2.5177025963807997,-0.5507474429582992,-2.4390243902439046,-2.79,-1013.95
账户1,001309,德明利,2026-02-09,2026-02-13,4.0,低吸-弱势(下降通道抄底),3.451532583497885,-15.232896652110629,False,True,0.4334416937567642,5.968158706343241,-2.3422522297240955,-1.211718814839402,-0.46476886048634203,-1.4233546352394266,4.71,1099.55
账户1,002025,航天电器,2026-03-25,2026-03-27,2.0,其他,-2.923627684964214,18.675871835723147,True,False,-0.8229198415117489,4.388905821395905,-11.139896373057,-0.47633681622618607,-0.12292562999385304,-4.7633681622618385,-8.63,-1147.49
账户1,002025,航天电器,2026-03-25,2026-03-27,2.0,其他,-2.923627684964214,18.675871835723147,True,False,0.12307692307691465,5.384615384615388,-10.29230769230769,-0.47633681622618607,-0.12292562999385304,-4.7633681622618385,-7.75,-514.25
账户1,002025,航天电器,2026-04-29,2026-04-30,1.0,低吸-强势(均线多头回踩),-2.3098022231846316,-13.0538471193674,True,False,-1.6424418604651048,8.197674418604661,-1.9767441860465085,1.5220925077582326,10.004433279148795,8.157233633811135,4.64,930.82
账户1,002031,巨轮智能,2026-05-14,2026-05-15,1.0,半路(主升途中未追涨),4.80109739368999,24.828767123287676,True,False,-1.0362694300518172,8.808290155440424,-6.994818652849744,-4.057591623036649,9.947643979057608,9.947643979057608,-5.96,-56.38
账户1,002049,紫光国微,2025-08-20,2025-08-22,2.0,半路(主升途中未追涨),-0.41362530413625587,6.892067620286091,True,False,2.7875439477649477,6.077348066298338,-0.665494726268212,0.1954556559980336,2.467627656975324,-1.7224529684827683,3.77,495.18
账户1,002050,三花智控,2026-01-22,2026-01-28,6.0,其他,-3.313201035375324,6.584513518484458,True,False,-1.3382637788343033,3.18718084169749,-10.582849093150204,-1.73121542031055,-0.6782081028020803,-3.551668748884529,-9.44,-4340.08
账户1,002081,金 螳 螂,2026-05-29,2026-06-01,3.0,打板/追涨,10.000000000000009,-28.66242038216561,False,False,0.0,10.064935064935066,-9.902597402597413,2.110389610389607,10.064935064935066,10.064935064935066,2.11,192.77
账户1,002082,万邦德,2026-04-01,2026-04-02,1.0,打板/追涨,9.933774834437092,70.23675310033823,True,False,-0.06020469596627054,4.545454545454541,-11.830222757375076,-3.0120481927710885,4.608433734939732,4.03614457831325,0.24,207.35
账户1,002149,西部材料,2026-02-27,2026-03-02,3.0,低吸-弱势(下降通道抄底),3.2705649157581673,-8.951452806352634,False,False,-0.724085365853655,9.203506097560975,-5.487804878048774,-0.3071017274472232,10.000000000000009,5.7197696737044,5.95,3052.85
账户1,002149,西部材料,2026-03-02,2026-03-03,1.0,低吸-弱势(下降通道抄底),5.7197696737044,-5.667209849719345,False,False,1.3431462741490208,5.446182152713885,-8.794848206071759,-0.1452432824981864,-0.1452432824981864,-10.003631082062448,1.2,640.94
账户1,002149,西部材料,2026-03-16,2026-03-17,1.0,低吸-弱势(下降通道抄底),2.664828853664125,-20.969498910675377,False,True,4.2940490081680105,4.690781796966159,-2.0770128354725803,0.0,0.38039829939584546,-1.4544640859252556,1.35,263.43
账户1,002149,西部材料,2026-03-16,2026-03-17,1.0,低吸-弱势(下降通道抄底),2.664828853664125,-20.969498910675377,False,True,2.12522851919561,2.5137111517367527,-4.113345521023759,0.0,0.38039829939584546,-1.4544640859252556,-0.75,-41.79
账户1,002175,东方智造,2025-12-23,2026-01-06,14.0,其他,0.21141649048626032,-3.469387755102038,False,False,-2.268041237113394,7.2164948453608435,-9.072164948453597,-0.42194092827004814,0.0,-2.1097046413502185,-5.98,-1360.25
账户1,002178,延华智能,2026-03-05,2026-03-06,1.0,其他,1.7964071856287456,1.365705614567525,False,False,-5.555555555555558,1.9444444444444375,-8.472222222222225,-3.088235294117647,2.794117647058836,0.7352941176470562,-5.0,-2837.68
账户1,002192,融捷股份,2026-05-20,2026-05-22,2.0,低吸-弱势(下降通道抄底),2.9254410927717744,-20.983989926245737,False,False,-0.11047282368537026,1.4030048608042467,-7.688908528501981,-0.022119000221187957,0.9400575094005603,-5.120548551205484,-6.42,-6507.76
账户1,002192,融捷股份,2026-05-20,2026-05-22,2.0,低吸-弱势(下降通道抄底),2.9254410927717744,-20.983989926245737,False,False,-0.11047282368537026,1.4030048608042467,-7.688908528501981,-0.022119000221187957,0.9400575094005603,-5.120548551205484,-7.05,-648.56
账户1,002192,融捷股份,2026-05-21,2026-05-22,1.0,低吸-弱势(下降通道抄底),-5.120548551205484,-13.967649857278774,False,False,-4.344044778449252,1.7661619427781217,-6.830497513547273,0.17484555309474903,1.410420794964451,-0.29140925515794835,-6.18,-2825.68
账户1,002241,歌尔股份,2025-10-20,2025-10-21,1.0,低吸-弱势(下降通道抄底),-2.532051282051284,-10.755148741418763,False,True,0.5289256198347081,7.438016528925617,-0.19834710743801276,2.1045708648470995,6.872739230516278,6.08352515619861,6.55,382.66
账户1,002371,北方华创,2026-03-05,2026-03-06,1.0,低吸-弱势(下降通道抄底),3.89483065953653,-5.515789473684207,False,True,0.5043755658059146,1.793335345087721,-1.9334396689226985,-0.5983529209916738,1.0894741357124538,-0.1930170712876378,0.84,330.68
账户1,002407,多氟多,2026-03-16,2026-03-17,1.0,半路(主升途中未追涨),-0.972447325769854,5.218281036834926,True,False,0.8916776750330202,3.1704095112285335,-7.166446499339507,-2.2585924713584338,-0.8183306055646433,-6.186579378068746,-3.04,-573.83
账户1,002407,多氟多,2026-03-17,2026-03-18,1.0,低吸-强势(均线多头回踩),-6.186579378068746,7.117812061711093,True,True,0.6320224719101208,6.390449438202239,-5.58286516853933,0.03489183531053541,0.8025122121423589,-4.780181437543618,-2.32,-416.65
账户1,002423,中粮资本,2026-03-16,2026-03-17,1.0,其他,4.930232558139536,-3.76007162041182,False,False,-0.2652519893899252,1.5915119363395291,-3.1830238726790583,-2.3049645390070927,0.6205673758865382,-1.6843971631205656,-3.01,-355.72
账户1,002428,云南锗业,2026-03-25,2026-03-26,1.0,其他,8.441558441558449,-2.9130434782608794,False,False,-1.4247913698351322,0.0,-6.187665377569706,-0.4749122444765552,0.4336155275655562,-3.592814371257491,-5.03,-1769.74
账户1,002446,盛路通信,2026-07-01,2026-07-02,1.0,低吸-弱势(下降通道抄底),4.096834264432014,-8.75106202209005,False,False,-1.843722563652339,1.843722563652328,-3.863037752414411,0.17889087656528524,1.9677996422182487,-1.610017889087656,-3.07,-4473.36
账户1,002456,欧菲光,2025-08-21,2025-08-22,1.0,其他,-3.7878787878787845,13.013698630136993,True,False,-0.07867820613691734,5.7435090479937,-1.0228166797797034,-0.8661417322834652,5.826771653543306,3.937007874015741,4.01,681.99
账户1,002456,欧菲光,2025-08-21,2025-08-22,1.0,其他,-3.7878787878787845,13.013698630136993,True,False,0.0,5.826771653543306,-0.9448818897637712,-0.8661417322834652,5.826771653543306,3.937007874015741,4.09,698.03
账户1,002456,欧菲光,2026-07-02,2026-07-06,4.0,其他,-0.3157894736842026,-1.2474012474012364,False,False,-1.865284974093262,4.663212435233155,-7.0466321243523256,-0.8447729672650506,-0.21119324181627652,-2.2175290390707536,-5.91,-8197.15
账户1,002463,沪电股份,2025-11-14,2025-11-26,12.0,低吸-弱势(下降通道抄底),-4.4213465715172156,-9.160090191657277,False,True,-0.9166934705693186,18.446445802508848,-4.213573496301059,0.7953254341827698,4.3499431910404285,1.2822593734783228,13.04,5618.64
账户1,002463,沪电股份,2025-11-14,2025-11-26,12.0,低吸-弱势(下降通道抄底),-4.4213465715172156,-9.160090191657277,False,True,-0.9166934705693186,18.446445802508848,-4.213573496301059,0.7953254341827698,4.3499431910404285,1.2822593734783228,14.78,908.1
账户1,002471,中超控股,2026-05-08,2026-05-11,3.0,低吸-弱势(下降通道抄底),2.0979020979021046,-12.18014329580348,False,False,0.22883295194506825,2.9748283752860427,-4.233409610983996,2.168949771689488,2.7397260273972712,0.6849315068493178,0.8,485.49
账户1,002475,立讯精密,2025-10-17,2025-10-21,4.0,低吸-弱势(下降通道抄底),-6.26689189189189,-13.87838231015419,False,False,-0.5198996055933991,12.710648978128347,-0.6812477590534272,2.4689133177149047,4.253018561903055,2.991530005406373,8.59,941.71
账户1,002491,通鼎互联,2026-06-05,2026-06-08,3.0,其他,-7.491613865076396,17.67543859649121,True,False,-0.9181636726546927,14.091816367265464,-10.738522954091822,-9.911361804995977,7.4939564867042785,1.1281224818694646,2.12,748.16
账户1,002565,顺灏股份,2026-03-19,2026-03-24,5.0,其他,5.860579888957429,13.594954449894892,False,False,1.298701298701288,3.1877213695395534,-11.097992916174737,-0.9324009324009341,1.1072261072261114,-10.023310023310028,-2.69,-760.65
账户1,002565,顺灏股份,2026-03-20,2026-03-24,4.0,其他,-10.023310023310028,20.67510548523206,False,False,-5.9683313032886876,6.272838002436032,-8.282582216808777,-1.1010362694300557,9.974093264248719,9.974093264248719,0.4,94.04
账户1,002575,群兴玩具,2026-05-13,2026-05-14,1.0,半路(主升途中未追涨),4.802259887005644,14.7487844408428,True,False,0.4059539918809252,10.419485791610295,-5.683355886332886,9.973045822102433,9.973045822102433,1.21293800539084,3.65,2841.5
账户1,002611,东方精工,2026-01-30,2026-02-05,6.0,低吸-弱势(下降通道抄底),-0.22271714922048602,-8.646998982706,False,True,0.05583472920156485,1.6192071468453362,-1.3958682300390879,1.5624999999999778,1.5624999999999778,-1.3950892857142905,-1.01,-585.34
账户1,002611,东方精工,2026-02-13,2026-02-27,14.0,低吸-弱势(下降通道抄底),-0.33277870216307237,0.6138392857142794,False,True,-0.8825151682294585,0.661886376172105,-1.765030336458906,1.3355592654424209,1.5581524763494725,0.33388981636062187,-0.39,-138.31
账户1,002611,东方精工,2026-05-19,2026-05-20,1.0,半路(主升途中未追涨),5.005159958720351,12.674418604651173,True,False,2.158634538152615,4.267068273092356,-5.371485943775101,-0.9336609336609403,-0.9336609336609403,-7.272727272727275,-4.92,-108.99
账户1,002640,跨境通,2026-05-11,2026-05-12,1.0,打板/追涨,9.927360774818418,21.47058823529411,True,False,4.367816091954024,5.977011494252893,-6.206896551724128,1.3215859030836885,1.541850220264318,-4.625550660792954,4.6,2411.55
账户1,002640,跨境通,2026-05-11,2026-05-12,1.0,打板/追涨,9.927360774818418,21.47058823529411,True,False,4.367816091954024,5.977011494252893,-6.206896551724128,1.3215859030836885,1.541850220264318,-4.625550660792954,0.23,57.67
账户1,002771,真视通,2026-03-05,2026-03-06,1.0,其他,1.4935064935065023,-3.9301310043668214,True,False,-1.3880126182965191,3.343848580441633,-2.208201892744477,-0.8317338451695466,3.3269353806781643,3.1349968010236706,0.63,185.02
账户1,002792,通宇通讯,2026-02-03,2026-02-09,6.0,打板/追涨,9.997917100604049,4.052882531426083,False,False,3.7117046347211247,8.091123330714844,-5.518460329929309,2.0640030297292,4.222685097519396,0.0,-0.59,-181.14
账户1,002831,裕同科技,2026-04-03,2026-04-08,5.0,打板/追涨,10.006234413965087,-6.960556844547561,False,False,0.8429775682240459,6.8724103443349005,-6.929561365909409,-0.19835647492207897,1.5585151601020142,-0.14168319637289928,4.5,2295.97
账户1,002897,意华股份,2026-05-19,2026-05-20,1.0,其他,8.392330383480818,18.05676475709559,True,False,2.78321678321678,4.167832167832164,-8.783216783216785,-0.7484011430126558,-0.5851136209007901,-3.605932779970056,1.96,1966.48
账户1,002897,意华股份,2026-05-19,2026-05-20,1.0,其他,8.392330383480818,18.05676475709559,True,False,2.78321678321678,4.167832167832164,-8.783216783216785,-0.7484011430126558,-0.5851136209007901,-3.605932779970056,-0.62,-791.1
账户1,002931,锋龙股份,2026-03-16,2026-03-17,1.0,低吸-弱势(下降通道抄底),-10.002451581269911,-1.36621932051747,False,True,-0.9844908968307586,11.935266351989204,-4.383007417397167,-0.42222827567420795,1.0623808226641218,-3.0645600653772864,-1.4,-117.8
账户1,002971,和远气体,2026-01-08,2026-01-09,1.0,打板/追涨,10.009813542688928,0.13101867016049873,False,False,2.517985611510798,2.517985611510798,-5.224972564321428,-4.846862920011896,-3.5385072851620736,-4.162949747249501,-3.77,-1660.38
账户1,003035,南网能源,2026-05-28,2026-06-01,4.0,低吸-弱势(下降通道抄底),4.7550432276656895,-10.103626943005173,False,False,-0.5471956224350261,4.514363885088923,-6.0191518467852205,-0.9628610729023324,5.0894085281980805,2.8885832187070193,-1.78,-1249.79
账户1,003035,南网能源,2026-05-28,2026-06-01,4.0,低吸-弱势(下降通道抄底),4.7550432276656895,-10.103626943005173,False,False,-0.5471956224350261,4.514363885088923,-6.0191518467852205,-0.9628610729023324,5.0894085281980805,2.8885832187070193,-1.5,-1069.95
账户1,300003,乐普医疗,2026-01-06,2026-01-07,1.0,半路(主升途中未追涨),2.8465998945703896,19.383259911894267,True,False,-2.401200600300135,3.3016508254127164,-7.5037518759379696,0.2050230650948226,1.742696053305992,-5.023065094823165,-5.15,-2212.69
账户1,300014,亿纬锂能,2026-04-09,2026-04-14,5.0,低吸-弱势(下降通道抄底),1.3385214007782142,-8.696887878357263,False,False,-0.595419847328249,10.687022900763354,-2.2748091603053355,1.3669175241898257,8.66226386115805,6.097373675318685,7.51,2417.65
账户1,300136,信维通信,2026-06-11,2026-06-15,4.0,低吸-弱势(下降通道抄底),2.998236331569659,-15.209359605911333,False,False,-0.7199999999999984,5.000000000000004,-9.999999999999998,3.6160354552779994,5.761482675261886,-2.4375503626107964,-4.08,-6297.44
账户1,300164,通源石油,2026-03-03,2026-03-04,1.0,打板/追涨,20.02212389380531,48.68421052631577,True,False,0.04610419548178868,18.948824343015215,-18.07284462886123,1.382488479262678,18.89400921658988,13.179723502304142,6.27,6261.27
账户1,300185,通裕重工,2026-06-10,2026-06-11,1.0,其他,6.31970260223047,-4.270462633451966,False,False,0.0,2.0979020979021046,-8.391608391608385,-1.748251748251739,0.0,-3.8461538461538436,-3.85,-4706.96
账户1,300209,行云科技,2026-06-04,2026-06-05,1.0,其他,-2.041587901701325,-4.581529581529575,True,False,-4.391143911439121,2.435424354243554,-9.188191881918828,-1.3508297954457849,2.006947124662295,-1.5438054805094525,-4.5,-2001.98
账户1,300209,行云科技,2026-06-04,2026-06-05,1.0,其他,-2.041587901701325,-4.581529581529575,True,False,-2.300150829562597,4.675716440422328,-7.202111613876316,-1.3508297954457849,2.006947124662295,-1.5438054805094525,-2.41,-269.66
账户1,300274,阳光电源,2026-03-17,2026-03-18,1.0,其他,-3.7687861271676337,14.957804505282745,True,False,-4.563173584040358,1.542077505159356,-7.509745471222196,0.5105718404613269,0.9070158577606957,0.06607400288323184,-7.3,-5177.3
账户1,300274,阳光电源,2026-03-18,2026-03-19,1.0,半路(主升途中未追涨),0.06607400288323184,11.949431779974429,True,False,1.8774461839530243,4.195205479452047,-1.3331702544031376,-1.7708145747043713,2.2750465213998483,-0.894411429257469,0.07,-24.28
账户1,300395,菲利华,2026-05-12,2026-05-13,1.0,其他,12.712057816660337,19.293946819130593,True,False,8.76603117039474,10.483853206968185,-3.992835067061129,-3.367980561555084,1.2351511879049815,0.49946004319654236,7.54,5047.41
账户1,300395,菲利华,2026-05-12,2026-05-14,2.0,其他,12.712057816660337,19.293946819130593,True,False,8.76603117039474,10.483853206968185,-3.992835067061129,-3.367980561555084,1.2351511879049815,0.49946004319654236,5.38,4294.42
账户1,300395,菲利华,2026-05-15,2026-05-19,4.0,其他,-4.760888129803586,31.216733588570378,True,False,-3.021739130434775,4.021739130434798,-7.427536231884058,1.1955465889561312,4.221773892251357,2.742284988418131,-5.83,-1642.11
账户1,300395,菲利华,2026-05-15,2026-05-19,4.0,其他,-4.760888129803586,31.216733588570378,True,False,-1.450662739322528,5.706921944035348,-5.927835051546404,1.1955465889561312,4.221773892251357,2.742284988418131,-4.31,-2403.9
账户1,300395,菲利华,2026-05-15,2026-05-19,4.0,其他,-4.760888129803586,31.216733588570378,True,False,-0.30542312276519157,6.935339690107267,-4.834624553039335,1.1955465889561312,4.221773892251357,2.742284988418131,-3.19,-1334.75
账户1,300395,菲利华,2026-05-15,2026-05-19,4.0,其他,-4.760888129803586,31.216733588570378,True,False,-0.4537340077357843,6.7762570663493005,-4.976197560249929,1.1955465889561312,4.221773892251357,2.742284988418131,-3.34,-1394.78
账户1,300397,天和防务,2026-05-20,2026-05-21,1.0,半路(主升途中未追涨),2.997858672376874,8.520526723470168,True,False,-2.585566731924671,1.1273881050428702,-6.09599675960305,-0.4158004158004158,2.7027027027026973,-2.979902979902982,-2.9,-1612.16
账户1,300397,天和防务,2026-05-20,2026-05-21,1.0,半路(主升途中未追涨),2.997858672376874,8.520526723470168,True,False,-1.568894952251021,2.1828103683492417,-5.115961800818559,-0.4158004158004158,2.7027027027026973,-2.979902979902982,-1.89,-1090.65
账户1,300409,道氏技术,2026-01-07,2026-01-08,1.0,其他,0.776447751536713,42.1803127874885,True,False,-2.6562500000000044,4.968750000000011,-5.687500000000001,1.1235955056179803,4.269662921348316,-1.252006420545737,-3.63,-1557.81
账户1,300433,蓝思科技,2026-05-15,2026-05-19,4.0,半路(主升途中未追涨),5.880532342927891,26.112412177985945,True,False,-1.1271676300578015,17.052023121387272,-4.161849710982668,3.3323589593686087,18.38643671441098,13.12481730488162,9.83,5367.3
账户1,300433,蓝思科技,2026-05-21,2026-05-22,1.0,半路(主升途中未追涨),0.5508124483613264,31.462708182476472,True,False,-2.9505582137161035,2.472089314194581,-6.273258904837853,-1.7803341550260199,5.58751027115858,5.17666392769105,1.52,45.01
账户1,300474,景嘉微,2026-03-04,2026-03-06,2.0,低吸-弱势(下降通道抄底),-6.3979086406164125,1.6219239373602035,False,True,-1.5342307135620237,2.460558691561743,-7.150094080185266,1.6757312950169023,1.8668234602381206,-1.1024547993532252,-2.23,-811.78
账户1,300474,景嘉微,2026-03-04,2026-03-06,2.0,低吸-弱势(下降通道抄底),-6.3979086406164125,1.6219239373602035,False,True,-1.1766414875072684,2.832655432887865,-6.812899477048228,1.6757312950169023,1.8668234602381206,-1.1024547993532252,-1.87,-412.03
账户1,300502,新易盛,2026-02-26,2026-03-02,4.0,其他,1.020942408376957,-4.308617234468937,False,False,0.17392207252808767,0.8696103626404827,-9.991433688965035,-3.861103912930808,-3.410209898937544,-6.747862140450889,-2.06,-839.63
账户1,300502,新易盛,2026-02-27,2026-03-02,3.0,低吸-弱势(下降通道抄底),-6.747862140450889,0.757180156657955,False,True,0.23676220718087393,7.239352664271204,-3.41773209659898,-3.3679764352803843,6.986050130606336,5.874506752626019,5.09,1783.33
账户1,300502,新易盛,2026-02-27,2026-03-02,3.0,低吸-弱势(下降通道抄底),-6.747862140450889,0.757180156657955,False,True,0.23676220718087393,7.239352664271204,-3.41773209659898,-3.3679764352803843,6.986050130606336,5.874506752626019,6.91,2432.77
账户1,300768,迪普科技,2026-07-06,2026-07-07,1.0,其他,6.326530612244907,0.0,False,False,3.715992037159932,9.157266091572659,-4.777704047777043,-1.0236724248240625,3.00703774792066,-2.943058221369166,2.46,1510.03
账户1,300768,迪普科技,2026-07-06,2026-07-07,1.0,其他,6.326530612244907,0.0,False,False,3.715992037159932,9.157266091572659,-4.777704047777043,-1.0236724248240625,3.00703774792066,-2.943058221369166,2.2,1311.25
账户1,300851,交大思诺,2026-05-26,2026-05-28,2.0,其他,6.790123456790131,12.227225493591964,True,False,-1.0014306151645225,11.187410586552215,-15.250357653791136,-5.838150289017352,-0.49132947976878727,-7.8034682080924895,-13.05,-925.17
账户1,301069,凯盛新材,2026-06-09,2026-06-10,1.0,低吸-弱势(下降通道抄底),9.475292919001532,-10.813266696955937,False,False,5.544914296940218,7.951475860714119,-6.094985511517114,-0.9306654257794311,1.5821312238250451,-2.280130293159599,4.17,4610.33
账户1,301202,朗威股份,2026-06-01,2026-06-02,1.0,低吸-弱势(下降通道抄底),0.8697876694806705,-9.156402509876827,False,True,-2.2073412698412676,0.44642857142858094,-6.200396825396826,0.0,1.1412629977174849,-1.166624397666749,-4.02,-834.07
账户1,301277,新天地,2026-01-26,2026-01-30,4.0,其他,1.3942680092951187,3.7781350482315235,True,False,0.38343558282210033,1.0736196319018454,-4.601226993865026,-0.4583651642475206,-0.07639419404125158,-1.7570664629488197,-2.76,-601.13
账户1,301277,新天地,2026-01-26,2026-02-03,8.0,其他,1.3942680092951187,3.7781350482315235,True,False,0.38343558282210033,1.0736196319018454,-4.601226993865026,-0.4583651642475206,-0.07639419404125158,-1.7570664629488197,-2.68,-256.0
账户1,301277,新天地,2026-01-28,2026-02-03,6.0,其他,-2.4105754276827263,0.31201248049921304,True,False,-1.0252365930599305,1.1829652996845352,-1.8927444794952675,0.8764940239043728,0.8764940239043728,-0.23904382470120167,0.08,-16.74
账户1,301277,新天地,2026-01-28,2026-02-27,30.0,其他,-2.4105754276827263,0.31201248049921304,True,False,-1.0252365930599305,1.6561514195583715,-1.8927444794952675,0.8764940239043728,0.8764940239043728,-0.23904382470120167,0.79,320.48
账户1,301293,三博脑科,2026-01-07,2026-01-08,1.0,其他,10.454438427125034,52.659956865564325,True,False,3.6799646369764627,13.824732014587248,-4.188308100342574,0.0,9.784694095075675,5.393306331272663,8.59,3060.86
账户1,301302,华如科技,2026-03-05,2026-03-06,1.0,其他,-9.946380697050927,51.7493897477624,True,False,-2.1270396270396175,8.68298368298368,-9.819347319347326,-5.1503423637987655,3.57249181303958,-1.7564751414111401,-1.28,-529.95
账户1,301308,江波龙,2026-03-17,2026-03-23,6.0,其他,-4.296424452133807,31.913275009509334,True,False,-1.5717674970344042,9.309015421115063,-9.549228944246735,3.0430852666465835,9.97288339861404,8.255498644169945,-5.58,-1919.8
账户1,600010,包钢股份,2026-04-03,2026-04-07,4.0,其他,1.526717557251911,3.149606299212593,False,False,-1.1152416356877248,4.089219330855021,-3.3457249070631967,0.0,5.263157894736836,4.8872180451127845,3.35,1100.06
账户1,600026,中远海能,2026-03-18,2026-03-23,5.0,其他,7.149009474590873,-2.395964691046659,True,False,1.8837018837018826,4.58640458640458,-7.166257166257162,0.3617363344051494,1.6077170418006492,-4.622186495176839,-1.23,-197.85
账户1,600026,中远海能,2026-03-19,2026-03-23,4.0,其他,-4.622186495176839,-0.4003202562049668,True,False,-1.0095110962789922,5.456365760053394,-4.5553145336225676,0.6321112515802696,3.9190897597977337,-1.1378002528445008,0.62,82.9
账户1,600026,中远海能,2026-03-19,2026-03-24,5.0,其他,-4.622186495176839,-0.4003202562049668,True,False,-1.0095110962789922,7.917570498915394,-4.5553145336225676,0.6321112515802696,3.9190897597977337,-1.1378002528445008,1.79,517.64
账户1,600026,中远海能,2026-03-26,2026-03-31,5.0,其他,-5.645479668377417,12.728081886960396,True,False,-2.3293829178586023,3.514507560277891,-11.483449121373102,-1.7154811715481166,1.6317991631799256,-0.878661087866095,-10.38,-265.14
账户1,600056,中国医药,2026-04-03,2026-04-14,11.0,打板/追涨,9.962049335863377,3.131115459882561,False,False,0.0,0.0,-11.044003451251072,-1.035375323554777,-1.035375323554777,-2.674719585849872,-8.54,-7625.69
账户1,600096,云天化,2026-03-13,2026-03-16,3.0,其他,2.0828402366863896,-4.778003155285093,True,False,-1.7763607378729063,2.7100888180369154,-7.765884764290587,1.0433572919081646,2.898214699744961,-5.657315093902171,-5.85,-265.61
账户1,600096,云天化,2026-03-13,2026-03-16,3.0,其他,2.0828402366863896,-4.778003155285093,True,False,-1.5521570417712849,2.9445332115955347,-7.555352659210235,1.0433572919081646,2.898214699744961,-5.657315093902171,-5.64,-2773.85
账户1,600096,云天化,2026-03-13,2026-03-16,3.0,其他,2.0828402366863896,-4.778003155285093,True,False,-1.5521570417712849,2.9445332115955347,-7.555352659210235,1.0433572919081646,2.898214699744961,-5.657315093902171,-6.96,-2170.83
账户1,600096,云天化,2026-03-13,2026-03-16,3.0,其他,2.0828402366863896,-4.778003155285093,True,False,-1.0325837540155924,3.4878384580082633,-7.0674621385956815,1.0433572919081646,2.898214699744961,-5.657315093902171,-6.47,-1722.65
账户1,600096,云天化,2026-03-13,2026-03-17,4.0,其他,2.0828402366863896,-4.778003155285093,True,False,-1.0325837540155924,3.4878384580082633,-10.119320789352903,1.0433572919081646,2.898214699744961,-5.657315093902171,-7.53,-4329.9
账户1,600096,云天化,2026-03-16,2026-03-17,1.0,其他,-5.657315093902171,-1.95498977040236,True,False,-0.04912797838370064,9.014984033407035,-3.7828543355440947,-0.9584664536741228,1.8923568444335404,-3.7355615630375927,-1.01,-275.79
账户1,600118,中国卫星,2026-01-08,2026-01-09,1.0,其他,1.765938341813822,66.74430211279324,True,False,-2.476336169805915,4.216464289128985,-6.82665646811359,1.7450980392156978,6.8627450980392135,3.9705882352941257,-0.65,-242.35
账户1,600151,航天机电,2026-04-21,2026-04-28,7.0,半路(主升途中未追涨),0.867244829886582,19.252187748607795,True,False,-0.3295978905735075,2.9004614370468085,-10.613052076466712,-1.7195767195767209,2.3809523809523947,-0.4629629629629539,-8.44,-7785.17
账户1,600227,赤天化,2026-03-03,2026-03-04,1.0,半路(主升途中未追涨),4.731861198738163,22.393822393822393,True,False,-4.871060171919783,0.0,-14.326647564469909,-5.421686746987941,1.8072289156626509,-3.6144578313252906,-8.88,-2731.98
账户1,600256,广汇能源,2026-03-03,2026-03-04,1.0,打板/追涨,10.046367851622872,18.065693430656914,True,False,3.488372093023262,5.3779069767441845,-6.83139534883721,-0.2808988764045006,1.8258426966292207,-3.370786516853941,3.05,886.03
账户1,600276,恒瑞医药,2026-01-28,2026-02-02,5.0,低吸-弱势(下降通道抄底),-1.1363636363636465,-10.077031913221191,False,True,-0.017680339462522454,5.710749646393198,-0.8486562942008558,-0.35366931918655586,3.218390804597693,2.758620689655178,-0.07,-98.49
账户1,600343,航天动力,2026-04-14,2026-04-15,1.0,其他,6.790317510216903,-2.3634131368937994,True,False,0.058910162002923094,5.567010309278353,-7.62886597938145,0.0,5.504857226964988,2.8260229614365695,2.7,83.46
账户1,600343,航天动力,2026-04-14,2026-04-15,1.0,其他,6.790317510216903,-2.3634131368937994,True,False,0.11788977306217419,5.629236663719439,-7.5744179192455015,0.0,5.504857226964988,2.8260229614365695,2.76,2052.79
账户1,600376,首开股份,2026-03-24,2026-03-25,1.0,其他,-1.873935264054516,6.148282097649194,False,False,1.2302284710017375,8.787346221441128,-2.811950790861162,-2.777777777777779,0.868055555555558,-1.736111111111105,-1.41,-417.22
账户1,600391,航发科技,2025-09-02,2025-10-13,41.0,低吸-弱势(下降通道抄底),-2.9750479846449185,2.592714145060726,False,True,-0.5573770491803298,2.688524590163932,-17.7704918032787,0.06594131223212063,0.2307945928123889,-9.957138147049127,-3.34,-318.74
账户1,600391,航发科技,2025-09-03,2025-10-13,40.0,低吸-弱势(下降通道抄底),-9.957138147049127,-4.079696394686916,False,True,-0.907111756168355,10.304789550072568,-8.998548621190128,-1.5745148297326983,-0.1464664957890882,-4.503844745514463,6.97,752.7
账户1,600488,津药药业,2026-04-16,2026-04-17,1.0,其他,-8.040935672514616,18.75,True,False,-0.31695721077653616,6.022187004754365,-6.022187004754354,-2.861685214626386,-1.112877583465821,-3.656597774244841,-5.55,-4754.04
账户1,600580,卧龙电驱,2025-09-01,2025-09-03,2.0,其他,2.1921921921921994,1.5243902439024293,True,False,3.1212121212121247,14.545454545454529,-5.454545454545457,0.2938583602703604,7.846018219218331,1.2048192771084265,13.64,2227.75
账户1,600580,卧龙电驱,2025-09-01,2025-09-03,2.0,其他,2.1921921921921994,1.5243902439024293,True,False,3.1212121212121247,14.545454545454529,-5.454545454545457,0.2938583602703604,7.846018219218331,1.2048192771084265,14.09,460.54
账户1,600580,卧龙电驱,2025-09-02,2025-09-03,1.0,其他,1.2048192771084265,0.08823529411765563,True,False,5.9040590405903925,16.236162361623595,-4.059040590405916,1.6260162601626105,9.756097560975618,8.246225319396071,15.77,2034.24
账户1,600580,卧龙电驱,2025-09-02,2025-10-27,55.0,其他,1.2048192771084265,0.08823529411765563,True,False,5.9040590405903925,74.87699876998768,-4.059040590405916,1.6260162601626105,9.756097560975618,8.246225319396071,51.29,3325.13
账户1,600580,卧龙电驱,2025-09-02,2025-10-27,55.0,其他,1.2048192771084265,0.08823529411765563,True,False,7.624999999999993,77.71874999999999,-2.500000000000002,1.6260162601626105,9.756097560975618,8.246225319396071,53.75,5142.15
账户1,600580,卧龙电驱,2025-10-14,2025-10-27,13.0,低吸-强势(均线多头回踩),-5.840517241379317,-10.424710424710426,True,False,-1.7097862767154193,11.99100112485938,-3.1721034870641263,-0.0915541313801782,9.452964065003444,8.262760357061104,10.69,1407.13
账户1,600580,卧龙电驱,2025-10-23,2025-10-27,4.0,其他,-3.6101836393990117,-4.69371519490851,False,False,1.2716509537382015,9.142731857048902,-0.043850032887515766,-0.08659883091578502,2.597964927473484,1.645377787399882,7.87,1765.43
账户1,600580,卧龙电驱,2025-10-23,2025-10-27,4.0,其他,-3.6101836393990117,-4.69371519490851,False,False,0.6318082788671076,8.453159041394343,-0.6753812636165479,-0.08659883091578502,2.597964927473484,1.645377787399882,7.19,646.41
账户1,600580,卧龙电驱,2025-10-24,2025-10-27,3.0,其他,1.645377787399882,-3.4691745036572685,False,False,1.6673884798614091,7.795582503248166,-0.4330879168471302,1.9808306709265144,6.027689030883909,5.005324813631518,6.54,1184.28
账户1,600580,卧龙电驱,2026-01-19,2026-01-22,3.0,其他,2.259767687434011,-1.9262634631317277,True,False,0.8750000000000036,2.45833333333334,-3.1041666666666745,0.536968194960763,1.5695993391160679,-2.395704254440323,-2.02,-4523.64
账户1,600580,卧龙电驱,2026-01-22,2026-01-28,6.0,其他,-1.3462347496844829,0.8271474019088121,True,False,-0.6145369781733412,2.6700572155117674,-7.946598855689768,-0.02132196162046851,2.2601279317697287,0.2132196162046851,-6.34,-4263.51
账户1,600580,卧龙电驱,2026-03-23,2026-03-26,3.0,低吸-弱势(下降通道抄底),8.169761273209541,-8.495145631067958,False,False,-1.6638533879913098,0.0,-10.778876296117668,-0.07356547327120877,0.1716527709661575,-5.836194212849444,-5.98,-2275.92
账户1,600722,金牛化工,2026-03-04,2026-03-05,1.0,半路(主升途中未追涨),5.550660792951545,20.744680851063823,True,False,3.2758620689655293,13.534482758620703,-4.31034482758621,-7.345575959933226,9.933222036727884,2.6711185308848195,1.38,378.6
账户1,600722,金牛化工,2026-03-24,2026-03-25,1.0,其他,-2.20453153704836,28.27965435978004,True,False,-4.026442307692301,3.3653846153846034,-9.915865384615385,-5.447714464621168,7.701941139636803,5.823418910457101,-3.79,-1169.82
账户1,600743,华远控股,2026-06-04,2026-06-05,1.0,其他,0.0,5.327868852459017,False,False,1.1811023622047223,11.41732283464567,-5.118110236220463,-6.225680933852129,0.7782101167315147,-3.112840466926059,-3.15,-2491.53
账户1,600759,洲际油气,2026-03-25,2026-03-31,6.0,低吸-弱势(下降通道抄底),-5.434782608695665,-14.814814814814802,False,False,0.164473684210531,6.414473684210531,-6.41447368421052,-0.49261083743842304,4.761904761904767,1.6420361247947435,-3.29,-1969.29
账户1,600821,金开新能,2026-03-18,2026-03-20,2.0,其他,7.731958762886593,23.25285895806861,True,False,-2.0618556701030966,14.33926897844422,-8.247422680412376,-3.8277511961722355,10.047846889952151,6.315789473684208,10.5,3096.59
账户1,600857,宁波中百,2026-05-14,2026-05-15,1.0,打板/追涨,9.99291282778172,13.974151857835215,True,False,5.599782268490161,5.803905558957623,-8.348642580118382,0.19329896907216426,0.19329896907216426,-9.987113402061853,-4.27,-2384.67
账户1,600863,华能蒙电,2026-04-13,2026-04-14,1.0,低吸-弱势(下降通道抄底),-4.0000000000000036,-6.191369606003749,False,True,0.0,2.5000000000000133,-3.541666666666665,0.4166666666666874,2.083333333333348,-2.708333333333335,-1.87,-28.49
账户1,600865,百大集团,2026-01-08,2026-01-13,5.0,低吸-强势(均线多头回踩),3.4316676700782756,-9.580838323353301,True,False,-1.2643678160919491,8.218390804597696,-8.908045977011492,-2.5611175785797524,2.2700814901047695,-0.34924330616995514,-3.25,-3573.88
账户1,600936,北投科技,2026-05-22,2026-05-25,3.0,半路(主升途中未追涨),-0.17271157167529916,11.992263056092845,True,False,1.403508771929829,9.64912280701753,-3.157894736842115,0.0,8.131487889273359,5.882352941176472,5.79,22.68
账户1,600936,北投科技,2026-06-02,2026-06-04,2.0,打板/追涨,10.03717472118959,-7.8767123287671215,True,False,1.5437392795883298,14.23670668953687,-10.806174957118353,3.040540540540526,9.966216216216207,9.966216216216207,5.49,529.87
账户1,600936,北投科技,2026-06-03,2026-06-04,1.0,打板/追涨,9.966216216216207,12.547528517110273,True,False,5.000000000000004,7.41935483870968,-3.2258064516129115,-2.1505376344086002,2.304147465437789,-5.222734254992323,-0.81,-310.88
账户1,600936,北投科技,2026-06-03,2026-06-04,1.0,打板/追涨,9.966216216216207,12.547528517110273,True,False,7.072368421052633,9.539473684210531,-1.3157894736842146,-2.1505376344086002,2.304147465437789,-5.222734254992323,1.15,331.1
账户1,600936,北投科技,2026-06-04,2026-06-05,1.0,其他,-5.222734254992323,12.435233160621761,True,False,-7.078313253012047,0.3012048192771122,-14.156626506024095,-0.32414910858994395,0.9724473257698651,-3.0794165316045286,-10.69,-4664.01
账户1,600936,北投科技,2026-06-08,2026-06-09,1.0,其他,-6.688963210702347,-2.287581699346397,True,False,-3.9586919104991347,1.0327022375215211,-6.884681583476759,2.1505376344086002,4.121863799283143,-1.2544802867383575,-6.2,-3338.11
账户1,600936,北投科技,2026-06-08,2026-06-09,1.0,其他,-6.688963210702347,-2.287581699346397,True,False,-3.2928942807625594,1.7331022530329365,-6.239168110918536,2.1505376344086002,4.121863799283143,-1.2544802867383575,-5.55,-1470.65
账户1,600936,北投科技,2026-06-08,2026-06-09,1.0,其他,-6.688963210702347,-2.287581699346397,True,False,-0.35714285714284477,4.8214285714285765,-3.392857142857131,2.1505376344086002,4.121863799283143,-1.2544802867383575,-2.68,-1159.93
账户1,600989,宝丰能源,2026-03-10,2026-03-12,2.0,其他,-5.515665796344649,29.010526315789487,True,False,-0.6520247083047437,18.737131091283455,-5.353466026081,-2.072538860103623,10.017271157167528,10.017271157167528,14.89,422.27
账户1,600989,宝丰能源,2026-03-10,2026-03-12,2.0,其他,-5.515665796344649,29.010526315789487,True,False,-0.8901061280383482,18.452584731256415,-5.580280725778852,-2.072538860103623,10.017271157167528,10.017271157167528,15.27,4862.27
账户1,600995,南网储能,2026-06-01,2026-06-03,2.0,其他,4.609475032010257,5.683355886332886,False,False,2.5737602008788496,3.264281230382915,-6.591337099811668,-2.692778457772338,-2.386780905752761,-4.651162790697672,-2.2,-812.38
账户1,601099,太平洋,2025-09-03,2025-10-17,44.0,其他,-8.033826638477814,9.237875288683606,True,False,-1.8058690744921058,17.83295711060948,-2.2573363431151128,0.9195402298850519,10.114942528735638,10.114942528735638,-0.23,-9.15
账户1,601099,太平洋,2025-09-03,2025-10-21,48.0,其他,-8.033826638477814,9.237875288683606,True,False,-1.8058690744921058,17.83295711060948,-2.2573363431151128,0.9195402298850519,10.114942528735638,10.114942528735638,0.9,127.74
账户1,601238,广汽集团,2026-01-06,2026-01-13,7.0,低吸-弱势(下降通道抄底),4.517704517704524,-0.486026731470246,False,True,3.7575757575757596,5.090909090909079,-0.12121212121212199,0.4672897196261516,0.5841121495326895,-1.1682242990654124,3.39,647.1
账户1,601288,农业银行,2026-01-07,2026-01-08,1.0,低吸-弱势(下降通道抄底),-0.9259259259259189,-0.39525691699605625,False,True,-0.26631158455392434,0.3994673768308976,-1.9973368841544548,-0.2670226969292422,-0.1335113484646211,-0.6675567423230944,-1.33,-643.92
账户1,601288,农业银行,2026-01-07,2026-01-08,1.0,低吸-弱势(下降通道抄底),-0.9259259259259189,-0.39525691699605625,False,True,-0.26631158455392434,0.3994673768308976,-1.9973368841544548,-0.2670226969292422,-0.1335113484646211,-0.6675567423230944,-1.2,-575.05
账户1,601288,农业银行,2026-01-07,2026-01-08,1.0,低吸-弱势(下降通道抄底),-0.9259259259259189,-0.39525691699605625,False,True,0.0,0.6675567423231055,-1.735647530040052,-0.2670226969292422,-0.1335113484646211,-0.6675567423230944,-0.93,-158.28
账户1,601288,农业银行,2026-01-07,2026-01-13,6.0,低吸-弱势(下降通道抄底),-0.9259259259259189,-0.39525691699605625,False,True,0.0,2.8037383177569986,-2.1361815754339153,-0.2670226969292422,-0.1335113484646211,-0.6675567423230944,2.27,642.62
账户1,601606,长城军工,2026-01-05,2026-01-06,1.0,其他,2.784704904405655,-1.6554261189454356,True,False,1.0212418300653558,4.289215686274517,-1.2663398692810413,-1.31419328750505,1.2939749292357527,-0.343712090578252,-0.51,-681.85
账户1,601606,长城军工,2026-01-28,2026-01-30,2.0,低吸-弱势(下降通道抄底),-1.9516334323292361,-3.5991820040899736,False,True,-0.021630975556996557,1.7737399956738065,-2.2712524334847495,-0.47598442232799076,-0.12981393336218838,-1.8606663781912558,-1.1,-396.45
账户1,601606,长城军工,2026-01-28,2026-02-03,6.0,低吸-弱势(下降通道抄底),-1.9516334323292361,-3.5991820040899736,False,True,-0.021630975556996557,1.7737399956738065,-5.256327060350419,-0.47598442232799076,-0.12981393336218838,-1.8606663781912558,-4.41,-838.01
账户1,601872,招商轮船,2026-03-09,2026-03-10,1.0,其他,-8.177570093457941,40.44298605414276,True,False,-10.8843537414966,0.0,-12.301587301587302,-1.3994910941475869,9.98727735368956,4.770992366412208,-5.39,-1844.59
账户1,601975,招商南油,2026-03-16,2026-03-17,1.0,打板/追涨,10.068649885583515,-3.3185840707964487,True,False,0.0,6.8607068607068555,-9.979209979209969,-0.20790020790020236,6.8607068607068555,2.494802494802495,2.91,90.0
账户1,601975,招商南油,2026-03-16,2026-03-18,2.0,打板/追涨,10.068649885583515,-3.3185840707964487,True,False,0.0,6.8607068607068555,-9.979209979209969,-0.20790020790020236,6.8607068607068555,2.494802494802495,0.83,163.49
账户1,601991,大唐发电,2026-03-13,2026-03-16,3.0,半路(主升途中未追涨),3.493449781659397,14.786967418546372,True,False,-3.2653061224489854,1.8367346938775508,-12.857142857142867,-2.9535864978903037,-1.898734177215189,-8.64978902953587,-7.76,-2815.53
账户1,603026,石大胜华,2026-03-26,2026-03-30,4.0,打板/追涨,10.005157297576051,8.70357393132446,True,False,0.4946996466431042,13.027090694935195,-9.646643109540653,-1.5236755743084807,9.997655883731827,9.997655883731827,9.75,3267.42
账户1,603083,剑桥科技,2025-10-30,2025-11-13,14.0,其他,-5.111984954693116,11.611487453487257,True,False,-0.9812667261373753,4.264049955396976,-12.658340767172172,-0.9909909909909809,-0.40540540540541237,-7.1711711711711645,-4.4,-1012.68
账户1,603083,剑桥科技,2025-10-30,2025-11-13,14.0,其他,-5.111984954693116,11.611487453487257,True,False,-0.7244432519452615,4.534478132546282,-12.43180395313479,-0.9909909909909809,-0.40540540540541237,-7.1711711711711645,-4.15,-954.66
账户1,603083,剑桥科技,2025-10-31,2025-11-14,14.0,其他,-7.1711711711711645,12.793415303322831,True,False,-2.819956616052055,6.451004432707719,-7.658209940582861,-0.5725931677018625,2.1447981366459645,0.5143633540372505,3.65,1120.93
账户1,603083,剑桥科技,2025-10-31,2025-11-14,14.0,其他,-7.1711711711711645,12.793415303322831,True,False,-1.9600380589914201,7.3929590865842165,-6.8411037107516615,-0.5725931677018625,2.1447981366459645,0.5143633540372505,4.57,933.34
账户1,603083,剑桥科技,2025-10-31,2025-11-18,18.0,其他,-7.1711711711711645,12.793415303322831,True,False,-0.34816247582204474,13.829787234042556,-5.309477756286274,-0.5725931677018625,2.1447981366459645,0.5143633540372505,10.72,2188.68
账户1,603083,剑桥科技,2026-02-02,2026-02-26,24.0,低吸-弱势(下降通道抄底),-5.875626704195613,-2.6793357301831855,False,True,0.0,8.186150827025497,-7.6348004859359,2.3268853378188847,5.429399121577405,5.167741332585751,0.88,323.14
账户1,603158,腾龙股份,2026-06-05,2026-06-08,3.0,半路(主升途中未追涨),3.557814485387545,8.327598072952513,True,False,-2.1314920444311047,2.671870309216451,-7.415190633443414,-3.3742331288343586,-0.24539877300613355,-4.355828220858903,-4.53,-5811.07
账户1,603259,药明康德,2025-10-13,2025-10-21,8.0,低吸-强势(均线多头回踩),-4.765087853323147,-3.705747126436787,True,True,1.1460446247464562,3.884381338742404,-3.8032454361054735,1.3235736488518945,2.1758748621277357,-3.8203148500952633,3.14,595.24
账户1,603259,药明康德,2025-10-13,2025-10-21,8.0,低吸-强势(均线多头回踩),-4.765087853323147,-3.705747126436787,True,True,1.2384529489391838,3.9792914424931602,-3.7153588468175958,1.3235736488518945,2.1758748621277357,-3.8203148500952633,3.24,305.11
账户1,603259,药明康德,2025-10-13,2025-10-21,8.0,低吸-强势(均线多头回踩),-4.765087853323147,-3.705747126436787,True,True,1.6512078279482312,4.403220874528602,-3.3228009377229695,1.3235736488518945,2.1758748621277357,-3.8203148500952633,3.66,693.27
账户1,603259,药明康德,2025-10-30,2025-11-13,14.0,低吸-强势(均线多头回踩),-8.468502451904946,4.927765683752239,True,True,0.041228612657184804,3.5868893011750114,-5.040197897340759,0.3606016896764874,3.5441994642489094,2.410879868122806,-0.57,-133.74
账户1,603259,药明康德,2025-10-30,2025-11-13,14.0,低吸-强势(均线多头回踩),-8.468502451904946,4.927765683752239,True,True,-0.3388438238012048,3.1933463394599126,-5.400965191498108,0.3606016896764874,3.5441994642489094,2.410879868122806,-0.94,-311.64
账户1,603259,药明康德,2025-10-30,2025-11-21,22.0,低吸-强势(均线多头回踩),-8.468502451904946,4.927765683752239,True,True,-0.24665981500513467,3.288797533401855,-6.98869475847893,0.3606016896764874,3.5441994642489094,2.410879868122806,-4.87,-1942.17
账户1,603259,药明康德,2025-10-30,2025-11-21,22.0,低吸-强势(均线多头回踩),-8.468502451904946,4.927765683752239,True,True,-0.04119464469618528,3.501544799176104,-6.797116374871259,0.3606016896764874,3.5441994642489094,2.410879868122806,-4.68,-465.53
账户1,603259,药明康德,2025-10-30,2025-11-26,27.0,低吸-强势(均线多头回踩),-8.468502451904946,4.927765683752239,True,True,-0.04119464469618528,3.501544799176104,-6.797116374871259,0.3606016896764874,3.5441994642489094,2.410879868122806,-0.63,-72.87
账户1,603259,药明康德,2025-11-18,2025-11-26,8.0,低吸-弱势(下降通道抄底),-1.5358361774744145,-0.05329922183135993,False,True,-0.23773503349904246,4.279230602982498,-2.2044521288091756,0.0,2.1447140381282592,0.9532062391681251,4.27,766.59
账户1,603259,药明康德,2025-11-27,2025-12-29,32.0,低吸-弱势(下降通道抄底),-3.23257766582703,-1.2233049968898957,False,True,-0.324324324324321,3.416216216216217,-5.7513513513513415,0.0,0.3145336225596429,-1.0954446854663846,-0.06,-104.13
账户1,603259,药明康德,2025-11-27,2025-12-29,32.0,低吸-弱势(下降通道抄底),-3.23257766582703,-1.2233049968898957,False,True,-0.11916368757447504,3.629075939768156,-5.557361065973343,0.0,0.3145336225596429,-1.0954446854663846,0.14,9.91
账户1,603259,药明康德,2025-11-27,2025-12-29,32.0,低吸-弱势(下降通道抄底),-3.23257766582703,-1.2233049968898957,False,True,0.43572984749455923,4.20479302832244,-5.032679738562084,0.0,0.3145336225596429,-1.0954446854663846,0.7,421.38
账户1,603259,药明康德,2025-12-31,2026-01-05,5.0,低吸-强势(均线多头回踩),-1.3710554951033793,1.4460757257975576,True,True,-0.19819423034572736,5.923805329222653,-0.19819423034572736,0.23168578993821853,6.134157105030891,4.335834068843769,2.26,2130.36
账户1,603278,大业股份,2026-05-14,2026-05-15,1.0,半路(主升途中未追涨),0.8502289077828795,28.379513014273705,True,False,-4.932182490752146,4.562268803945768,-8.75462392108507,-4.0207522697795035,9.987029831387817,9.987029831387817,-1.6,-1454.43
账户1,603283,赛腾股份,2026-05-11,2026-05-12,1.0,半路(主升途中未追涨),5.539305301645325,6.234220236939203,True,False,-1.1472602739726057,0.6506849315068619,-3.9554794520547887,-0.017322016282694808,1.8188117096830103,0.034644032565389615,-1.51,-760.78
账户1,603399,永杉锂业,2026-06-01,2026-06-02,1.0,低吸-弱势(下降通道抄底),5.695142378559459,-8.341862845445236,False,False,0.15873015873015817,1.9047619047619202,-9.84126984126984,-4.226096143687275,-2.535657686212367,-9.984152139461177,-9.84,-6773.83
账户1,603399,永杉锂业,2026-06-01,2026-06-02,1.0,低吸-弱势(下降通道抄底),5.695142378559459,-8.341862845445236,False,False,1.0678056593699914,2.829684997330495,-9.022957821676458,-4.226096143687275,-2.535657686212367,-9.984152139461177,-9.02,-3251.95
账户1,603477,巨星农牧,2026-04-02,2026-04-03,1.0,打板/追涨,10.012919896640838,-18.008474576271183,False,False,0.0,0.29359953024072905,-9.160305343511455,0.0,0.29359953024072905,-2.701115678214916,0.0,-56.45
账户1,603477,巨星农牧,2026-04-02,2026-04-03,1.0,打板/追涨,10.012919896640838,-18.008474576271183,False,False,0.0,0.29359953024072905,-9.160305343511455,0.0,0.29359953024072905,-2.701115678214916,-2.7,-1297.39
账户1,603686,福龙马,2025-11-14,2025-12-24,40.0,其他,-3.498542274052463,10.859728506787313,True,False,-5.103211009174313,4.845183486238525,-31.479357798165143,-2.1752265861027187,4.048338368580051,-5.709969788519642,-28.1,-991.31
账户1,603688,石英股份,2026-04-29,2026-05-07,8.0,半路(主升途中未追涨),1.384083044982698,6.003861003861011,True,False,0.5781391147244852,14.399277326106596,-3.432700993676596,0.0,0.46703790192204053,-0.8801868151607772,14.4,8684.63
账户1,603688,石英股份,2026-04-30,2026-05-07,7.0,半路(主升途中未追涨),-0.8801868151607772,7.057692307692309,True,False,0.40029112081514384,15.211062590975244,-1.2008733624454204,1.486045668720548,6.016672707502724,4.313156940920626,15.21,3314.1
账户1,603688,石英股份,2026-05-08,2026-05-11,3.0,半路(主升途中未追涨),3.442830069488312,21.652257444764665,True,False,-0.6823351023502733,9.0978013646702,-4.776345716451869,3.053435114503822,9.847328244274811,1.6793893129770865,2.82,1777.38
账户1,603688,石英股份,2026-05-11,2026-05-13,2.0,半路(主升途中未追涨),1.6793893129770865,20.537357379462627,True,False,-1.8133569217160583,12.693498452012374,-2.697921273772663,0.07507507507509281,10.000000000000009,10.000000000000009,9.83,653.13
账户1,603688,石英股份,2026-05-21,2026-05-25,4.0,半路(主升途中未追涨),0.9458895534844691,13.53442830069489,True,False,-1.7332430602572835,5.3486797562626975,-4.4008124576845,0.01377979881493907,4.216618437370823,2.7284001653575807,-0.84,-497.12
账户1,603688,石英股份,2026-05-22,2026-05-25,3.0,半路(主升途中未追涨),2.7284001653575807,10.793893129770993,True,False,0.32297133629388686,4.696541515273855,-4.9925985735432725,0.013413816230722908,4.359490274983235,2.079141515761229,-1.45,-702.2
账户1,603688,石英股份,2026-05-22,2026-05-26,4.0,半路(主升途中未追涨),2.7284001653575807,10.793893129770993,True,False,0.32297133629388686,4.696541515273855,-4.9925985735432725,0.013413816230722908,4.359490274983235,2.079141515761229,-0.93,-312.25
账户1,603688,石英股份,2026-05-22,2026-05-26,4.0,半路(主升途中未追涨),2.7284001653575807,10.793893129770993,True,False,1.6775777414075321,6.110201854882713,-3.7097654118930734,0.013413816230722908,4.359490274983235,2.079141515761229,0.41,62.91
账户1,603688,石英股份,2026-05-22,2026-05-27,5.0,半路(主升途中未追涨),2.7284001653575807,10.793893129770993,True,False,1.6775777414075321,6.110201854882713,-7.1194762684124395,0.013413816230722908,4.359490274983235,2.079141515761229,-2.95,-1573.73
账户1,603696,安记食品,2026-01-09,2026-01-14,5.0,低吸-弱势(下降通道抄底),3.626943005181338,-13.83928571428571,False,False,0.5446166736489344,19.39673229995811,-5.488060326770016,-0.5000000000000004,9.999999999999986,9.999999999999986,-0.34,-327.74
账户1,603698,航天工程,2026-06-03,2026-06-04,1.0,低吸-弱势(下降通道抄底),1.529815797689671,-19.96501749125438,False,False,-2.254283137962132,1.9236549443943263,-4.5987376014427594,-1.045510455104559,4.27429274292741,1.6912669126691204,0.21,5.8
账户1,603933,睿能科技,2026-04-17,2026-04-20,3.0,半路(主升途中未追涨),-1.8036072144288595,17.688679245283012,True,False,0.0,2.0408163265306145,-1.7959183673469492,-0.1224489795918382,0.3265306122449019,-0.6122448979591799,-0.97,-857.02
账户1,603986,兆易创新,2026-03-17,2026-03-23,6.0,其他,-3.318526260778687,12.191725603723125,False,False,-3.324841596446537,2.449539486576513,-11.489973218368277,3.074324324324329,5.9729729729729675,5.152027027027017,-9.02,-2796.23
账户1,603993,洛阳钼业,2026-05-26,2026-05-29,3.0,低吸-弱势(下降通道抄底),5.42916235780766,-6.025267249757038,False,False,1.140873015873023,1.4880952380952328,-9.722222222222221,-1.9127023050514946,-1.1280039234919048,-5.247670426679751,-5.06,-523.56
账户1,603993,洛阳钼业,2026-05-26,2026-06-01,6.0,低吸-弱势(下降通道抄底),5.42916235780766,-6.025267249757038,False,False,1.140873015873023,1.4880952380952328,-9.722222222222221,-1.9127023050514946,-1.1280039234919048,-5.247670426679751,-8.09,-3472.02
账户1,603993,洛阳钼业,2026-05-28,2026-06-01,4.0,其他,-2.6915113871635588,-3.6408977556109723,False,False,0.2132196162046851,2.985074626865658,-2.9850746268656803,2.499999999999991,2.765957446808498,-1.5425531914893598,-1.23,-78.86
账户1,603993,洛阳钼业,2026-06-01,2026-06-02,1.0,其他,-0.48622366288492147,1.0922992900054718,True,False,-0.37858301784746695,6.976744186046524,-0.9734991887506705,1.574375678610207,7.383279044516833,7.16612377850161,6.81,114.97
账户2,000012,南  玻Ａ,2026-05-25,2026-05-27,2.0,其他,4.545454545454519,9.452736318407972,False,False,-0.6479481641468721,4.3196544276457916,-7.127429805615549,-4.999999999999993,2.826086956521756,-2.1739130434782483,-4.54,-473.08
账户2,000012,南  玻Ａ,2026-05-25,2026-05-27,2.0,其他,4.545454545454519,9.452736318407972,False,False,-0.6479481641468721,4.3196544276457916,-7.127429805615549,-4.999999999999993,2.826086956521756,-2.1739130434782483,-4.54,-473.08
账户2,000012,南  玻Ａ,2026-05-25,2026-05-28,3.0,其他,4.545454545454519,9.452736318407972,False,False,-0.6479481641468721,4.3196544276457916,-7.127429805615549,-4.999999999999993,2.826086956521756,-2.1739130434782483,-6.48,-4700.22
账户2,000027,深圳能源,2026-03-27,2026-03-31,4.0,半路(主升途中未追涨),2.668360864040653,8.402203856749324,True,False,4.935064935064926,10.129870129870122,-9.870129870129862,-2.970297029702973,-2.3514851485148536,-8.787128712871283,-5.82,-1635.86
账户2,000034,神州数码,2026-05-29,2026-06-01,3.0,低吸-弱势(下降通道抄底),-1.6368481157213566,-35.48624754420432,False,False,-5.451884376143424,3.6223929747530192,-6.29345042078302,2.1284829721362364,7.391640866873073,2.9024767801857587,0.07,-6.84
账户2,000520,凤凰航运,2026-06-01,2026-06-03,2.0,低吸-弱势(下降通道抄底),6.094182825484773,-11.083743842364523,False,False,-0.7772020725388518,4.922279792746109,-6.735751295336778,-0.26109660574412663,1.0443864229765065,-0.7832898172323799,-1.81,-333.53
账户2,000617,中油资本,2026-03-31,2026-04-01,1.0,其他,-0.09794319294810228,3.2355915065722884,True,False,-1.9230769230769384,1.4423076923076872,-6.25,-0.9803921568627416,0.588235294117645,-3.039215686274499,-3.37,-2216.38
账户2,000630,铜陵有色,2026-03-16,2026-03-17,1.0,低吸-弱势(下降通道抄底),-4.316546762589923,-17.458432304038006,False,True,2.4653312788905923,5.701078582434516,-0.46224961479198745,0.4511278195488577,1.9548872180451093,-0.9022556390977488,1.85,445.11
账户2,000678,襄阳轴承,2026-04-01,2026-04-02,1.0,其他,2.610759493670889,3.521703521703512,False,False,0.5426356589147252,3.875968992248069,-2.713178294573637,-2.1588280647648506,1.156515034695449,0.6939090208172738,0.23,83.8
账户2,000720,新能泰山,2026-04-10,2026-04-14,4.0,其他,-9.950248756218915,20.359281437125752,True,False,-0.3669724770642313,10.642201834862398,-8.25688073394496,-4.05156537753223,1.1049723756906271,-1.104972375690605,-4.95,-1261.82
账户2,000720,新能泰山,2026-04-13,2026-04-14,1.0,其他,-1.104972375690605,-1.4519056261342977,True,False,3.0710172744721653,5.374280230326289,-4.0307101727447225,-0.3724394785847407,-0.3724394785847407,-4.096834264432026,-0.58,-114.64
账户2,000725,京东方Ａ,2026-05-27,2026-05-28,1.0,半路(主升途中未追涨),-0.8665511265164572,36.40661938534278,True,False,1.2389380530973382,7.787610619469021,-2.4778761061946986,0.0,1.0489510489510634,-0.6993006993006978,0.53,85.06
账户2,000737,北方铜业,2026-02-05,2026-02-09,4.0,其他,-7.251264755480602,10.97941359950092,True,False,-2.5974025974026094,3.6009445100354087,-7.910271546635195,-3.5757575757575766,0.24242424242424399,-1.8181818181818188,-2.42,-595.57
账户2,000792,盐湖股份,2026-02-26,2026-03-04,6.0,其他,7.762430939226506,9.134760325595416,True,False,0.015383037637173302,1.7587939698492372,-9.752845861962866,-2.665983081261214,-0.12817226352216382,-2.0763906690592027,-5.93,-3512.14
账户2,000798,中水渔业,2026-03-16,2026-03-17,1.0,低吸-弱势(下降通道抄底),7.26933830382106,-7.817869415807566,False,False,-2.457627118644079,0.0,-8.389830508474583,-1.737619461337958,-0.26064291920069316,-5.821025195482187,-4.39,-481.26
账户2,000859,国风新材,2026-06-11,2026-06-15,4.0,半路(主升途中未追涨),1.2313104661389573,6.162464985994376,True,False,4.446460980036293,7.078039927404722,-2.8130671506351956,0.3475238922675983,2.519548218940071,-6.516072980017373,0.82,219.43
账户2,000859,国风新材,2026-06-11,2026-06-15,4.0,半路(主升途中未追涨),1.2313104661389573,6.162464985994376,True,False,4.446460980036293,7.078039927404722,-2.8130671506351956,0.3475238922675983,2.519548218940071,-6.516072980017373,1.18,327.37
账户2,000889,中嘉博创,2026-04-16,2026-04-22,6.0,半路(主升途中未追涨),5.485232067510548,39.41176470588237,True,False,9.409190371991238,19.256017505470457,-4.157549234135671,-3.0000000000000027,8.800000000000008,5.800000000000005,0.66,279.29
账户2,000889,中嘉博创,2026-04-20,2026-04-22,2.0,其他,-2.835538752362954,65.3125,True,False,0.5870841487279677,6.653620352250478,-13.502935420743645,-7.392996108949412,-2.7237354085603016,-9.338521400778198,-9.98,-3287.25
账户2,000889,中嘉博创,2026-04-20,2026-04-22,2.0,其他,-2.835538752362954,65.3125,True,False,0.5870841487279677,6.653620352250478,-13.502935420743645,-7.392996108949412,-2.7237354085603016,-9.338521400778198,-9.98,-979.42
账户2,000889,中嘉博创,2026-04-22,2026-04-27,5.0,半路(主升途中未追涨),-0.8583690987124526,29.805013927576617,True,False,0.2169197396963085,5.206073752711471,-7.80911062906725,-0.8658008658008698,3.6796536796536827,-5.844155844155852,-1.52,-17.23
账户2,000890,法尔胜,2026-04-03,2026-04-07,4.0,半路(主升途中未追涨),0.6918238993710801,21.096725057121102,True,False,1.7800381436745116,11.951684678957397,-1.0807374443738027,9.993753903810099,9.993753903810099,9.993753903810099,11.95,1115.41
账户2,000890,法尔胜,2026-04-03,2026-04-07,4.0,半路(主升途中未追涨),0.6918238993710801,21.096725057121102,True,False,0.0,9.993753903810099,-2.810743285446604,9.993753903810099,9.993753903810099,9.993753903810099,9.99,1106.14
账户2,000890,法尔胜,2026-04-10,2026-04-14,4.0,其他,-10.00633312222925,28.89795918367346,True,False,-0.3506311360448766,9.396914446002814,-15.848527349228615,-7.811400422237869,-5.348346235045753,-7.459535538353279,-11.36,-172.63
账户2,000962,东方钽业,2026-04-10,2026-04-14,4.0,其他,-0.9927200529450619,-0.6356861025865856,False,False,-1.9445051343674913,0.6336027965916591,-5.986454009176323,-0.891265597147961,0.2673796791443861,-2.540106951871657,-2.03,-390.97
账户2,000990,诚志股份,2026-04-29,2026-04-30,1.0,半路(主升途中未追涨),-1.7463933181473101,24.245283018867923,True,False,1.0937499999999822,4.843749999999991,-2.6562499999999933,0.23183925811438577,1.004636785162294,-2.6275115919629055,-1.75,-933.34
账户2,001208,华菱线缆,2026-01-07,2026-01-09,2.0,其他,6.691449814126393,15.121255349500707,True,False,-0.6920415224913601,20.146097654748175,-11.764705882352944,-1.6260162601625994,9.988385598141702,9.988385598141702,12.38,5437.9
账户2,001208,华菱线缆,2026-01-21,2026-01-22,1.0,低吸-强势(均线多头回踩),-6.055578598092081,-6.658923732094458,True,False,-0.9186351706036766,4.286964129483817,-2.4496937882764636,1.103752759381904,4.1059602649006655,3.355408388520975,-0.52,-154.51
账户2,001309,德明利,2026-03-04,2026-03-05,1.0,打板/追涨,10.000000000000009,-3.725531467059573,False,False,0.1592546880598844,6.03973404467093,-4.972727634669738,2.1584449656159244,5.871129307946088,1.804666693166923,3.89,952.95
账户2,002015,协鑫能科,2026-04-08,2026-04-10,2.0,低吸-弱势(下降通道抄底),3.227665706051863,-12.37373737373737,False,False,0.0,0.7258514796203208,-4.243439419318829,-2.2333891680625273,-0.6141820212171911,-2.7917364600781647,-1.73,-551.96
账户2,002025,航天电器,2026-04-02,2026-04-07,5.0,其他,-7.266330120850551,7.53413390360258,True,False,-0.541427399507799,9.466776045939284,-3.691550451189496,0.0,3.6456614978555013,0.04948861761795431,5.54,658.56
账户2,002025,航天电器,2026-04-10,2026-04-15,5.0,其他,-2.5441063666581387,26.202000645369484,True,False,0.06563402467838486,8.401155158834328,-2.599107377264376,0.0918273645546197,6.270497179588097,1.4823560278105719,3.45,1027.46
账户2,002025,航天电器,2026-04-14,2026-04-15,1.0,半路(主升途中未追涨),1.706308169596693,16.36582430806257,True,False,-0.37984299822739764,4.558115978728794,-4.760698911116745,0.2796136248093495,4.956786985256723,1.2582613116420838,-0.22,-114.43
账户2,002025,航天电器,2026-04-14,2026-04-15,1.0,半路(主升途中未追涨),1.706308169596693,16.36582430806257,True,False,0.15274949083503575,5.117107942973509,-4.251527494908358,0.2796136248093495,4.956786985256723,1.2582613116420838,0.32,95.57
账户2,002025,航天电器,2026-04-21,2026-04-22,1.0,其他,-7.643549589858301,20.59352517985611,True,False,-0.12096774193548487,6.317204301075252,-1.8413978494623673,-0.6459426725878181,4.050598842686037,2.8798277486206336,0.42,71.79
账户2,002025,航天电器,2026-04-29,2026-05-07,8.0,低吸-强势(均线多头回踩),-2.3098022231846316,-13.0538471193674,True,False,-0.6605989430416903,14.327657075748657,-0.9982384028185631,1.5220925077582326,10.004433279148795,8.157233633811135,13.56,5510.22
账户2,002025,航天电器,2026-04-30,2026-05-07,7.0,低吸-弱势(下降通道抄底),8.157233633811135,-11.310615989515071,False,False,1.6527777777777697,8.166666666666655,-5.624999999999991,2.473015439267656,6.011750239103719,4.385845060800664,7.44,529.95
账户2,002025,航天电器,2026-04-30,2026-05-13,13.0,低吸-弱势(下降通道抄底),8.157233633811135,-11.310615989515071,False,False,1.6527777777777697,8.34722222222224,-5.624999999999991,2.473015439267656,6.011750239103719,4.385845060800664,3.24,681.42
账户2,002025,航天电器,2026-05-06,2026-05-13,7.0,低吸-弱势(下降通道抄底),4.385845060800664,-8.237211634904718,False,False,0.6455012514820391,2.7664339349229516,-5.098142537215111,0.0,1.9371727748690892,1.2041884816753834,-2.08,-655.43
账户2,002025,航天电器,2026-05-11,2026-05-13,2.0,其他,0.8718626155878484,-0.9810333551340755,False,False,0.712213136375639,2.8884199419678236,-4.985491954629373,0.0,2.08224201152436,-1.9119958093242406,-2.55,-1389.44
账户2,002080,中材科技,2026-04-27,2026-04-28,1.0,其他,-0.8568164508758636,4.74670921420024,True,False,-0.8190476190476192,4.628571428571426,-2.8380952380952396,0.15363933166889776,5.4926061071634225,2.5158440560783646,0.76,324.81
账户2,002081,金 螳 螂,2026-04-30,2026-05-07,7.0,打板/追涨,10.074626865671643,59.05044510385758,True,False,14.119922630560943,38.10444874274661,-1.934235976789156,6.440677966101682,9.999999999999986,9.999999999999986,34.62,3205.74
账户2,002149,西部材料,2026-03-13,2026-03-17,4.0,低吸-弱势(下降通道抄底),-7.1260934499679855,-10.038387715930908,False,True,-4.434687156970352,1.668496158068078,-7.881448957189896,0.0,2.6878015161957203,2.664828853664125,-4.68,-2378.62
账户2,002151,北斗星通,2026-03-16,2026-03-17,1.0,其他,5.010940919037199,0.10952902519167917,True,False,0.04169272461955753,0.08338544923911506,-5.941213258286437,0.020837674515528093,0.04167534903103398,-2.97978745571994,-2.65,-2870.36
账户2,002155,湖南黄金,2026-04-15,2026-04-16,1.0,其他,-1.1517615176151796,-4.466019417475731,True,False,-3.3454786353097066,0.6955945677376452,-4.27293805895993,0.0,2.7416038382453767,1.9191226867717681,-2.42,-2481.24
账户2,002173,创新医疗,2026-03-13,2026-03-16,3.0,其他,6.58823529411765,-4.001290738948038,True,False,0.47528517110266844,6.210392902408124,-9.378960709759177,0.9145380006307047,5.7079785556606755,-2.01829076001262,2.57,389.41
账户2,002173,创新医疗,2026-03-13,2026-03-16,3.0,其他,6.58823529411765,-4.001290738948038,True,False,0.47528517110266844,6.210392902408124,-9.378960709759177,0.9145380006307047,5.7079785556606755,-2.01829076001262,4.12,634.28
账户2,002173,创新医疗,2026-03-16,2026-03-17,1.0,其他,-2.01829076001262,3.967213114754098,True,False,-3.7484510532837745,3.841387856257761,-8.054522924411401,-0.19311232700354175,2.993241068554875,-4.31284196974574,-4.38,-1009.91
账户2,002263,大东南,2026-04-02,2026-04-03,1.0,打板/追涨,10.000000000000009,23.563218390804597,True,False,2.3809523809523947,12.12121212121211,-9.307359307359297,-3.1712473572938715,9.51374207188158,-1.4799154334038112,-0.87,-94.58
账户2,002269,美邦服饰,2026-04-01,2026-04-02,1.0,打板/追涨,10.179640718562876,-7.22222222222223,False,False,0.0,0.0,-6.521739130434789,-1.6304347826086918,-1.6304347826086918,-4.891304347826086,-2.72,-849.77
账户2,002294,信立泰,2026-03-25,2026-03-26,1.0,其他,1.8204533285739677,4.358353510895885,True,False,0.4401408450704247,2.2183098591549433,-1.320422535211263,-0.6134969325153228,1.6476774758983348,-1.4022787028921901,-1.25,-901.91
账户2,002309,中利集团,2026-04-03,2026-04-07,4.0,半路(主升途中未追涨),1.0040160642570184,30.708661417322848,True,False,1.0040160642570184,9.036144578313232,-6.224899598393585,0.0,7.9522862823061535,3.976143141153088,1.61,148.47
账户2,002309,中利集团,2026-04-03,2026-04-07,4.0,半路(主升途中未追涨),1.0040160642570184,30.708661417322848,True,False,-1.3725490196078272,6.470588235294117,-8.4313725490196,0.0,7.9522862823061535,3.976143141153088,-0.78,-212.67
账户2,002342,巨力索具,2026-04-24,2026-04-27,3.0,半路(主升途中未追涨),0.4746835443038,22.322580645161306,True,False,-1.0389610389610393,4.987012987012984,-9.142857142857153,-3.9895013123359635,0.15748031496061188,-3.307086614173227,-5.4,-114.91
账户2,002384,东山精密,2026-03-17,2026-03-18,1.0,其他,-7.80672268907564,25.421585160202365,True,False,-0.6654896102132324,6.0799492960297075,-7.8002625741319225,2.0235165436149893,3.8009297238173367,-2.123780876857162,-1.24,-578.35
账户2,002384,东山精密,2026-03-17,2026-03-18,1.0,其他,-7.80672268907564,25.421585160202365,True,False,-0.6654896102132324,6.0799492960297075,-7.8002625741319225,2.0235165436149893,3.8009297238173367,-2.123780876857162,-5.01,-2245.32
账户2,002384,东山精密,2026-03-18,2026-03-19,1.0,其他,-2.123780876857162,15.484210526315788,True,False,1.6663510698731177,8.038250331376616,-3.58833554251089,-3.147699757869249,6.2674613522071265,4.041720990873543,1.6,482.04
账户2,002384,东山精密,2026-03-18,2026-03-19,1.0,其他,-2.123780876857162,15.484210526315788,True,False,3.618643250024123,10.112901669400753,-1.7369487600115807,-3.147699757869249,6.2674613522071265,4.041720990873543,3.55,1079.04
账户2,002426,胜利精密,2026-03-17,2026-03-18,1.0,半路(主升途中未追涨),0.6711409395973256,14.32225063938617,True,False,0.0,4.222222222222238,-4.222222222222227,1.5555555555555545,1.7777777777777892,-2.0000000000000018,-3.11,-578.72
账户2,002455,百川股份,2026-04-01,2026-04-02,1.0,其他,-4.551724137931035,3.571428571428581,True,False,-4.426489883295348,1.1670464746909692,-10.227194254540429,-0.07225433526011349,1.0838150289017356,-3.973988439306364,-5.39,-5855.22
账户2,002457,青龙管业,2026-06-15,2026-06-16,1.0,其他,0.23166023166023564,2.941176470588225,True,False,0.23166023166023564,3.7837837837837895,-2.393822393822387,-0.924499229583986,3.5439137134052334,2.7734976887519247,-0.54,-224.03
账户2,002463,沪电股份,2025-10-31,2025-11-26,26.0,其他,-6.261558784676369,17.96789777154433,True,False,-0.04225947316524037,7.367234821805901,-16.10085927595435,-1.2542277339346097,0.9864712514092489,0.9441939120631293,-0.03,-50.77
账户2,002463,沪电股份,2025-11-14,2025-11-26,12.0,低吸-弱势(下降通道抄底),-4.4213465715172156,-9.160090191657277,False,True,-0.7251047373509567,18.67547534643894,-4.028359651949732,0.7953254341827698,4.3499431910404285,1.2822593734783228,14.36,2656.8
账户2,002463,沪电股份,2025-11-14,2025-11-26,12.0,低吸-弱势(下降通道抄底),-4.4213465715172156,-9.160090191657277,False,True,-0.7251047373509567,18.67547534643894,-4.028359651949732,0.7953254341827698,4.3499431910404285,1.2822593734783228,15.07,1855.86
账户2,002463,沪电股份,2026-01-20,2026-01-26,6.0,其他,-5.550391714247782,2.1845318860244323,True,False,0.0,8.252495430901163,-0.5342330943343132,-0.1687051876845036,6.213974413046541,4.0348657387881515,0.46,166.29
账户2,002465,海格通信,2026-01-26,2026-02-05,10.0,低吸-弱势(下降通道抄底),-10.015329586101185,-11.045454545454547,False,False,-0.45223289994348326,10.118711136235149,-4.918032786885251,0.05678591709257219,2.498580352072688,1.192504258943794,-1.36,-657.64
账户2,002491,通鼎互联,2026-06-03,2026-06-04,1.0,其他,-2.7899561578318077,3.892339544513468,True,False,-6.872852233676974,2.443680794196257,-10.194730813287523,-3.5670356703567108,10.004100041000408,10.004100041000408,-0.57,-270.87
账户2,002491,通鼎互联,2026-06-03,2026-06-04,1.0,其他,-2.7899561578318077,3.892339544513468,True,False,-3.5472772570886213,6.101949618380975,-6.987780282358525,-3.5670356703567108,10.004100041000408,10.004100041000408,2.98,510.8
账户2,002553,南方精工,2026-04-21,2026-04-22,1.0,其他,0.9101701622477254,-2.6204238921001877,True,False,-1.0477299185098987,0.7760962359332435,-3.3760186263096625,-1.098039215686275,-0.666666666666671,-0.9803921568627416,-2.21,-1942.76
账户2,002565,顺灏股份,2026-04-17,2026-04-20,3.0,其他,6.591549295774657,9.567901234567898,True,False,2.4918743228602436,11.375947995666301,-6.825568797399795,0.1585623678646897,8.668076109936562,7.241014799154311,7.31,4273.61
账户2,002570,贝因美,2026-06-05,2026-06-09,4.0,其他,-2.0979020979021046,18.672199170124458,True,False,-3.7800687285223455,2.577319587628857,-10.481099656357395,-3.035714285714286,1.0714285714285898,-5.892857142857144,-8.76,-5859.49
账户2,002575,群兴玩具,2026-06-04,2026-06-05,1.0,其他,-0.1686340640809414,-4.045307443365697,False,False,-1.0033444816053616,2.6755852842809347,-4.515050167224088,0.5067567567567544,1.3513513513513598,-1.520270270270263,-2.34,-1154.71
账户2,002575,群兴玩具,2026-06-04,2026-06-05,1.0,其他,-0.1686340640809414,-4.045307443365697,False,False,-0.6711409395973145,3.0201342281879207,-4.194630872483218,0.5067567567567544,1.3513513513513598,-1.520270270270263,-2.01,-412.95
账户2,002611,东方精工,2026-05-18,2026-05-19,1.0,半路(主升途中未追涨),5.38336052202284,9.660107334525936,True,False,-1.0214504596527063,6.0776302349336175,-6.945863125638407,-0.8255933952528438,7.172342621259031,5.005159958720351,0.46,399.92
账户2,002611,东方精工,2026-05-19,2026-05-22,3.0,半路(主升途中未追涨),5.005159958720351,12.674418604651173,True,False,1.85185185185186,3.953953953953948,-7.657657657657668,-0.9336609336609403,-0.9336609336609403,-7.272727272727275,-5.26,-5427.11
账户2,002640,跨境通,2026-05-12,2026-05-13,1.0,其他,-4.625550660792954,35.928143712574865,True,False,-0.23041474654377225,6.2211981566820285,-1.8433179723502335,-1.1547344110854452,3.4642032332563577,2.3094688221708903,1.61,23.9
账户2,002716,湖南白银,2026-01-05,2026-01-06,1.0,打板/追涨,9.97109826589595,10.719999999999995,True,False,4.103967168262668,12.038303693570441,-0.6839945280437743,3.942181340341655,7.621550591327186,5.9132720105124825,8.89,3736.29
账户2,002716,湖南白银,2026-01-05,2026-01-06,1.0,打板/追涨,9.97109826589595,10.719999999999995,True,False,4.103967168262668,12.038303693570441,-0.6839945280437743,3.942181340341655,7.621550591327186,5.9132720105124825,9.3,3977.6
账户2,002792,通宇通讯,2026-02-05,2026-02-09,4.0,其他,-2.953985987502372,11.343031836390471,False,False,-0.155854276251699,3.2339762322228793,-3.3703487239431063,-0.09756097560974508,3.395121951219515,-0.11707317073170742,-1.42,-312.12
账户2,002831,裕同科技,2026-03-17,2026-03-18,1.0,其他,-5.839032088374552,20.012626262626277,True,False,-0.02792516056968619,9.969282323373353,-4.412175370008398,0.5586592178770999,10.000000000000009,6.3687150837988815,1.09,27.19
账户2,002865,钧达股份,2026-06-17,2026-06-18,1.0,低吸-弱势(下降通道抄底),-1.2996603160537523,-8.586472255974076,False,False,-3.271095672311486,1.2737009697495916,-8.090895932841224,-0.8229836899595999,-0.7930570103247048,-4.414185246146928,-6.53,-1370.18
账户2,002865,钧达股份,2026-06-17,2026-06-22,5.0,低吸-弱势(下降通道抄底),-1.2996603160537523,-8.586472255974076,False,False,-3.271095672311486,1.2737009697495916,-12.34621508177739,-0.8229836899595999,-0.7930570103247048,-4.414185246146928,-12.13,-5055.56
账户2,002865,钧达股份,2026-06-18,2026-06-22,4.0,低吸-弱势(下降通道抄底),-4.414185246146928,-9.03770246359058,False,True,-1.4820869511574353,2.250119523141225,-6.602304097715939,-1.8941765810895461,1.5967438948027546,-1.2836568566061413,-6.37,-3341.13
账户2,002866,传艺科技,2026-04-22,2026-04-23,1.0,半路(主升途中未追涨),2.824858757062154,21.399176954732503,True,False,-0.6188569348379969,6.334182744812522,-8.591190389515834,0.073260073260073,1.758241758241752,-7.032967032967042,-1.49,-560.59
账户2,002866,传艺科技,2026-04-23,2026-04-27,4.0,其他,-7.032967032967042,25.980618366405174,True,False,-3.2774390243902385,5.868902439024404,-7.54573170731706,-2.9156816390858875,7.171000788022064,2.6004728132387633,-1.07,-330.71
账户2,002866,传艺科技,2026-04-23,2026-04-27,4.0,其他,-7.032967032967042,25.980618366405174,True,False,-0.9754194303550512,8.38860710105347,-5.345298478345684,-2.9156816390858875,7.171000788022064,2.6004728132387633,1.29,186.2
账户2,002866,传艺科技,2026-04-23,2026-04-28,5.0,其他,-7.032967032967042,25.980618366405174,True,False,-0.9754194303550512,8.427623878267653,-5.345298478345684,-2.9156816390858875,7.171000788022064,2.6004728132387633,5.81,436.86
账户2,002866,传艺科技,2026-04-23,2026-04-28,5.0,其他,-7.032967032967042,25.980618366405174,True,False,-0.9754194303550512,8.427623878267653,-5.345298478345684,-2.9156816390858875,7.171000788022064,2.6004728132387633,4.02,504.88
账户2,002866,传艺科技,2026-04-23,2026-04-28,5.0,其他,-7.032967032967042,25.980618366405174,True,False,0.0,9.49566587864461,-4.412923561859728,-2.9156816390858875,7.171000788022064,2.6004728132387633,5.04,1258.33
账户2,002866,传艺科技,2026-04-28,2026-04-29,1.0,半路(主升途中未追涨),3.8535645472061564,8.486622073578577,True,False,0.8985398727068494,4.0434294271808335,-4.530138524897042,-2.9684601113172615,-0.37105751391465214,-2.52319109461967,-1.61,-364.5
账户2,002897,意华股份,2026-05-19,2026-05-22,3.0,其他,8.392330383480818,18.05676475709559,True,False,4.010982789855055,5.4121376811594235,-7.721920289855078,-0.7484011430126558,-0.5851136209007901,-3.605932779970056,-6.59,-6587.56
账户2,002902,铭普光磁,2026-04-08,2026-04-14,6.0,打板/追涨,10.000000000000009,13.18355235269182,True,False,0.0,8.784473953013272,-6.877766428328225,1.8386108273748647,4.834865509022812,-1.838610827374887,3.92,1465.16
账户2,002971,和远气体,2026-01-08,2026-01-09,1.0,打板/追涨,10.009813542688928,0.13101867016049873,False,False,0.0,0.0,-7.552780255724068,-4.846862920011896,-3.5385072851620736,-4.162949747249501,-5.56,-1141.53
账户2,300383,光环新网,2026-04-01,2026-04-08,7.0,其他,3.0957943925233433,0.4105571847507372,True,False,-2.161862527716185,2.2727272727272707,-10.864745011086486,-1.643059490084986,-0.9631728045325638,-7.762039660056641,-1.94,-547.96
账户2,300383,光环新网,2026-04-01,2026-04-14,13.0,其他,3.0957943925233433,0.4105571847507372,True,False,-2.161862527716185,6.208425720620858,-10.864745011086486,-1.643059490084986,-0.9631728045325638,-7.762039660056641,1.72,24.77
账户2,300454,深信服,2026-05-22,2026-05-25,3.0,低吸-弱势(下降通道抄底),2.9244444444444406,-8.92163212435233,False,False,0.5208785484851264,3.0818647452035774,-3.541974129698755,0.18136281198721793,2.54771569220138,0.0,-0.02,-88.2
账户2,300670,大烨智能,2026-06-02,2026-06-03,1.0,其他,0.14556040756914523,-4.317548746518096,False,False,-0.28985507246377384,2.608695652173898,-5.942028985507253,0.29069767441860517,2.9069767441860517,-2.034883720930225,-0.97,-171.95
账户2,300691,联合光电,2026-06-11,2026-06-12,1.0,低吸-弱势(下降通道抄底),3.995157384987902,-6.029579067121727,False,False,0.0,3.72526193247964,-7.450523864959246,-0.2328288707799664,0.0,-6.519208381839359,-6.58,-2172.25
账户2,300766,每日互动,2026-04-08,2026-04-09,1.0,其他,7.2377721232683045,5.51909307875893,False,False,-1.1982287053920349,1.5889554571502984,-6.61630632977338,-2.8473503822831536,-2.4782494068020022,-5.378328499868179,-6.1,-2603.9
账户2,300851,交大思诺,2026-05-28,2026-06-01,4.0,其他,-4.733542319749207,6.831882116543864,True,False,-0.5562827225130795,4.352094240837712,-14.888743455497377,-1.2833168805528206,1.151694636393552,-11.747285291214215,-10.08,-1865.53
账户2,300851,交大思诺,2026-05-28,2026-06-01,4.0,其他,-4.733542319749207,6.831882116543864,True,False,-0.03289473684210398,4.901315789473681,-14.440789473684202,-1.2833168805528206,1.151694636393552,-11.747285291214215,-9.61,-294.54
账户2,300851,交大思诺,2026-05-28,2026-06-03,6.0,其他,-4.733542319749207,6.831882116543864,True,False,-0.03289473684210398,4.901315789473681,-14.440789473684202,-1.2833168805528206,1.151694636393552,-11.747285291214215,-11.47,-3507.24
账户2,300851,交大思诺,2026-05-29,2026-06-03,5.0,其他,-11.747285291214215,2.7036160865157255,True,False,-11.572700296735894,1.3517969007583286,-14.243323442136491,-1.1185682326621982,4.772557792692034,2.460850111856816,-11.26,-1721.35
账户2,300851,交大思诺,2026-06-01,2026-06-03,2.0,低吸-强势(均线多头回踩),2.460850111856816,-11.455926048200727,True,True,-0.07636085960510686,3.1235227809897737,-5.421621031962475,1.1644832605531397,3.2023289665211063,-1.7467248908296984,-2.13,-487.96
账户2,300851,交大思诺,2026-06-03,2026-06-04,1.0,低吸-弱势(下降通道抄底),-2.2222222222222254,-12.337662337662337,False,True,-2.2945965951147285,1.81347150259068,-6.0325684678016245,0.0,0.0,-2.8787878787878696,-3.03,-93.31
账户2,301038,深水规院,2026-05-29,2026-06-01,3.0,低吸-弱势(下降通道抄底),10.448577680525162,-10.392156862745082,False,False,-0.24703557312251156,6.225296442687744,-9.486166007905128,-4.4081228330856925,-1.2877662209014429,-2.6745913818722267,-7.11,-154.94
账户2,301278,快可电子,2026-04-22,2026-04-23,1.0,其他,10.248058130794302,3.635419371591797,True,False,9.045848822800483,13.952912019826513,-2.7261462205700138,-2.500000000000002,-2.500000000000002,-7.931818181818184,1.44,161.41
账户2,301278,快可电子,2026-04-22,2026-04-23,1.0,其他,10.248058130794302,3.635419371591797,True,False,9.045848822800483,13.952912019826513,-2.7261462205700138,-2.500000000000002,-2.500000000000002,-7.931818181818184,1.36,935.63
账户2,301308,江波龙,2026-03-17,2026-03-23,6.0,其他,-4.296424452133807,31.913275009509334,True,False,-0.6287425149700709,10.356287425149691,-8.682634730538918,3.0430852666465835,9.97288339861404,8.255498644169945,-3.86,-1314.06
账户2,301396,宏景科技,2026-04-28,2026-04-30,2.0,其他,7.2696507247302256,40.65924196155919,True,False,5.7237256135934445,8.999370673379481,-6.859660163624925,-11.90213994464121,-0.5952558111848583,-2.541742313759343,-0.57,-610.22
账户2,301458,钧崴电子,2026-05-14,2026-05-15,1.0,其他,-3.021420518602036,11.376192867905587,True,False,-3.0432822362488787,0.5861136158701541,-4.891794409377825,1.0462683096954306,1.836782143687521,-1.1392699372238857,-3.97,-4297.77
账户2,600026,中远海能,2026-03-19,2026-03-25,6.0,其他,-4.622186495176839,-0.4003202562049668,True,False,0.46570702794241914,15.02963590177815,-3.1329381879762974,0.6321112515802696,3.9190897597977337,-1.1378002528445008,6.44,3602.62
账户2,600026,中远海能,2026-03-26,2026-03-31,5.0,其他,-5.645479668377417,12.728081886960396,True,False,0.12568077084205154,6.116464180980308,-9.25848345203184,-1.7154811715481166,1.6317991631799256,-0.878661087866095,-7.54,-4542.51
账户2,600108,亚盛集团,2026-03-04,2026-03-05,1.0,打板/追涨,9.97920997920998,39.01734104046242,True,False,11.368421052631582,19.157894736842106,-6.315789473684208,6.994328922495274,6.994328922495274,-5.1039697542533125,4.21,4847.73
账户2,600111,北方稀土,2025-11-27,2025-12-19,22.0,低吸-弱势(下降通道抄底),-0.2693602693602637,-4.7262617621899095,False,True,-1.2666666666666715,8.133333333333326,-3.2888888888888856,0.022507314877340256,1.4404681521494433,1.282916948008106,0.09,0.5
账户2,600111,北方稀土,2025-11-27,2025-12-24,27.0,低吸-弱势(下降通道抄底),-0.2693602693602637,-4.7262617621899095,False,True,-1.2666666666666715,8.133333333333326,-3.2888888888888856,0.022507314877340256,1.4404681521494433,1.282916948008106,0.73,115.35
账户2,600143,金发科技,2026-06-09,2026-06-10,1.0,低吸-弱势(下降通道抄底),2.634803921568629,-12.11631663974152,False,True,1.4536644457904258,1.6353725015142206,-4.239854633555429,-2.1492537313432813,-0.5373134328358176,-5.3134328358208975,-1.03,-347.88
账户2,600143,金发科技,2026-06-09,2026-06-10,1.0,低吸-弱势(下降通道抄底),2.634803921568629,-12.11631663974152,False,True,0.9036144578313143,1.0843373493975905,-4.759036144578321,-2.1492537313432813,-0.5373134328358176,-5.3134328358208975,-1.57,-871.84
账户2,600151,航天机电,2025-12-19,2025-12-24,5.0,半路(主升途中未追涨),-0.5268703898840932,39.047619047619044,True,False,0.8547008547008517,3.472222222222232,-22.809829059829056,0.05296610169491789,0.6355932203389925,-5.508474576271183,-16.19,-617.64
账户2,600151,航天机电,2026-04-23,2026-04-28,5.0,半路(主升途中未追涨),1.8604651162790642,8.04020100502514,True,False,0.2616088947024364,1.8966644865925586,-11.314584695879649,-0.5218525766470972,1.6307893020221842,-3.7834311806914545,-9.22,-6956.69
账户2,600227,赤天化,2026-03-03,2026-03-04,1.0,半路(主升途中未追涨),4.731861198738163,22.393822393822393,True,False,-0.5988023952095856,4.491017964071875,-10.479041916167652,-5.421686746987941,1.8072289156626509,-3.6144578313252906,1.2,410.68
账户2,600256,广汇能源,2026-03-02,2026-03-03,1.0,打板/追涨,10.034013605442183,6.715063520871145,True,False,1.0937499999999822,11.250000000000004,-4.531249999999998,6.18238021638331,10.046367851622872,10.046367851622872,10.16,5544.64
账户2,600259,中稀有色,2026-06-04,2026-06-05,1.0,其他,6.302425753797336,1.5774323546344338,False,False,-1.0655132397932365,3.280936807680135,-10.222597320392456,-1.3755598208573305,4.393260823203238,0.14928556195350495,0.8,204.35
账户2,600259,中稀有色,2026-06-04,2026-06-05,1.0,其他,6.302425753797336,1.5774323546344338,False,False,-1.491596638655468,2.8361344537815247,-10.609243697478998,-1.3755598208573305,4.393260823203238,0.14928556195350495,0.37,23.78
账户2,600313,农发种业,2026-03-16,2026-03-17,1.0,打板/追涨,10.060606060606059,0.8557457212714059,True,False,0.4424778761062065,8.407079646017724,-8.407079646017701,0.11013215859030367,7.92951541850222,-1.6519823788546328,3.1,677.89
账户2,600339,中油工程,2026-04-02,2026-04-03,1.0,打板/追涨,10.123456790123452,-3.341288782816243,False,False,0.0,9.641255605381161,-9.865470852017943,3.139013452914785,9.641255605381161,5.381165919282527,3.14,1406.18
账户2,600339,中油工程,2026-04-02,2026-04-03,1.0,打板/追涨,10.123456790123452,-3.341288782816243,False,False,0.0,9.641255605381161,-9.865470852017943,3.139013452914785,9.641255605381161,5.381165919282527,4.04,1835.57
账户2,600376,首开股份,2026-03-23,2026-03-24,1.0,打板/追涨,9.925093632958815,6.163021868787277,False,False,0.17064846416381396,5.631399317406149,-6.1433447098976135,0.5110732538330609,5.4514480408858645,-1.873935264054516,-4.1,-1176.04
账户2,600580,卧龙电驱,2026-05-15,2026-05-18,3.0,半路(主升途中未追涨),3.928112965340169,5.9287462605384755,True,False,-0.9057527539779842,1.7870257037943649,-5.01835985312119,0.32114624505930056,2.717391304347827,1.1857707509881577,-0.29,-392.53
账户2,600584,长电科技,2026-01-22,2026-01-29,7.0,其他,-6.1015016156624196,34.96664956387892,True,False,-1.2789768185451633,9.172661870503607,-7.7737809752198235,0.0,1.9230769230769384,-0.7692307692307554,-1.87,-489.78
账户2,600666,奥瑞德,2026-03-27,2026-03-30,3.0,打板/追涨,9.945750452079572,32.932692307692314,True,False,0.16474464579900872,6.58978583196046,-15.485996705107086,-4.605263157894745,6.414473684210531,2.6315789473684292,0.16,-6.58
账户2,600722,金牛化工,2026-03-05,2026-03-10,5.0,半路(主升途中未追涨),2.6711185308848195,15.860735009671178,True,False,-6.4638783269961975,13.155893536121678,-15.5893536121673,-6.178861788617896,9.999999999999986,9.999999999999986,-5.02,-2678.31
账户2,600722,金牛化工,2026-03-05,2026-03-10,5.0,半路(主升途中未追涨),2.6711185308848195,15.860735009671178,True,False,-6.4638783269961975,13.155893536121678,-15.5893536121673,-6.178861788617896,9.999999999999986,9.999999999999986,-5.25,-1331.33
账户2,600759,洲际油气,2026-03-25,2026-03-31,6.0,低吸-弱势(下降通道抄底),-5.434782608695665,-14.814814814814802,False,False,0.164473684210531,6.414473684210531,-6.41447368421052,-0.49261083743842304,4.761904761904767,1.6420361247947435,-3.29,-2024.5
账户2,600863,华能蒙电,2026-03-24,2026-03-25,1.0,低吸-弱势(下降通道抄底),3.7623762376237657,-5.783582089552253,False,False,1.945525291828809,5.836575875486405,-0.7782101167315147,-0.1908396946564861,3.8167938931297662,2.2900763358778553,1.17,242.09
账户2,600879,航天电子,2026-03-18,2026-03-19,1.0,低吸-弱势(下降通道抄底),5.193014705882337,-13.889988128215268,False,True,1.148917366327895,1.7233760494918204,-4.0653999116217365,-2.4464831804281495,0.0,-2.315421581476629,-0.22,-154.49
账户2,600935,华塑股份,2026-01-08,2026-01-09,1.0,打板/追涨,10.000000000000009,1.2145748987854255,False,False,0.0,0.727272727272732,-3.6363636363636376,0.0,0.727272727272732,-2.9090909090909167,-1.09,-305.3
账户2,600936,北投科技,2026-05-22,2026-05-28,6.0,半路(主升途中未追涨),-0.17271157167529916,11.992263056092845,True,False,0.6968641114982521,8.885017421602793,-9.233449477351918,0.0,8.131487889273359,5.882352941176472,-5.57,-2722.95
账户2,600936,北投科技,2026-05-22,2026-05-29,7.0,半路(主升途中未追涨),-0.17271157167529916,11.992263056092845,True,False,0.6968641114982521,8.885017421602793,-9.756097560975618,0.0,8.131487889273359,5.882352941176472,-6.62,-3265.04
账户2,600936,北投科技,2026-05-28,2026-05-29,1.0,其他,0.927643784786647,0.5597014925373012,True,False,1.3035381750465591,9.869646182495352,-3.5381750465549366,-0.9191176470588314,0.7352941176470562,-2.389705882352955,-0.19,-7.11
账户2,600936,北投科技,2026-05-28,2026-06-01,4.0,其他,0.927643784786647,0.5597014925373012,True,False,1.3035381750465591,9.869646182495352,-4.283054003724407,-0.9191176470588314,0.7352941176470562,-2.389705882352955,-3.54,-1125.84
账户2,600936,北投科技,2026-05-28,2026-06-01,4.0,其他,0.927643784786647,0.5597014925373012,True,False,0.0,8.455882352941169,-5.5147058823529544,-0.9191176470588314,0.7352941176470562,-2.389705882352955,-4.78,-847.61
账户2,600936,北投科技,2026-06-02,2026-06-04,2.0,打板/追涨,10.03717472118959,-7.8767123287671215,True,False,0.3389830508474523,12.881355932203387,-11.864406779661019,3.040540540540526,9.966216216216207,9.966216216216207,6.61,1691.62
账户2,600936,北投科技,2026-06-05,2026-06-09,4.0,其他,-3.0794165316045286,6.747404844290661,True,False,2.4147970542901076,6.696352115088189,-7.347148484329513,-4.682274247491646,-1.8394648829431537,-6.688963210702347,-7.0,-2728.07
账户2,600938,中国海油,2026-03-13,2026-03-16,3.0,其他,-2.3255813953488413,19.87733482018401,True,False,-2.710215427380125,1.1350474866805627,-4.632846884410469,0.4761904761904745,2.0952380952381056,-1.8809523809523832,-2.71,-842.82
账户2,600938,中国海油,2026-03-13,2026-03-16,3.0,其他,-2.3255813953488413,19.87733482018401,True,False,0.07147962830593713,4.0266857279008805,-1.9061234214915346,0.4761904761904745,2.0952380952381056,-1.8809523809523832,0.07,-0.95
账户2,600938,中国海油,2026-03-13,2026-03-16,3.0,其他,-2.3255813953488413,19.87733482018401,True,False,0.07147962830593713,4.0266857279008805,-1.9061234214915346,0.4761904761904745,2.0952380952381056,-1.8809523809523832,-1.69,-1927.75
账户2,600986,浙文互联,2026-04-16,2026-04-17,1.0,其他,7.4363992172211235,4.713114754098369,True,False,-0.7233273056057921,1.6274864376130127,-6.6003616636528095,-0.36429872495447047,0.6375227686703067,-1.821493624772319,-2.53,-1585.26
账户2,600989,宝丰能源,2026-03-03,2026-03-04,1.0,其他,8.320668693009114,14.434782608695663,True,False,-0.17507002801119276,1.26050420168069,-10.154061624649858,-2.560505085934761,-2.490354261662575,-5.471764293230452,-3.5,-618.62
账户2,600989,宝丰能源,2026-03-10,2026-03-12,2.0,其他,-5.515665796344649,29.010526315789487,True,False,-1.025641025641033,18.290598290598293,-5.7094017094017175,-2.072538860103623,10.017271157167528,10.017271157167528,15.25,3990.1
账户2,600989,宝丰能源,2026-03-10,2026-03-13,3.0,其他,-5.515665796344649,29.010526315789487,True,False,-1.025641025641033,21.02564102564102,-5.7094017094017175,-2.072538860103623,10.017271157167528,10.017271157167528,14.02,3260.15
账户2,600989,宝丰能源,2026-03-10,2026-03-13,3.0,其他,-5.515665796344649,29.010526315789487,True,False,-0.8901061280383482,21.191372817528233,-5.580280725778852,-2.072538860103623,10.017271157167528,10.017271157167528,14.17,3289.96
账户2,600989,宝丰能源,2026-03-20,2026-03-25,5.0,其他,-2.6275588145432183,14.32064268250086,True,False,2.4429443908711157,7.61812921890066,-4.628736740597872,-0.9413241292751784,5.0517728271101126,0.7530593034201338,-2.83,-1715.86
账户2,601016,节能风电,2026-03-25,2026-03-26,1.0,打板/追涨,9.97963340122201,21.836228287841198,True,False,5.2631578947368585,11.69590643274856,-4.28849902534113,0.0,6.111111111111112,-1.666666666666683,9.36,2900.22
账户2,601138,工业富联,2026-01-29,2026-02-26,28.0,低吸-弱势(下降通道抄底),-5.091448344043492,-0.16450074025333716,False,True,-0.6896551724137945,4.965517241379325,-9.999999999999998,-1.041666666666674,0.694444444444442,0.17361111111111605,0.03,-2.96
账户2,601138,工业富联,2026-01-29,2026-03-02,32.0,低吸-弱势(下降通道抄底),-5.091448344043492,-0.16450074025333716,False,True,-0.6896551724137945,4.965517241379325,-9.999999999999998,-1.041666666666674,0.694444444444442,0.17361111111111605,-4.02,-713.45
账户2,601138,工业富联,2026-02-09,2026-03-02,21.0,低吸-弱势(下降通道抄底),2.0588235294117796,-8.201147485656424,False,False,-0.30526126773208206,2.334350870892443,-0.6823487161070174,0.37824207492793693,2.6476945244956696,0.9906340057636909,-0.04,-43.63
账户2,601138,工业富联,2026-02-09,2026-03-05,24.0,低吸-弱势(下降通道抄底),2.0588235294117796,-8.201147485656424,False,False,-0.30526126773208206,2.334350870892443,-0.6823487161070174,0.37824207492793693,2.6476945244956696,0.9906340057636909,-0.52,-37.55
账户2,601288,农业银行,2026-01-06,2026-01-08,2.0,低吸-弱势(下降通道抄底),-0.13210039630119352,0.26490066225166586,False,True,0.3984063745019917,0.6640106241699861,-2.257636122177953,-0.2645502645502562,-0.2645502645502562,-0.9259259259259189,-1.73,-786.72
账户2,601288,农业银行,2026-01-06,2026-01-12,6.0,低吸-弱势(下降通道抄底),-0.13210039630119352,0.26490066225166586,False,True,0.3984063745019917,0.6640106241699861,-2.6560424966799445,-0.2645502645502562,-0.2645502645502562,-0.9259259259259189,-0.27,-149.14
账户2,601360,三六零,2026-05-08,2026-05-11,3.0,半路(主升途中未追涨),-0.4269854824936026,6.165004533091589,True,False,-2.099076406381195,1.5952980688497043,-2.602854743912686,-0.5145797598627877,1.4579759862778818,0.17152658662091813,-1.93,-1027.3
账户2,601360,三六零,2026-05-08,2026-05-11,3.0,半路(主升途中未追涨),-0.4269854824936026,6.165004533091589,True,False,-1.018675721561968,2.716468590831922,-1.5280135823429464,-0.5145797598627877,1.4579759862778818,0.17152658662091813,-0.85,-533.57
账户2,601698,中国卫通,2026-01-08,2026-01-09,1.0,其他,1.5044449509915792,86.6014461931093,True,False,-0.7798573975044576,9.135472370766484,-7.13012477718361,1.0779249943857927,9.99326296878509,9.99326296878509,6.13,2442.6
账户2,601816,京沪高铁,2026-05-12,2026-05-13,1.0,其他,3.4836065573770503,-0.8130081300813052,False,False,-1.9417475728155442,1.9417475728155331,-3.8834951456310662,0.0,0.3960396039603964,-1.188118811881178,-1.94,-92.1
账户2,601869,长飞光纤,2026-06-10,2026-06-15,5.0,其他,-6.532735944500645,32.29445506692159,True,False,-1.7386585630562168,7.445192098979825,-8.61515085739093,-1.990324504627894,1.6059555103934198,-2.2487795179924497,-2.26,-1074.36
账户2,601952,苏垦农发,2026-03-30,2026-03-31,1.0,低吸-弱势(下降通道抄底),6.182531894013743,-5.032618825722279,False,False,-1.3673655423883324,2.1877848678213407,-8.477666362807668,-0.1848428835489746,0.27726432532346745,-5.73012939001849,-1.55,-150.5
账户2,603017,中衡设计,2026-05-08,2026-05-11,3.0,其他,3.152039555006181,3.51887396033268,True,False,-2.8238719068413354,3.63901018922852,-8.588064046579335,-0.47932893948473554,-0.23966446974237332,-3.5350509286998233,-4.8,-2763.86
账户2,603026,石大胜华,2026-03-23,2026-03-24,1.0,半路(主升途中未追涨),0.19891261105955405,16.62542530157749,True,False,-2.301525730540477,4.072924747866558,-4.434962503232487,1.7734250926416228,6.524616199047095,3.7586024351508707,0.23,3.96
账户2,603026,石大胜华,2026-03-30,2026-03-31,1.0,半路(主升途中未追涨),-0.8417687799680218,25.13333333333332,True,False,-1.8250870344973191,1.2343074163941203,-8.956640995885657,-0.47281323877068626,1.869761444229523,-6.888029228454762,-6.57,-1265.23
账户2,603083,剑桥科技,2025-11-21,2025-11-26,5.0,低吸-强势(均线多头回踩),-10.00091835797594,7.069813176007855,True,True,-1.0400888619610194,8.623649399171951,-7.088760981520748,1.0204081632652962,1.5306122448979664,-3.765306122448975,2.99,863.53
账户2,603083,剑桥科技,2025-11-21,2025-11-26,5.0,低吸-强势(均线多头回踩),-10.00091835797594,7.069813176007855,True,True,-1.0400888619610194,8.623649399171951,-7.088760981520748,1.0204081632652962,1.5306122448979664,-3.765306122448975,3.98,769.91
账户2,603083,剑桥科技,2026-01-20,2026-01-22,2.0,低吸-弱势(下降通道抄底),-8.149289505221702,-6.063042779028627,False,True,1.226415094339628,9.415094339622643,-0.46226415094339224,-0.2795899347623476,6.700838769804296,5.246971109040088,5.36,2797.93
账户2,603083,剑桥科技,2026-01-22,2026-03-02,39.0,低吸-弱势(下降通道抄底),-0.07969538652262687,-8.824479250766991,False,False,0.7140307033202342,3.329168154230633,-11.78150660478401,-0.7355547678128294,-0.044310528181490394,-3.066288550159524,-3.58,-2046.29
账户2,603138,海量数据,2026-03-31,2026-04-01,1.0,低吸-弱势(下降通道抄底),7.206266318537868,-5.385375494071143,False,False,-2.5628856193640193,0.0,-9.919316563834835,1.0228933268387586,1.9970774476375963,-2.1432050657574364,-3.11,-1209.91
账户2,603259,药明康德,2025-11-05,2025-11-13,8.0,低吸-弱势(下降通道抄底),0.5329922183136215,-7.026759167492569,False,True,-0.6321778527025534,2.0967232114635026,-2.929090717521865,0.09542996500901957,1.6541193934895615,1.4632594634715224,1.83,498.51
账户2,603259,药明康德,2025-11-05,2025-12-24,49.0,低吸-弱势(下降通道抄底),0.5329922183136215,-7.026759167492569,False,True,-0.6321778527025534,2.0967232114635026,-8.14455800231797,0.09542996500901957,1.6541193934895615,1.4632594634715224,-4.57,-881.88
账户2,603259,药明康德,2025-11-17,2025-12-24,37.0,低吸-弱势(下降通道抄底),-1.3260366238686538,-1.4417591536147745,False,True,0.8931453782416776,3.8416012052082227,-6.187452921553859,-0.010665529010245312,0.6932593856655123,-1.5358361774744145,-2.54,-1214.57
账户2,603259,药明康德,2025-11-27,2025-12-24,27.0,低吸-弱势(下降通道抄底),-3.23257766582703,-1.2233049968898957,False,True,0.6330495524994539,4.409517572582389,-4.846103470857887,0.0,0.3145336225596429,-1.0954446854663846,-1.15,-559.49
账户2,603259,药明康德,2025-11-27,2025-12-24,27.0,低吸-弱势(下降通道抄底),-3.23257766582703,-1.2233049968898957,False,True,-0.4319654427645703,3.304535637149031,-5.853131749460028,0.0,0.3145336225596429,-1.0954446854663846,-2.19,-631.4
账户2,603259,药明康德,2025-11-27,2025-12-24,27.0,低吸-弱势(下降通道抄底),-3.23257766582703,-1.2233049968898957,False,True,-0.3350989082261391,3.405037293265578,-5.761539293049401,0.0,0.3145336225596429,-1.0954446854663846,-2.1,-404.6
账户2,603399,永杉锂业,2026-05-29,2026-06-02,4.0,低吸-弱势(下降通道抄底),4.492415402567085,-16.796116504854375,False,False,-1.3766519823788514,6.057268722466969,-7.488986784140961,-1.8983807928531493,7.537688442211055,5.695142378559459,-6.17,-2946.05
账户2,603477,巨星农牧,2026-04-07,2026-04-08,1.0,其他,7.845503922751962,-2.414605418138993,False,False,-1.7051705170517018,0.2750275027502802,-10.946094609460932,-1.0072747621712397,0.671516508114145,-0.055959709009523184,-2.7,-658.97
账户2,603626,科森科技,2026-04-07,2026-04-08,1.0,半路(主升途中未追涨),-0.8318739054290814,15.762797769893556,True,False,-2.075226977950717,5.923043666234329,-3.4154777345438814,2.0750551876379753,8.167770419426045,7.108167770419449,4.28,383.09
账户2,603626,科森科技,2026-04-07,2026-04-08,1.0,半路(主升途中未追涨),-0.8318739054290814,15.762797769893556,True,False,-0.7014467338886443,7.409031126698817,-2.0604997807978864,2.0750551876379753,8.167770419426045,7.108167770419449,5.74,511.09
账户2,603659,璞泰来,2026-03-26,2026-03-27,1.0,半路(主升途中未追涨),5.6259659969088105,9.80991174473862,True,False,-2.3156089193824947,1.2864493996569637,-8.090337335620346,-1.9315188762072055,3.4533216271583234,0.3804506877377767,-1.11,-334.75
账户2,603659,璞泰来,2026-03-26,2026-03-31,5.0,半路(主升途中未追涨),5.6259659969088105,9.80991174473862,True,False,-2.3156089193824947,1.2864493996569637,-8.576329331046306,-1.9315188762072055,3.4533216271583234,0.3804506877377767,-7.75,-4649.27
账户2,603757,大元泵业,2026-06-01,2026-06-02,1.0,低吸-弱势(下降通道抄底),6.882073749543616,-9.901315789473674,False,False,0.10258163788681163,5.761668661309627,-10.070097452555993,3.67207514944492,5.653287788215211,2.0495303159692613,-1.73,-425.95
账户2,603778,国晟科技,2026-05-12,2026-05-13,1.0,低吸-弱势(下降通道抄底),2.4701523260601155,-8.477769404672198,False,True,4.198936660107999,6.2502616485954565,-8.485787248294052,0.04017677782242046,0.04017677782242046,-3.0132583366814014,3.24,1584.15
账户2,603778,国晟科技,2026-05-12,2026-05-13,1.0,低吸-弱势(下降通道抄底),2.4701523260601155,-8.477769404672198,False,True,4.198936660107999,6.2502616485954565,-8.485787248294052,0.04017677782242046,0.04017677782242046,-3.0132583366814014,2.57,1307.79
账户2,603803,瑞斯康达,2026-04-09,2026-04-14,5.0,低吸-弱势(下降通道抄底),2.4285714285714244,-9.090909090909093,False,False,-0.8641548565502921,16.07328033183546,-6.947805046664357,-0.4881450488145034,2.998605299860535,-3.2775453277545386,4.67,2322.54
账户2,603803,瑞斯康达,2026-04-09,2026-04-14,5.0,低吸-弱势(下降通道抄底),2.4285714285714244,-9.090909090909093,False,False,1.6300496102055417,18.99362154500355,-4.606661941885182,-0.4881450488145034,2.998605299860535,-3.2775453277545386,7.3,1423.45
账户2,603986,兆易创新,2026-03-17,2026-03-23,6.0,其他,-3.318526260778687,12.191725603723125,False,False,-1.9867549668874163,3.8675496688741706,-10.264900662251652,3.074324324324329,5.9729729729729675,5.152027027027017,-7.52,-2294.55
账户4,000063,中兴通讯,2026-05-11,2026-05-13,2.0,其他,1.1116856256463192,3.588644884841985,True,False,-0.0511116790186672,0.9200102223358098,-3.6544850498338888,-0.5369470723600167,-0.28125799028381193,-2.6080286371771844,-1.69,-77.92
账户4,000628,高新发展,2026-05-11,2026-05-18,7.0,其他,-2.3155294844087626,7.074380165289251,True,False,-1.340816962893665,3.0090427190520685,-7.015902712815714,-0.4424778761061954,0.015802781289497858,-2.8128950695322397,-2.92,-200.11
账户4,000636,风华高科,2026-06-17,2026-06-23,6.0,半路(主升途中未追涨),4.885993485342022,16.63363065741659,True,False,3.018500486854925,5.856169147308377,-7.275003477535124,-3.4566567647853153,2.754523359438288,0.7291385363218827,-2.25,-338.03
账户4,000636,风华高科,2026-06-18,2026-06-23,5.0,半路(主升途中未追涨),0.7291385363218827,16.62992125984253,True,False,1.3311600108665944,3.3686498234175355,-9.45395273023636,0.013404825737262094,1.5415549597855405,-2.171581769436981,-4.55,-1023.54
账户4,001896,豫能控股,2026-05-11,2026-06-04,24.0,低吸-强势(均线多头回踩),2.437538086532598,-6.228571428571428,True,False,-0.2373887240356254,31.097922848664684,-14.658753709198812,0.0,3.8667459845330265,1.0113027959548049,28.78,1925.65
账户4,002079,苏州固锝,2026-06-16,2026-06-17,1.0,其他,5.5464926590538255,1.742738589211612,False,False,2.8862208793829947,8.76997694203705,-3.156555617396839,-0.7727975270479082,5.71870170015456,4.482225656877903,4.95,178.56
账户4,002079,苏州固锝,2026-06-16,2026-06-17,1.0,其他,5.5464926590538255,1.742738589211612,False,False,2.8862208793829947,8.76997694203705,-3.156555617396839,-0.7727975270479082,5.71870170015456,4.482225656877903,4.87,476.48
账户4,002079,苏州固锝,2026-06-17,2026-06-18,1.0,其他,4.482225656877903,5.891980360065463,False,False,2.8136882129277563,6.083650190114054,-3.041825095057038,-0.6656804733727761,3.1804733727810675,1.6272189349112454,4.33,102.63
账户4,002080,中材科技,2026-05-11,2026-05-18,7.0,半路(主升途中未追涨),1.0897435897435859,20.626329016044842,True,False,-0.3475513428120025,13.586097946287534,-4.3917851500789755,-0.03170577045021883,5.833861762840842,4.613189600507295,3.24,191.73
账户4,002135,东南网架,2026-05-11,2026-05-12,1.0,半路(主升途中未追涨),0.0,21.903520208604952,True,False,0.0,3.3155080213903787,-2.245989304812823,0.0,3.3155080213903787,-1.3903743315507922,-1.39,-50.38
账户4,002156,通富微电,2026-06-16,2026-06-17,1.0,其他,2.258693532661682,-3.6027568922305853,False,False,-0.11111111111110628,9.523809523809534,-2.0000000000000018,-0.33370411568409697,9.645638010487833,6.817098363260765,4.21,513.43
账户4,002171,楚江新材,2026-06-26,2026-07-01,5.0,其他,-9.548058561425844,21.972049689440997,True,False,-1.4563106796116387,7.628294036061023,-10.33287101248267,-0.4222378606615118,3.0260380014074606,-7.600281491907113,-6.38,-3067.73
账户4,002428,云南锗业,2026-06-16,2026-06-17,1.0,半路(主升途中未追涨),-0.2857424376785822,17.50607849947898,True,False,-2.3071725069987448,4.8942948161019295,-7.211120764552559,-3.1916996047430923,-0.8893280632411127,-1.91699604743083,-4.72,-503.94
账户4,002484,江海股份,2026-05-11,2026-05-12,1.0,其他,6.930922577654153,23.681192660550444,True,False,3.8028802880288204,5.805580558055823,-4.342934293429346,0.8887925428137766,0.8887925428137766,-3.858660307825712,0.14,8.87
账户4,002536,飞龙股份,2026-06-16,2026-06-17,1.0,其他,0.24325519681556163,11.792336217552513,False,False,-1.712922810060713,1.170858629661753,-4.553339115351241,-1.0368409441870674,0.9265387160820593,-1.3236267372600974,-2.67,-385.73
账户4,002876,三利谱,2026-05-11,2026-05-12,1.0,半路(主升途中未追涨),-1.4911167512690282,5.418060200668906,True,False,-1.2718600953894987,1.0174880763116123,-4.76947535771065,-0.16103059581320522,0.6763285024154575,-3.0917874396135248,-2.73,-97.53
账户4,002876,三利谱,2026-06-15,2026-06-17,2.0,其他,6.041174485318934,7.199710564399409,True,False,0.2872646026173209,4.9154165336738,-4.691988509415889,-0.8593252705283327,3.087205601527687,1.654996817313803,3.67,560.09
账户4,002876,三利谱,2026-06-15,2026-06-17,2.0,其他,6.041174485318934,7.199710564399409,True,False,0.2872646026173209,4.9154165336738,-4.691988509415889,-0.8593252705283327,3.087205601527687,1.654996817313803,3.7,1022.7
账户4,002876,三利谱,2026-06-16,2026-06-17,1.0,其他,1.654996817313803,3.355263157894739,True,False,-0.8382489909965818,2.049053089102748,-3.6324122943185433,-0.9705698184095279,2.9117094552285394,1.909830932999368,0.87,98.96
账户4,002935,天奥电子,2026-06-17,2026-06-18,1.0,半路(主升途中未追涨),1.2340036563071255,14.735186156266389,True,False,0.6818181818181834,1.6363636363636358,-2.227272727272722,-1.4898419864559753,-0.18058690744920947,-2.844243792325052,-1.75,-1524.42
账户4,002938,鹏鼎控股,2026-06-16,2026-06-18,2.0,低吸-强势(均线多头回踩),3.392584097859319,-6.479578157118604,True,False,1.768413131408142,15.793434295926989,-2.8313423008183625,-2.449394583602915,10.000924299842872,10.000924299842872,13.31,1398.98
账户4,002972,科安达,2026-05-11,2026-05-12,1.0,其他,-0.44910179640718084,0.30030030030030463,True,False,-0.2998500749625155,1.9490254872563728,-1.7241379310344862,0.22556390977443996,2.2556390977443552,-1.0526315789473717,0.0,-11.33
账户4,002998,优彩资源,2026-05-11,2026-05-12,1.0,半路(主升途中未追涨),-0.6869479882237517,8.635394456289958,True,False,1.200000000000001,3.9000000000000146,-2.500000000000002,-1.5810276679841695,0.0,-2.8656126482213384,-0.5,-26.49
账户4,600111,北方稀土,2026-06-17,2026-06-18,1.0,其他,-3.193535975375139,4.335608189482132,False,False,0.21907986456881634,6.114319856602268,-0.8165704043019417,-0.6359300476947549,5.882352941176472,2.1462639109697923,3.92,770.14
账户4,600111,北方稀土,2026-06-17,2026-06-22,5.0,其他,-3.193535975375139,4.335608189482132,False,False,0.21907986456881634,7.847042421828321,-0.8165704043019417,-0.6359300476947549,5.882352941176472,2.1462639109697923,3.57,2103.31
账户4,600111,北方稀土,2026-06-18,2026-06-22,4.0,其他,2.1462639109697923,1.329037454691906,True,False,-2.9272898961284266,2.2662889518413554,-5.9490084985835745,1.1673151750972721,5.350194552529186,5.350194552529186,-1.79,-299.68
账户4,600118,中国卫星,2026-06-16,2026-06-17,1.0,其他,-0.7909306617453149,-0.7068062827225163,False,False,-2.2597402597402505,1.0389610389610393,-3.753246753246753,-0.9965453095934107,3.335104969439273,0.7042253521126751,-0.18,-45.99
账户4,600171,上海贝岭,2026-06-15,2026-06-17,2.0,低吸-弱势(下降通道抄底),3.1914893617021267,-3.1997057741816826,False,True,0.11057869517139274,3.538518245484701,-3.243641725027646,-0.589101620029453,2.2459499263622895,0.9941089837997019,2.5,1053.82
账户4,600171,上海贝岭,2026-06-16,2026-06-17,1.0,其他,0.9941089837997019,1.004090740052055,False,False,-1.0818608005769947,1.2982329606923804,-2.8849621348719823,-1.6405395552314905,2.4061246810062054,1.9686474662777842,0.28,25.88
账户4,600234,科新发展,2026-05-08,2026-05-13,5.0,打板/追涨,9.996155324875033,17.426636568848775,True,False,10.301488164083583,23.44822268486393,-1.3802143573135917,3.110800419433768,9.99650471862985,9.99650471862985,14.85,1524.61
账户4,600251,冠农股份,2026-05-06,2026-05-07,1.0,半路(主升途中未追涨),0.4633204633204713,13.397548161120842,True,False,1.3239875389408073,2.8816199376947127,-2.8816199376947016,-1.2298232129131503,1.5372790161414462,-2.305918524212136,-1.64,-421.49
账户4,600251,冠农股份,2026-05-07,2026-05-11,4.0,其他,-2.305918524212136,15.234720992028361,True,False,-0.15710919088766095,3.7706205813040183,-3.8491751767478433,0.7081038552321006,0.7867820613689958,-2.596380802517706,-2.99,-744.21
账户4,600433,冠豪高新,2026-05-06,2026-05-07,1.0,半路(主升途中未追涨),-0.8264462809917328,31.880108991825608,True,False,-0.4149377593361092,9.543568464730278,-1.4522821576763545,0.0,10.000000000000009,7.08333333333333,8.71,1408.75
账户4,600487,亨通光电,2026-05-08,2026-05-11,3.0,半路(主升途中未追涨),1.7245918904686741,27.02341137123745,True,False,0.7168925964546435,4.144942648592287,-3.766944734098021,2.627151546525175,3.40364954057204,-2.950692377378028,-1.94,-160.41
账户4,600487,亨通光电,2026-05-08,2026-05-11,3.0,半路(主升途中未追涨),1.7245918904686741,27.02341137123745,True,False,0.7168925964546435,4.144942648592287,-3.766944734098021,2.627151546525175,3.40364954057204,-2.950692377378028,-1.94,-160.41
账户4,600584,长电科技,2026-06-16,2026-06-17,1.0,其他,3.5118406889128373,-1.3669542136695467,False,False,1.853568118628357,9.665033761419295,-0.7546670197272731,-1.2088911997920282,7.66930976212139,6.278434940855315,8.16,1213.52
账户4,600879,航天电子,2026-06-16,2026-06-17,1.0,其他,1.2575452716297786,2.5270758122743597,False,False,-0.9837678307919262,4.27939006394491,-2.6561731431382185,-1.142573273720815,2.980625931445613,0.3477396920019915,0.34,31.58
账户4,601339,百隆东方,2026-05-07,2026-05-12,5.0,半路(主升途中未追涨),3.5087719298245723,13.011152416356865,True,False,3.6223929747530192,4.281009879253572,-7.464324917672882,-2.754237288135586,-1.6949152542372947,-8.792372881355936,0.58,117.59
账户4,601339,百隆东方,2026-05-08,2026-05-12,4.0,其他,-8.792372881355936,13.734939759036124,True,False,1.0563380281690016,8.920187793427225,-1.0563380281690127,-0.8130081300813052,2.2067363530778206,0.23228803716610624,7.55,1269.31
账户4,601939,建设银行,2026-05-07,2026-05-11,4.0,其他,-0.9183673469387754,0.7194244604316502,True,False,-0.5122950819672067,0.8196721311475308,-2.7663934426229497,0.1029866117404632,0.6179196704428236,-0.2059732234809597,-2.36,-597.41
账户4,601996,丰林集团,2026-05-11,2026-05-12,1.0,半路(主升途中未追涨),0.0,17.669172932330813,True,False,1.6233766233766156,2.5974025974025983,-2.5974025974025983,-1.2779552715655007,-0.9584664536741117,-2.5559105431309903,-1.3,-101.47
账户4,603002,宏昌电子,2026-05-11,2026-05-12,1.0,半路(主升途中未追涨),-0.06527415143603443,10.374639769452454,True,False,-0.7777057679844379,1.620220349967605,-4.601425793907965,-0.6531678641410799,0.4572175048987548,-1.3716525146962866,-3.31,-217.1
账户4,603220,中贝通信,2026-05-11,2026-05-12,1.0,其他,-3.145437558393016,3.181233933161942,True,False,-0.543652062679878,6.747681483850343,-4.541093700031973,1.2861736334405016,1.5434083601286064,-3.762057877813507,-3.33,-221.14
账户4,603269,海鸥股份,2026-05-08,2026-05-12,4.0,半路(主升途中未追涨),-1.1137162954278912,9.14907229686499,True,False,-0.23654642223536193,20.756948551153176,-1.714961561206385,3.082394783639586,10.017783046828676,10.017783046828676,20.76,2439.59
账户4,603488,展鹏科技,2026-05-11,2026-05-12,1.0,其他,-7.382039573820398,16.386182462356082,True,False,-2.327447833065821,3.451043338683779,-3.611556982343511,0.5751848808545734,3.122432210353332,-0.24650780608052036,-1.77,-55.26
账户4,603527,众源新材,2026-05-11,2026-05-12,1.0,半路(主升途中未追涨),1.4179104477611837,11.480865224625635,True,False,0.07363770250368162,1.6200294550809957,-4.49189985272459,-0.07358351729211954,0.3679175864606421,-3.679175864606332,-3.09,-95.36
账户4,603598,引力传媒,2026-05-18,2026-06-04,17.0,其他,-4.066324516383723,24.349533627884124,True,False,-0.9376273950264968,3.8320423970648054,-17.570322054626995,0.8230452674897082,4.691358024691361,1.7283950617283939,-13.17,-334.11
账户4,603678,火炬电子,2026-06-17,2026-06-22,5.0,半路(主升途中未追涨),2.968980797636611,5.897074925699997,True,False,0.9558291093410443,8.327299058653148,-9.051412020275162,-2.453019652847499,7.301678381867749,-2.8116482570649692,-8.27,-1730.4
账户4,603678,火炬电子,2026-06-18,2026-06-22,4.0,其他,-2.8116482570649692,7.99380325329202,True,False,-2.208429561200931,7.9676674364896005,-9.353348729792154,0.35424354243540623,1.6678966789667848,-3.7785977859778663,-8.57,-1799.4
账户4,603703,盛洋科技,2026-06-18,2026-06-22,4.0,其他,-2.2913256955810257,-3.092783505154628,False,False,-0.6655574043261225,2.4958402662229595,-4.742096505823634,0.0,1.0887772194305034,-2.7638190954773822,-0.67,-57.94
账户4,603897,长城科技,2026-05-11,2026-05-13,2.0,其他,-2.0880856290577343,10.125603864734313,True,False,-0.7647163435888338,6.313355859861303,-4.855059576738386,-2.3297491039426466,7.132616487455201,1.2544802867383575,-2.33,-143.86
账户4,603920,世运电路,2026-06-16,2026-06-17,1.0,其他,2.288488210818307,0.1736714136853168,False,False,0.5453306066802943,7.00408997955011,-1.7552828902522188,-0.7966101694915184,6.423728813559326,2.050847457627114,4.83,550.6
账户4,605258,协和电子,2026-06-16,2026-06-17,1.0,其他,2.35360044830486,-0.5295429208472813,False,False,0.21947873799725848,3.539094650205765,-2.7709190672153827,-0.5474952094169261,3.312346016972345,1.943607993430052,2.99,311.15
账户4,605299,舒华体育,2026-05-08,2026-05-13,5.0,半路(主升途中未追涨),3.7079510703363905,24.334600760456283,True,False,3.3130236100533006,5.331302361005319,-9.90099009900991,-1.7692591227423504,-0.47917434574271667,-7.666789531883522,-7.53,-803.47
账户4,605299,舒华体育,2026-05-08,2026-05-13,5.0,半路(主升途中未追涨),3.7079510703363905,24.334600760456283,True,False,3.3130236100533006,5.331302361005319,-9.90099009900991,-1.7692591227423504,-0.47917434574271667,-7.666789531883522,-7.53,-1003.08
账户4,605376,博迁新材,2026-05-08,2026-05-13,5.0,半路(主升途中未追涨),3.275915103045235,21.57816005983546,True,False,3.947368421052655,10.294117647058831,-2.35294117647058,0.8190618019359608,6.105733432613536,2.7252419955323903,0.86,94.22
