ts_code,ann_date,holder_name,holder_type,in_de,change_vol,change_ratio,after_share,after_ratio,avg_price,total_share,begin_date,close_date
002853.SZ,20260904,珠海鸿禄企业管理合伙企业(有限合伙),C,DE,260200.0,0.2022,10679984.0,8.298,,10679984.0,20260609,20260827
001287.SZ,20260904,北京中电发展股权投资基金合伙企业(有限合伙),C,DE,2170000.0,0.2856,13357828.0,1.7578,28.73,13357828.0,20260604,20260903
001287.SZ,20260904,坤润一期(天津)股权投资合伙企业(有限合伙),C,DE,4026100.0,0.5298,39944425.0,5.2565,28.73,39944425.0,20260604,20260903
002558.SZ,20260904,上海腾澎投资合伙企业(有限合伙),C,DE,22410600.0,1.1792,154228515.0,8.1149,,154228515.0,20260831,20260903
920906.BJ,20260904,宁波众宇投资管理合伙企业(有限合伙),C,DE,90300.0,0.2707,444200.0,1.3317,,1291700.0,20260803,20260902
920906.BJ,20260904,贺宗贵,G,DE,568445.0,1.7042,2569997.0,7.7048,,12339324.0,20260803,20260902
600905.SH,20260904,中国长江三峡集团有限公司,C,IN,24706912.0,0.0864,8439959007.0,29.5231,3.76,8439959007.0,20260720,20260902
605055.SH,20260904,海南迎丰领航创业投资合伙企业(有限合伙),C,DE,3947300.0,0.8971,33947437.0,7.7153,10.4236,33947437.0,20260603,20260902
601096.SH,20260904,国新建源股权投资基金(成都)合伙企业(有限合伙),C,DE,2199800.0,0.1339,336008933.0,20.4512,,336008933.0,20260622,20260902
920371.BJ,20260904,刘文,G,DE,486465.0,0.2497,2203208.0,1.131,,10272227.0,20260902,20260902
920123.BJ,20260904,广州市白云投资基金管理有限公司-广州云美产业投资合伙企业(有限合伙),C,DE,347500.0,0.5347,5229429.0,8.0471,11.1205,5229429.0,20260819,20260901
920422.BJ,20260904,熊新国,G,DE,884900.0,1.3362,973190.0,1.4696,,8848190.0,20260827,20260903
300804.SZ,20260904,深圳市华拓至远叁号投资企业(有限合伙),C,DE,60000.0,0.2182,0.0,,39.73,0.0,20260730,20260730
603260.SH,20260904,宁波合盛集团有限公司,C,DE,2281161.0,0.193,417797769.0,35.3405,,417797769.0,20260811,20260902
603893.SH,20260904,黄旭,P,DE,3203200.0,0.7571,56000070.0,13.236,,56000070.0,20260626,20260903
001296.SZ,20260904,熊杰,G,DE,1474183.0,1.8204,5256756.0,6.4912,,28156744.0,20260901,20260902
000700.SZ,20260904,江阴模塑集团有限公司,C,DE,10978700.0,1.1959,295625170.0,0.0032,,295625170.0,20260902,20260903
601615.SH,20260904,王成奎,G,IN,108000.0,0.0048,,,9.3648,108000.0,20260903,20260903
603488.SH,20260904,奚方,P,DE,2219900.0,0.7603,0.0,,10.0149,0.0,20260604,20260903
920187.BJ,20260904,项建武,G,IN,20000.0,0.0602,49900.0,0.1503,20.6176,5971599.0,20260605,20260903
920187.BJ,20260904,项春潮,G,IN,103000.0,0.3103,153000.0,0.4609,20.5722,9754455.0,20260605,20260903
603098.SH,20260904,刘爱森,G,IN,1862741.0,0.3457,142332246.0,26.4165,,142332246.0,20260721,20260902
002767.SZ,20260904,石义民,G,DE,7200.0,0.0055,5773434.0,4.4314,18.43,25237835.0,20260903,20260903
002767.SZ,20260904,石义民,G,DE,150000.0,0.1151,5780634.0,4.437,18.31,25245035.0,20260902,20260902
002767.SZ,20260904,石义民,G,DE,154100.0,0.1183,5930634.0,4.5521,18.41,25395035.0,20260901,20260901
002767.SZ,20260904,石义民,G,DE,234000.0,0.1796,6084734.0,4.6704,18.45,25549135.0,20260831,20260831
002767.SZ,20260904,石义民,G,DE,165400.0,0.127,6318734.0,4.85,18.46,25783135.0,20260828,20260828
002767.SZ,20260904,石义民,G,DE,4000.0,0.0031,6484134.0,4.9769,20.19,25948535.0,20260707,20260707
688389.SH,20260904,邱亮,G,DE,90000.0,0.021,,,11.1483,4000385.0,20260603,20260902
688101.SH,20260904,清源(中国)有限公司,C,DE,640784.0,0.193,69081750.0,20.807,,69081750.0,20260713,20260713
600866.SH,20260904,宁夏伊品投资集团有限公司,C,DE,16066200.0,0.967,131081129.0,7.8895,,131081129.0,20260806,20260902
920111.BJ,20260904,温州聚极企业管理合伙企业(有限合伙),C,DE,400000.0,0.5313,1485750.0,1.9734,,3450000.0,20260821,20260902
603045.SH,20260904,王达武,G,DE,2237100.0,1.6517,29346806.0,21.6669,,29346806.0,20260831,20260903
300417.SZ,20260903,梁伟明,G,DE,19100.0,0.0218,25.0,0.0,11.01,57400.0,20260812,20260812
300417.SZ,20260903,肖泽民,G,DE,16200.0,0.0185,87.0,0.0001,12.1,48946.0,20260901,20260901
300417.SZ,20260903,杨耀光,G,DE,617946.0,0.7045,2459054.0,2.8035,11.72,14921054.0,20260831,20260901
002005.SZ,20260903,北京风炎私募基金管理有限公司-北京风炎臻选2号私募证券投资基金,C,DE,16477800.0,0.9405,86241157.0,4.9225,,86241157.0,20260728,20260901
301221.SZ,20260903,张龙,G,DE,21000.0,0.0235,0.0,,28.92,63000.0,20260831,20260901
300434.SZ,20260903,郑志勇,G,DE,550000.0,0.1602,226326.0,0.0659,11.26,2915304.0,20260602,20260901
000560.SZ,20260903,天津东银玉衡企业管理咨询中心(有限合伙),C,DE,23555000.0,1.0055,151518202.0,6.4677,,151518202.0,20260819,20260901
601668.SH,20260903,中国建筑集团有限公司,C,IN,11598000.0,0.0281,23855325325.0,57.7326,4.3107,23855325325.0,20260902,20260902
603067.SH,20260903,杨帆,G,DE,200000.0,0.0265,,,46.3567,1267783.0,20260625,20260625
603067.SH,20260903,柯尊友,G,DE,291500.0,0.0386,,,40.4564,874940.0,20260603,20260624
603067.SH,20260903,方红斌,G,DE,90000.0,0.0119,,,39.4078,1404036.0,20260603,20260701
603067.SH,20260903,石大学,G,DE,239000.0,0.0316,,,36.56,724067.0,20260603,20260622
603067.SH,20260903,朱桂林,G,DE,47000.0,0.0062,,,39.7,143000.0,20260622,20260622
688737.SH,20260903,陈耀强,G,DE,10000.0,0.0084,3422000.0,2.8621,26.34,3422000.0,20260611,20260902
603730.SH,20260903,姜银台,G,DE,12504800.0,0.582,314309377.0,14.6286,10.1609,314309377.0,20260603,20260902
603730.SH,20260903,姜明,G,DE,7585000.0,0.353,125591585.0,5.8453,9.72,125591585.0,20260603,20260902
688293.SH,20260903,北京磐茂投资管理有限公司-磐信(上海)投资中心(有限合伙),C,DE,1046900.0,0.8935,6062764.0,5.1745,,6062764.0,20260810,20260901
920876.BJ,20260903,新余市慧创投资管理合伙企业(有限合伙),C,DE,806025.0,2.0537,5612018.0,14.2988,,5612018.0,20260826,20260901
920110.BJ,20260903,珠海雷田投资合伙企业(有限合伙),C,DE,270000.0,1.6627,2730000.0,16.8114,,2730000.0,20260825,20260901
301198.SZ,20260903,宁波旺科企业管理合伙企业(有限合伙),C,DE,1350000.0,0.8319,8788000.0,5.4154,,8788000.0,20260604,20260901
002536.SZ,20260903,河南省宛西控股股份有限公司,C,DE,1635000.0,0.2998,176860440.0,32.4323,,176860440.0,20260902,20260902
002536.SZ,20260903,河南省宛西控股股份有限公司,C,DE,1510000.0,0.2769,178495440.0,32.7321,,178495440.0,20260827,20260827
002536.SZ,20260903,河南省宛西控股股份有限公司,C,DE,420000.0,0.077,180005440.0,33.009,,180005440.0,20260826,20260826
002536.SZ,20260903,河南省宛西控股股份有限公司,C,DE,505724.0,0.0927,180425440.0,33.086,,180425440.0,20260825,20260825
002536.SZ,20260903,河南省宛西控股股份有限公司,C,DE,220000.0,0.0403,180931164.0,33.1787,,180931164.0,20260724,20260724
002536.SZ,20260903,河南省宛西控股股份有限公司,C,DE,280000.0,0.0513,181151164.0,33.2191,,181151164.0,20260723,20260723
688551.SH,20260903,邰坤,G,DE,500000.0,0.4587,2379500.0,2.1831,36.6787,2379500.0,20260730,20260901
001390.SZ,20260903,安徽省农业产业化发展基金有限公司,C,DE,200000.0,0.1684,13800000.0,11.6182,,13800000.0,20260901,20260901
000035.SZ,20260903,南通乾创投资有限公司,C,IN,6239300.0,0.2697,427761483.0,18.4928,,427761483.0,20260812,20260901
000788.SZ,20260903,西南合成医药集团有限公司,C,DE,4888585.0,0.8202,120536017.0,20.2246,,120536017.0,20260810,20260901
920926.BJ,20260903,湛江广盈投资中心(有限合伙),C,DE,470000.0,0.5862,5327762.0,6.6446,,12232000.0,20260806,20260902
920375.BJ,20260903,珠海乐派企业管理中心(有限合伙),C,DE,83800.0,0.0922,464920.0,0.5116,7.3688,5167800.0,20260901,20260901
920375.BJ,20260903,珠海乐创企业管理有限公司,C,DE,117000.0,0.1287,3045080.0,3.3506,7.2326,18024408.0,20260901,20260901
920375.BJ,20260903,邓翔,G,DE,20000.0,0.022,3995516.0,4.3963,6.8086,20257580.0,20260901,20260901
920422.BJ,20260903,连云港金海创业投资有限公司,C,DE,7750.0,0.0117,3390006.0,5.1191,9.6086,3390006.0,20260902,20260902
300047.SZ,20260903,陈友,G,DE,1000000.0,0.1722,12034443.0,2.0728,,51137772.0,20260814,20260814
301281.SZ,20260903,济南安富创业投资合伙企业(有限合伙),C,DE,612900.0,0.8638,45.0,0.0001,46.11,377100.0,20260831,20260902
300519.SZ,20260903,嵊州市和丰投资股份有限公司,C,DE,797000.0,0.6985,20002900.0,17.531,14.88,20002900.0,20260825,20260902
301389.SZ,20260903,隆扬国际股份有限公司,C,DE,530000.0,0.1869,195192953.0,68.8511,54.18,195192953.0,20260828,20260903
301389.SZ,20260903,昆山群展商务咨询合伙企业(有限合伙),C,DE,1965500.0,0.6933,591947.0,0.2088,,591947.0,20260622,20260831
300414.SZ,20260903,周辉,G,DE,33816.0,0.0107,0.0,,11.0,101448.0,20260901,20260901
300414.SZ,20260903,王雪颖,G,DE,830000.0,0.2629,2401842.0,0.7609,12.1,12097367.0,20260603,20260902
300047.SZ,20260903,陈友,G,DE,1500000.0,0.2584,9034443.0,1.5561,,48137772.0,20260902,20260902
300047.SZ,20260903,陈友,G,DE,1500000.0,0.2584,10534443.0,1.8145,,49637772.0,20260901,20260901
301033.SZ,20260903,深圳市凯盈科技有限公司,C,DE,80100.0,0.1421,3836149.0,6.8033,56.0,3836149.0,20260807,20260901
301591.SZ,20260903,徐长旭,P,DE,367390.0,0.822,25958.0,0.0581,53.6542,1206000.0,20260615,20260828
301591.SZ,20260903,靳予,G,DE,113685.0,0.2544,0.0,,54.592,341055.0,20260615,20260903
301591.SZ,20260903,林丰,G,DE,90000.0,0.2014,81600.0,0.1826,53.3333,596400.0,20260615,20260828
002072.SZ,20260903,湖北农谷实业集团有限责任公司,C,DE,3546000.0,0.9648,31354000.0,8.531,,31354000.0,20260703,20260901
001298.SZ,20260903,深圳市芯跑私募股权投资基金管理有限公司-南京创熠芯跑一号科技投资合伙企业(有限合伙),C,DE,222590.0,0.0546,0.0,,19.13,0.0,20260707,20260901
000801.SZ,20260903,四川九洲创业投资有限责任公司,C,IN,1572091.0,0.1547,13386191.0,1.3176,,13386191.0,20260611,20260901
000801.SZ,20260903,张邯,G,IN,10000.0,0.001,,,11.0,19027.0,20260603,20260901
000801.SZ,20260903,程旗,G,IN,15000.0,0.0015,,,12.8267,355380.0,20260603,20260901
000801.SZ,20260903,罗来所,G,IN,10000.0,0.001,10000.0,0.001,11.3399,10000.0,20260603,20260901
000801.SZ,20260903,谷雨,G,IN,9900.0,0.001,9900.0,0.001,12.0374,9900.0,20260603,20260901
000801.SZ,20260903,邓明兴,G,IN,7800.0,0.0008,,,10.9454,23478.0,20260603,20260901
601199.SH,20260902,长城人寿保险股份有限公司,C,DE,4016100.0,0.4294,56112600.0,6.0,,56112600.0,20260527,20260831
601360.SH,20260902,天津奇信志成科技有限公司,C,DE,31752524.0,0.4536,3264991639.0,46.6457,,3264991639.0,20260715,20260831
688433.SH,20260902,侯银华,P,DE,3820273.0,0.9193,41557913.0,10.0,,41557913.0,20260825,20260901
600566.SH,20260902,黄曲荣,G,DE,96000.0,0.0104,,,25.68,288000.0,20260831,20260831
603032.SH,20260902,杜海涛,G,DE,19700.0,0.0085,,,19.88,59300.0,20260813,20260831
301511.SZ,20260902,甘肃拓阵股权投资基金合伙企业(有限合伙),C,DE,6012700.0,1.5083,25089896.0,6.2938,,25089896.0,20260715,20260902
301332.SZ,20260902,磐茂(上海)投资中心(有限合伙),C,DE,3266000.0,1.2332,54902875.0,20.7306,,54902875.0,20260810,20260901
301533.SZ,20260902,重庆威创企业管理咨询合伙企业(有限合伙),C,DE,50900.0,0.1783,359500.0,1.2592,31.01,1779500.0,20260901,20260901
301533.SZ,20260902,重庆威创企业管理咨询合伙企业(有限合伙),C,DE,37100.0,0.13,410400.0,1.4375,31.21,1830400.0,20260831,20260831
300798.SZ,20260902,肖卫兵,G,DE,1472300.0,0.3629,7427723.0,1.8308,,34127793.0,20260804,20260901
600067.SH,20260902,福建丰榕投资有限公司,C,DE,9073700.0,0.652,477929766.0,34.3422,,477929766.0,20260812,20260901
002871.SZ,20260902,范庆伟,G,DE,1000000.0,0.6693,28639000.0,19.1676,14.9,120484000.0,20260811,20260811
002115.SZ,20260902,李越伦,G,DE,1170000.0,0.1568,10217475.0,1.3691,10.65,68914500.0,20260831,20260831
002115.SZ,20260902,李越伦,G,DE,833000.0,0.1116,11387475.0,1.5259,10.67,70084500.0,20260828,20260828
002115.SZ,20260902,李越伦,G,DE,400000.0,0.0536,12220475.0,1.6375,10.74,70917500.0,20260827,20260827
002115.SZ,20260902,李越伦,G,DE,595200.0,0.0798,12620475.0,1.6911,10.82,71317500.0,20260824,20260824
002115.SZ,20260902,李越伦,G,DE,3000000.0,0.402,13215675.0,1.7709,11.16,71912700.0,20260731,20260731
600540.SH,20260902,中新建胡杨私募股权基金管理有限公司-新疆中新建胡杨产业投资基金合伙企业(有限合伙),C,DE,4863200.0,0.8365,29068851.0,5.0,,29068851.0,20260901,20260901
920735.BJ,20260902,范世忠,G,DE,660000.0,0.5783,1003200.0,0.879,26.5628,5992800.0,20260826,20260831
603936.SH,20260902,谢小梅,G,DE,6453480.0,1.0237,33611000.0,5.3317,,33611000.0,20260722,20260831
603936.SH,20260902,徐缓,G,DE,3610000.0,0.5727,68431919.0,10.8554,,68431919.0,20260831,20260831
002756.SZ,20260902,杨国华,G,DE,70000.0,0.0178,1500.0,0.0004,45.98,216000.0,20260826,20260831
002756.SZ,20260902,姚国华,G,DE,27000.0,0.0069,4750.0,0.0012,46.22,100000.0,20260827,20260831
920028.BJ,20260902,张中延,P,IN,69900.0,0.1076,1692900.0,2.6061,15.1834,1692900.0,20260630,20260828
001296.SZ,20260902,熊杰,G,DE,902390.0,1.1143,6730939.0,8.3116,,29630927.0,20260831,20260831
920422.BJ,20260902,连云港金海创业投资有限公司,C,DE,995340.0,1.503,3397756.0,5.1308,,3397756.0,20260831,20260901
002656.SZ,20260902,金融街证券股份有限公司,C,DE,4074100.0,0.5933,60007148.0,8.7393,,60007148.0,20260612,20260630
920375.BJ,20260902,珠海乐派企业管理中心(有限合伙),C,DE,627000.0,0.6899,548720.0,0.6038,,5251600.0,20260709,20260831
920375.BJ,20260902,珠海乐创企业管理有限公司,C,DE,582752.0,0.6412,3162080.0,3.4793,,18141408.0,20260729,20260831
920375.BJ,20260902,李健,G,DE,280000.0,0.3081,2239608.0,2.4643,,12318040.0,20260831,20260831
920375.BJ,20260902,邓翔,G,DE,50000.0,0.055,4015516.0,4.4184,,20277580.0,20260831,20260831
300823.SZ,20260902,陈振生,P,DE,40000.0,0.0461,8667705.0,9.9911,15.19,8667705.0,20260828,20260831
920504.BJ,20260902,韩培养,P,DE,20000.0,0.117,0.0,,18.2167,0.0,20260811,20260812
920504.BJ,20260902,吕国平,P,DE,112000.0,0.6553,50000.0,0.2925,17.3667,50000.0,20260811,20260814
920504.BJ,20260902,吕国华,P,DE,531000.0,3.1067,48000.0,0.2808,13.5,48000.0,20260806,20260806
920504.BJ,20260902,吕明媚,P,DE,10000.0,0.0585,790000.0,4.6221,18.345,790000.0,20260811,20260831
920237.BJ,20260902,广州鹏辉能源科技股份有限公司,C,DE,122900.0,0.1318,7892250.0,8.465,12.8117,7892250.0,20260828,20260828
001288.SZ,20260902,自贡市博宏丝绸有限公司,C,DE,1390700.0,0.9157,11688320.0,7.6961,,11688320.0,20260804,20260901
603139.SH,20260902,上海创响盈企业管理合伙企业(有限合伙),C,DE,998800.0,1.0,4994000.0,5.0,,4994000.0,20260716,20260831
688521.SH,20260902,国家集成电路产业投资基金股份有限公司,C,DE,494700.0,0.0941,26295741.0,5.0,,26295741.0,20260831,20260831
002871.SZ,20260902,范庆伟,G,DE,1787231.0,1.1962,26851769.0,17.9714,15.31,118696769.0,20260831,20260831
301580.SZ,20260902,苏州君联欣康创业投资合伙企业(有限合伙),C,DE,884530.0,0.8773,2797089.0,2.7742,,2797089.0,20260807,20260901
301580.SZ,20260902,康拓有限公司,C,DE,565100.0,0.5605,4662439.0,4.6243,,4662439.0,20260807,20260901
301533.SZ,20260902,重庆宝厚企业营销策划合伙企业(有限合伙),C,DE,188000.0,0.6585,0.0,,30.42,0.0,20260831,20260831
601199.SH,20260902,长城人寿保险股份有限公司,C,DE,4016100.0,0.4294,56112600.0,6.0,,56112600.0,20260527,20260831
601360.SH,20260902,天津奇信志成科技有限公司,C,DE,31752524.0,0.4536,3264991639.0,46.6457,,3264991639.0,20260715,20260831
688433.SH,20260902,侯银华,P,DE,3820273.0,0.9193,41557913.0,10.0,,41557913.0,20260825,20260901
600566.SH,20260902,黄曲荣,G,DE,96000.0,0.0104,,,25.68,288000.0,20260831,20260831
603032.SH,20260902,杜海涛,G,DE,19700.0,0.0085,,,19.88,59300.0,20260813,20260831
600067.SH,20260902,福建丰榕投资有限公司,C,DE,9073700.0,0.652,477929766.0,34.3422,,477929766.0,20260812,20260901
002871.SZ,20260902,范庆伟,G,DE,1000000.0,0.6693,28639000.0,19.1676,14.9,120484000.0,20260811,20260811
002115.SZ,20260902,李越伦,G,DE,1170000.0,0.1568,10217475.0,1.3691,10.65,68914500.0,20260831,20260831
002115.SZ,20260902,李越伦,G,DE,833000.0,0.1116,11387475.0,1.5259,10.67,70084500.0,20260828,20260828
002115.SZ,20260902,李越伦,G,DE,400000.0,0.0536,12220475.0,1.6375,10.74,70917500.0,20260827,20260827
002115.SZ,20260902,李越伦,G,DE,595200.0,0.0798,12620475.0,1.6911,10.82,71317500.0,20260824,20260824
002115.SZ,20260902,李越伦,G,DE,3000000.0,0.402,13215675.0,1.7709,11.16,71912700.0,20260731,20260731
600540.SH,20260902,中新建胡杨私募股权基金管理有限公司-新疆中新建胡杨产业投资基金合伙企业(有限合伙),C,DE,4863200.0,0.8365,29068851.0,5.0,,29068851.0,20260901,20260901
920735.BJ,20260902,范世忠,G,DE,660000.0,0.5783,4989600.0,4.3717,26.5628,5992800.0,20260826,20260831
603936.SH,20260902,谢小梅,G,DE,6453480.0,1.0237,33611000.0,5.3317,,33611000.0,20260722,20260831
603936.SH,20260902,徐缓,G,DE,3610000.0,0.5727,68431919.0,10.8554,,68431919.0,20260831,20260831
002756.SZ,20260902,杨国华,G,DE,70000.0,0.0178,1500.0,0.0004,45.98,216000.0,20260826,20260831
002756.SZ,20260902,姚国华,G,DE,27000.0,0.0069,4750.0,0.0012,46.22,100000.0,20260827,20260831
920028.BJ,20260902,张中延,P,IN,69900.0,0.1076,1692900.0,2.6061,15.1834,1692900.0,20260630,20260828
001296.SZ,20260902,熊杰,G,DE,902390.0,1.1143,6730939.0,8.3116,,29630927.0,20260831,20260831
920422.BJ,20260902,连云港金海创业投资有限公司,C,DE,995340.0,1.503,3397756.0,5.1308,,3397756.0,20260831,20260901
002656.SZ,20260902,金融街证券股份有限公司,C,DE,4074100.0,0.5933,60007148.0,8.7393,,60007148.0,20260612,20260630
920375.BJ,20260902,珠海乐派企业管理中心(有限合伙),C,DE,627000.0,0.6899,548720.0,0.6038,,5251600.0,20260709,20260831
920375.BJ,20260902,珠海乐创企业管理有限公司,C,DE,582752.0,0.6412,3162080.0,3.4793,,18141408.0,20260729,20260831
920375.BJ,20260902,李健,G,DE,280000.0,0.3081,2239608.0,2.4643,,12318040.0,20260831,20260831
920375.BJ,20260902,邓翔,G,DE,50000.0,0.055,4015516.0,4.4184,,20277580.0,20260831,20260831
300823.SZ,20260902,陈振生,P,DE,40000.0,0.0461,8667705.0,9.9911,15.19,8667705.0,20260828,20260831
920504.BJ,20260902,韩培养,P,DE,20000.0,0.117,0.0,,18.2167,0.0,20260811,20260812
920504.BJ,20260902,吕国平,P,DE,112000.0,0.6553,50000.0,0.2925,17.3667,50000.0,20260811,20260814
920504.BJ,20260902,吕国华,P,DE,531000.0,3.1067,48000.0,0.2808,13.5,48000.0,20260806,20260806
920504.BJ,20260902,吕明媚,P,DE,10000.0,0.0585,790000.0,4.6221,18.345,790000.0,20260811,20260831
920237.BJ,20260902,广州鹏辉能源科技股份有限公司,C,DE,122900.0,0.1318,7892250.0,8.465,12.8117,7892250.0,20260828,20260828
001288.SZ,20260902,自贡市博宏丝绸有限公司,C,DE,1390700.0,0.9157,11688320.0,7.6961,,11688320.0,20260804,20260901
603139.SH,20260902,上海创响盈企业管理合伙企业(有限合伙),C,DE,998800.0,1.0,4994000.0,5.0,,4994000.0,20260716,20260831
688521.SH,20260902,国家集成电路产业投资基金股份有限公司,C,DE,494700.0,0.0941,26295741.0,5.0,,26295741.0,20260831,20260831
002871.SZ,20260902,范庆伟,G,DE,1787231.0,1.1962,26851769.0,17.9714,15.31,118696769.0,20260831,20260831
300963.SZ,20260901,韩明,P,DE,1575800.0,0.4627,33166722.0,9.7379,,33166722.0,20260806,20260831
300761.SZ,20260901,林州昊鸣技术服务中心(有限合伙),C,DE,1731700.0,0.2677,26767005.0,4.1386,,26767005.0,20260720,20260831
300907.SZ,20260901,海南康平控股集团有限公司,C,IN,443500.0,0.462,42503500.0,44.2745,,42503500.0,20260717,20260901
300592.SZ,20260901,罗晔,P,DE,1300000.0,0.378,11202972.0,3.2578,,11202972.0,20260717,20260831
300592.SZ,20260901,周新华,G,DE,2030000.0,0.5903,18352458.0,5.3368,,19562058.0,20260717,20260831
001696.SZ,20260901,胡显源,G,DE,44144.0,0.005,0.0,,14.91,132431.0,20260601,20260831
003005.SZ,20260901,江源东,G,DE,2313800.0,1.7242,9943200.0,7.4095,,46714200.0,20260831,20260831
001356.SZ,20260901,穀风投资有限公司,C,DE,5436500.0,2.5681,58930000.0,27.837,,58930000.0,20260717,20260831
002568.SZ,20260901,喻晨,G,IN,254800.0,0.0334,,,,596900.0,20260721,20260831
002568.SZ,20260901,马良,G,IN,505900.0,0.0664,1087400.0,0.1427,,1087400.0,20260721,20260831
002568.SZ,20260901,刘嘉瑞,G,IN,505300.0,0.0663,1110300.0,0.1457,,1110300.0,20260721,20260831
600847.SH,20260901,北京盈动安通科技有限公司,C,DE,4600.0,0.003,2884512.0,1.8818,,2884512.0,20260831,20260831
600847.SH,20260901,北京世达祺祥贸易有限公司,C,DE,1620000.0,1.0568,1211100.0,0.7901,,1211100.0,20260826,20260831
603225.SH,20260901,屈凤琪,P,DE,2442000.0,0.1464,80226238.0,4.8082,,80226238.0,20260811,20260831
301398.SZ,20260901,宁波源星雄控股有限公司,C,DE,139200.0,0.1275,67522800.0,61.8441,,67522800.0,20260831,20260831
301498.SZ,20260901,王鹏,G,IN,7700.0,0.0041,,,39.3079,7700.0,20260423,20260901
301498.SZ,20260901,杜士芳,G,IN,25500.0,0.0135,,,39.27,169000.0,20260423,20260901
301498.SZ,20260901,秦华,G,IN,254100.0,0.1341,,,39.365,183333118.0,20260423,20260901
300720.SZ,20260901,郑锦康,P,DE,1743700.0,0.9469,19487641.0,10.5828,,19487641.0,20260601,20260831
300720.SZ,20260901,梁俊,P,DE,383100.0,0.208,10455740.0,5.678,,10455740.0,20260828,20260831
301229.SZ,20260901,扬中高投毅达创业投资基金合伙企业(有限合伙),C,DE,437000.0,0.338,503012.0,0.3891,12.28,503012.0,20260623,20260901
301229.SZ,20260901,淮安高投毅达创新创业投资基金(有限合伙),C,DE,440500.0,0.3407,647001.0,0.5005,12.3,647001.0,20260623,20260901
301229.SZ,20260901,江苏疌泉毅达战新创业投资合伙企业(有限合伙),C,DE,764000.0,0.591,2015798.0,1.5592,12.24,2015798.0,20260623,20260901
300751.SZ,20260901,上海浩视仪器科技有限公司,C,DE,77500.0,0.0402,13957062.0,7.2373,221.94,13957062.0,20260826,20260831
300751.SZ,20260901,上海浩视仪器科技有限公司,C,DE,87900.0,0.0456,14034562.0,7.2775,292.64,14034562.0,20260625,20260701
300929.SZ,20260901,王凤仙,P,IN,1434400.0,1.1442,10156240.0,8.1016,,10156240.0,20260828,20260901
300929.SZ,20260901,王根九,P,IN,471700.0,0.3763,13277880.0,10.5918,,13277880.0,20260827,20260901
301391.SZ,20260901,深圳佳和睿信科技有限责任公司,C,DE,950500.0,1.0239,7158499.0,7.7109,,7158499.0,20260723,20260901
301608.SZ,20260901,谭晓勇,G,DE,275359.0,0.4627,811792.0,1.3642,,6778124.0,20260828,20260831
600221.SH,20260901,天津渤海四号租赁有限公司,C,DE,36214128.0,0.0845,0.0,,,0.0,20260812,20260821
600221.SH,20260901,广州南沙渤海三号租赁有限公司,C,DE,24320005.0,0.0568,0.0,,1.31,0.0,20260825,20260826
600221.SH,20260901,广州南沙渤海一号租赁有限公司,C,DE,58315417.0,0.1361,0.0,,1.3,0.0,20260821,20260828
600221.SH,20260901,安隆(天津)航空租赁有限公司,C,DE,97924348.0,0.2286,0.0,,,0.0,20260812,20260825
002565.SZ,20260901,上海顺灏新材料科技股份有限公司-2025年员工持股计划,C,DE,28661750.0,2.7041,0.0,,,0.0,,20260831
600703.SH,20260901,林志强,G,IN,770000.0,0.0154,3570000.0,0.0716,,3570000.0,20260720,20260831
600509.SH,20260901,中新建电力集团有限责任公司,C,IN,8763100.0,0.6376,488835740.0,36.6376,,488835740.0,20260720,20260831
920926.BJ,20260901,湛江市官渡光明电器有限公司,C,DE,334640.0,0.4173,12367360.0,15.424,,12367360.0,20260805,20260831
603063.SH,20260901,周党生,G,DE,400.0,0.0001,,,52.63,3798243.0,20260618,20260618
603063.SH,20260901,梁龙伟,G,DE,55000.0,0.012,,,55.3,748600.0,20260603,20260603
603063.SH,20260901,王琰,G,DE,216000.0,0.0467,,,55.1979,2248087.0,20260603,20260625
002083.SZ,20260901,高密安信投资管理股份有限公司,C,IN,1963490.0,0.2075,106093754.0,11.2113,,106093754.0,20260715,20260831
920212.BJ,20260901,潍坊智联企业管理中心(有限合伙),C,DE,148076.0,0.287,3839924.0,7.4414,,3839924.0,20260820,20260828
920212.BJ,20260901,李良伟,G,DE,216017.0,0.4186,8724251.0,16.9067,,35576669.0,20260820,20260828
920212.BJ,20260901,赵庆福,G,DE,215156.0,0.417,8725112.0,16.9084,,35577531.0,20260820,20260828
920363.BJ,20260901,常州市莱赛投资合伙企业(有限合伙),C,DE,888122.0,1.2595,4121779.0,5.8455,,6911878.0,20260831,20260831
000425.SZ,20260901,徐州工程机械集团有限公司,C,IN,1276100.0,0.0142,94910747.0,27.4616,7.84,2471015435.0,20260831,20260831
920026.BJ,20260901,苏州特瑞特云帆壹号企业管理咨询合伙企业(有限合伙),C,DE,945100.0,1.0911,2745238.0,3.1692,,3876746.0,20260825,20260828
605589.SH,20260901,唐磊,G,DE,200000.0,0.0236,,,55.0639,1850000.0,20260601,20260828
601339.SH,20260901,张奎,G,DE,350000.0,0.0233,,,,1500000.0,20260601,20260831
688186.SH,20260901,张家港广大特材股份有限公司2026年员工持股计划,C,IN,1470000.0,0.5241,,,,,20260803,20260831
300963.SZ,20260901,韩明,P,DE,1575800.0,0.4627,33166722.0,9.7379,,33166722.0,20260806,20260831
300761.SZ,20260901,林州昊鸣技术服务中心(有限合伙),C,DE,1731700.0,0.2677,26767005.0,4.1386,,26767005.0,20260720,20260831
300907.SZ,20260901,海南康平控股集团有限公司,C,IN,443500.0,0.462,42503500.0,44.2745,,42503500.0,20260717,20260901
300592.SZ,20260901,罗晔,P,DE,1300000.0,0.378,11202972.0,3.2578,,11202972.0,20260717,20260831
300592.SZ,20260901,周新华,G,DE,2030000.0,0.5903,18352458.0,5.3368,,19562058.0,20260717,20260831
001696.SZ,20260901,胡显源,G,DE,44144.0,0.005,0.0,,14.91,132431.0,20260601,20260831
003005.SZ,20260901,江源东,G,DE,2313800.0,1.7242,9943200.0,7.4095,,46714200.0,20260831,20260831
001356.SZ,20260901,穀风投资有限公司,C,DE,5436500.0,2.5681,58930000.0,27.837,,58930000.0,20260717,20260831
002568.SZ,20260901,喻晨,G,IN,254800.0,0.0334,,,,596900.0,20260721,20260831
002568.SZ,20260901,马良,G,IN,505900.0,0.0664,1087400.0,0.1427,,1087400.0,20260721,20260831
002568.SZ,20260901,刘嘉瑞,G,IN,505300.0,0.0663,1110300.0,0.1457,,1110300.0,20260721,20260831
600847.SH,20260901,北京盈动安通科技有限公司,C,DE,4600.0,0.003,2884512.0,1.8818,,2884512.0,20260831,20260831
600847.SH,20260901,北京世达祺祥贸易有限公司,C,DE,1620000.0,1.0568,1211100.0,0.7901,,1211100.0,20260826,20260831
603225.SH,20260901,屈凤琪,P,DE,2442000.0,0.1464,80226238.0,4.8082,,80226238.0,20260811,20260831
301398.SZ,20260901,宁波源星雄控股有限公司,C,DE,139200.0,0.1275,67522800.0,61.8441,,67522800.0,20260831,20260831
301498.SZ,20260901,王鹏,G,IN,7700.0,0.0041,,,39.3079,7700.0,20260423,20260901
301498.SZ,20260901,杜士芳,G,IN,25500.0,0.0135,,,39.27,169000.0,20260423,20260901
301498.SZ,20260901,秦华,G,IN,254100.0,0.1341,,,39.365,183333118.0,20260423,20260901
300720.SZ,20260901,郑锦康,P,DE,1743700.0,0.9469,19487641.0,10.5828,,19487641.0,20260601,20260831
300720.SZ,20260901,梁俊,P,DE,383100.0,0.208,10455740.0,5.678,,10455740.0,20260828,20260831
301229.SZ,20260901,扬中高投毅达创业投资基金合伙企业(有限合伙),C,DE,437000.0,0.338,503012.0,0.3891,12.28,503012.0,20260623,20260901
301229.SZ,20260901,淮安高投毅达创新创业投资基金(有限合伙),C,DE,440500.0,0.3407,647001.0,0.5005,12.3,647001.0,20260623,20260901
301229.SZ,20260901,江苏疌泉毅达战新创业投资合伙企业(有限合伙),C,DE,764000.0,0.591,2015798.0,1.5592,12.24,2015798.0,20260623,20260901
300751.SZ,20260901,上海浩视仪器科技有限公司,C,DE,77500.0,0.0402,13957062.0,7.2373,221.94,13957062.0,20260826,20260831
300751.SZ,20260901,上海浩视仪器科技有限公司,C,DE,87900.0,0.0456,14034562.0,7.2775,292.64,14034562.0,20260625,20260701
300929.SZ,20260901,王凤仙,P,IN,1434400.0,1.1442,10156240.0,8.1016,,10156240.0,20260828,20260901
300929.SZ,20260901,王根九,P,IN,471700.0,0.3763,13277880.0,10.5918,,13277880.0,20260827,20260901
301391.SZ,20260901,深圳佳和睿信科技有限责任公司,C,DE,950500.0,1.0239,7158499.0,7.7109,,7158499.0,20260723,20260901
301608.SZ,20260901,谭晓勇,G,DE,275359.0,0.4627,811792.0,1.3642,,6778124.0,20260828,20260831
600221.SH,20260901,天津渤海四号租赁有限公司,C,DE,36214128.0,0.0845,0.0,,,0.0,20260812,20260821
600221.SH,20260901,广州南沙渤海三号租赁有限公司,C,DE,24320005.0,0.0568,0.0,,1.31,0.0,20260825,20260826
600221.SH,20260901,广州南沙渤海一号租赁有限公司,C,DE,58315417.0,0.1361,0.0,,1.3,0.0,20260821,20260828
600221.SH,20260901,安隆(天津)航空租赁有限公司,C,DE,97924348.0,0.2286,0.0,,,0.0,20260812,20260825
002565.SZ,20260901,上海顺灏新材料科技股份有限公司-2025年员工持股计划,C,DE,28661750.0,2.7041,0.0,,,0.0,,20260831
600703.SH,20260901,林志强,G,IN,770000.0,0.0154,3570000.0,0.0716,,3570000.0,20260720,20260831
600509.SH,20260901,中新建电力集团有限责任公司,C,IN,8763100.0,0.6376,488835740.0,36.6376,,488835740.0,20260720,20260831
920926.BJ,20260901,湛江市官渡光明电器有限公司,C,DE,334640.0,0.4173,12367360.0,15.424,,12367360.0,20260805,20260831
603063.SH,20260901,周党生,G,DE,400.0,0.0001,,,52.63,3798243.0,20260618,20260618
603063.SH,20260901,梁龙伟,G,DE,55000.0,0.012,,,55.3,748600.0,20260603,20260603
603063.SH,20260901,王琰,G,DE,216000.0,0.0467,,,55.1979,2248087.0,20260603,20260625
002083.SZ,20260901,高密安信投资管理股份有限公司,C,IN,1963490.0,0.2075,106093754.0,11.2113,,106093754.0,20260715,20260831
920212.BJ,20260901,潍坊智联企业管理中心(有限合伙),C,DE,148076.0,0.287,3839924.0,7.4414,,3839924.0,20260820,20260828
920212.BJ,20260901,李良伟,G,DE,216017.0,0.4186,8724251.0,16.9067,,35576669.0,20260820,20260828
920212.BJ,20260901,赵庆福,G,DE,215156.0,0.417,8725112.0,16.9084,,35577531.0,20260820,20260828
920363.BJ,20260901,常州市莱赛投资合伙企业(有限合伙),C,DE,888122.0,1.2595,4121779.0,5.8455,,6911878.0,20260831,20260831
000425.SZ,20260901,徐州工程机械集团有限公司,C,IN,1276100.0,0.0142,94910747.0,27.4616,7.84,2471015435.0,20260831,20260831
920026.BJ,20260901,苏州特瑞特云帆壹号企业管理咨询合伙企业(有限合伙),C,DE,945100.0,1.0911,2745238.0,3.1692,,3876746.0,20260825,20260828
605589.SH,20260901,唐磊,G,DE,200000.0,0.0236,,,55.0639,1850000.0,20260601,20260828
601339.SH,20260901,张奎,G,DE,350000.0,0.0233,,,,1500000.0,20260601,20260831
688186.SH,20260901,张家港广大特材股份有限公司2026年员工持股计划,C,IN,1470000.0,0.5241,,,,,,20260831
301033.SZ,20260831,国寿成达(上海)健康产业股权投资中心(有限合伙),C,DE,601358.0,1.0665,0.0,,55.64,0.0,20260817,20260828
300016.SZ,20260831,宗利,G,DE,30600.0,0.0054,0.0,,9.05,91800.0,20260714,20260828
301429.SZ,20260831,芜湖瑞建汽车产业创业投资有限公司,C,DE,715400.0,1.6262,7560000.0,17.1849,,7560000.0,20260713,20260827
688409.SH,20260831,泰州祥浦创业投资基金合伙企业(有限合伙),C,DE,481739.0,0.1573,26944339.0,8.7993,,26944339.0,20260826,20260827
605580.SH,20260831,杜顺仙,P,DE,283000.0,0.1011,53311100.0,19.0397,,53311100.0,20260625,20260625
300585.SZ,20260831,刘军胜,P,DE,1840900.0,1.0759,11700037.0,6.8377,,11700037.0,20260623,20260828
301033.SZ,20260831,国寿成达(上海)健康产业股权投资中心(有限合伙),C,DE,601358.0,1.0665,0.0,,55.64,0.0,20260817,20260828
300016.SZ,20260831,宗利,G,DE,30600.0,0.0054,0.0,,9.05,91800.0,20260714,20260828
301429.SZ,20260831,芜湖瑞建汽车产业创业投资有限公司,C,DE,715400.0,1.6262,7560000.0,17.1849,,7560000.0,20260713,20260827
688409.SH,20260831,泰州祥浦创业投资基金合伙企业(有限合伙),C,DE,481739.0,0.1573,26944339.0,8.7993,,26944339.0,20260826,20260827
605580.SH,20260831,杜顺仙,P,DE,283000.0,0.1011,53311100.0,19.0397,,53311100.0,20260625,20260625
300585.SZ,20260831,刘军胜,P,DE,1840900.0,1.0759,11700037.0,6.8377,,11700037.0,20260623,20260828
601208.SH,20260829,周友,G,DE,75000.0,0.0074,,,55.5,225500.0,20260529,20260828
601208.SH,20260829,敬国仁,G,DE,43900.0,0.0043,,,48.9114,132100.0,20260529,20260828
601208.SH,20260829,李刚,G,DE,206800.0,0.0205,,,53.1908,624200.0,20260529,20260828
002796.SZ,20260829,康云华,G,DE,50000.0,0.022,0.0,,30.0,150000.0,20260828,20260828
002796.SZ,20260829,周燕飞,G,DE,50000.0,0.022,0.0,,30.26,150000.0,20260828,20260828
920237.BJ,20260829,广州鹏辉能源科技股份有限公司,C,DE,1488019.0,1.596,8015150.0,8.5969,,8015150.0,20260625,20260827
603360.SH,20260829,大连光曜致新舒鸿企业管理咨询合伙企业(有限合伙),C,DE,1700000.0,0.2407,180711659.0,25.5884,,180711659.0,20260827,20260827
600720.SH,20260829,中交资本控股有限公司,C,IN,1238700.0,0.1228,54732771.0,5.4242,5.25,54732771.0,20260828,20260828
300192.SZ,20260829,"苏州科德教育科技股份有限公司""跃迁者""第一期员工持股计划",C,IN,1523300.0,0.3345,,,12.9978,,20260731,20260828
300521.SZ,20260829,陕西省国际信托股份有限公司-陕国投·爱司凯2026年员工持股集合资金信托计划,C,IN,565400.0,0.3827,,,24.88,,,20260828
920422.BJ,20260829,连云港金海创业投资有限公司,C,DE,756904.0,1.143,4393096.0,6.6338,,4393096.0,20260825,20260828
601020.SH,20260829,青海西部稀贵金属有限公司,C,DE,6353400.0,0.7748,65982964.0,8.047,24.95,65982964.0,20260529,20260828
002923.SZ,20260829,李希,P,DE,1787800.0,0.6928,74717582.0,28.9531,,74717582.0,20260806,20260827
920079.BJ,20260829,黄胜全,G,IN,139144.0,0.1917,139144.0,0.1917,13.9922,246048478.0,20260827,20260827
601208.SH,20260829,陈杰,G,DE,142500.0,0.0141,,,50.15,428100.0,20260529,20260828
600757.SH,20260829,湖北长江出版传媒集团有限公司,C,IN,2188000.0,0.1803,685562204.0,56.4948,7.2761,685562204.0,20260828,20260828
300484.SZ,20260829,平潭蓝海华腾投资有限公司,C,DE,739915.0,0.4307,2947085.0,1.7157,12.34,2947085.0,20260706,20260804
300484.SZ,20260829,平潭蓝海中腾投资有限公司,C,DE,259945.0,0.1513,1015055.0,0.5909,12.35,1015055.0,20260730,20260804
300484.SZ,20260829,邱文渊,G,DE,500000.0,0.2911,4267260.0,2.4842,,20069042.0,20260612,20260804
002970.SZ,20260829,刘垒,G,DE,37000.0,0.0293,90010.0,0.0712,68.74,471041.0,20260616,20260616
601208.SH,20260829,梁倩倩,G,DE,9000.0,0.0009,,,55.9089,30000.0,20260529,20260828
002456.SZ,20260829,申成哲,G,IN,194900.0,0.0059,,,,1398500.0,20260717,20260828
002456.SZ,20260829,黄丽辉,G,IN,199600.0,0.006,,,,3935852.0,20260717,20260828
603150.SH,20260829,安徽高新金通安益二期创业投资基金(有限合伙),C,DE,1729600.0,2.0233,2544630.0,2.9768,62.8751,2544630.0,20260605,20260828
601208.SH,20260829,李文权,G,DE,127000.0,0.0126,,,51.6918,384800.0,20260529,20260828
688600.SH,20260829,黄文平,G,DE,59200.0,0.0439,8082309.0,5.9999,,8082309.0,20260818,20260827
688700.SH,20260829,昆山家悦家悦企业管理中心(有限合伙),C,DE,165700.0,0.0555,1754760.0,0.5881,,1754760.0,20260721,20260827
688700.SH,20260829,昆山方方圆圆企业管理中心(有限合伙),C,DE,778228.0,0.2608,7919858.0,2.6541,,7919858.0,20260721,20260827
601065.SH,20260829,宁波信达汉石龙脊股权投资合伙企业(有限合伙),C,DE,4737700.0,0.7371,71533978.0,11.1289,,71533978.0,20260811,20260828
688222.SH,20260829,拉萨经济技术开发区华博医疗器械有限公司,C,DE,2197221.0,0.5484,37870579.0,9.4516,,37870579.0,20260701,20260811
688598.SH,20260829,童宇,G,DE,107542.0,0.0528,,,,322627.0,20260827,20260827
688598.SH,20260829,王跃军,G,DE,193981.0,0.0953,,,,581944.0,20260827,20260827
688598.SH,20260829,王冰泉,G,DE,171198.0,0.0841,,,,513596.0,20260827,20260827
688598.SH,20260829,李军,G,DE,129384.0,0.0636,,,,388155.0,20260827,20260827
688535.SH,20260829,天水华天科技股份有限公司,C,DE,1219683.0,0.9134,2180582.0,1.633,164.8473,2180582.0,20260528,20260827
603115.SH,20260829,南通联力投资管理有限公司,C,DE,2614400.0,1.0689,9984600.0,4.0823,,9984600.0,20260821,20260827
603699.SH,20260829,陆斌,P,DE,2167828.0,0.2859,75792654.0,9.9971,,75792654.0,20260804,20260828
002203.SZ,20260829,海亮集团有限公司,C,IN,15695105.0,0.6974,627516439.0,27.8847,,627516439.0,20260804,20260828
920871.BJ,20260829,赵伟才,G,DE,70000.0,0.1488,25172.0,0.0535,10.9034,409688.0,20260818,20260827
920871.BJ,20260829,黄海玲,G,DE,1000.0,0.0021,,,10.9,150800.0,20260827,20260827
920871.BJ,20260829,唐江龙,G,DE,18000.0,0.0383,,,10.89,194520.0,20260827,20260827
920871.BJ,20260829,刘小平,G,DE,69000.0,0.1468,,,11.0934,325152.0,20260601,20260826
920871.BJ,20260829,黄续峰,G,DE,111648.0,0.2374,12036.0,0.0256,11.9023,482088.0,20260529,20260827
920016.BJ,20260829,怀远亿达康企业管理咨询合伙企业(有限合伙),C,DE,80000.0,0.2337,816934.0,2.3861,,1646129.0,20260827,20260827
002049.SZ,20260829,北京智路资产管理有限公司,C,IN,79400.0,0.0094,79400.0,0.0094,62.88,79400.0,20260828,20260828
601208.SH,20260829,周友,G,DE,75000.0,0.0074,,,55.5,225500.0,20260529,20260828
601208.SH,20260829,敬国仁,G,DE,43900.0,0.0043,,,48.9114,132100.0,20260529,20260828
601208.SH,20260829,李刚,G,DE,206800.0,0.0205,,,53.1908,624200.0,20260529,20260828
002796.SZ,20260829,康云华,G,DE,50000.0,0.022,0.0,,30.0,150000.0,20260828,20260828
002796.SZ,20260829,周燕飞,G,DE,50000.0,0.022,0.0,,30.26,150000.0,20260828,20260828
920237.BJ,20260829,广州鹏辉能源科技股份有限公司,C,DE,1488019.0,1.596,8015150.0,8.5969,,8015150.0,20260625,20260827
603360.SH,20260829,大连光曜致新舒鸿企业管理咨询合伙企业(有限合伙),C,DE,1700000.0,0.2407,180711659.0,25.5884,,180711659.0,20260827,20260827
600720.SH,20260829,中交资本控股有限公司,C,IN,1238700.0,0.1228,54732771.0,5.4242,5.25,54732771.0,20260828,20260828
300192.SZ,20260829,"苏州科德教育科技股份有限公司""跃迁者""第一期员工持股计划",C,IN,1523300.0,0.3345,,,12.9978,,20260731,20260828
300521.SZ,20260829,陕西省国际信托股份有限公司-陕国投·爱司凯2026年员工持股集合资金信托计划,C,IN,565400.0,0.3827,,,24.88,,,20260828
920422.BJ,20260829,连云港金海创业投资有限公司,C,DE,756904.0,1.143,4393096.0,6.6338,,4393096.0,20260825,20260828
601020.SH,20260829,青海西部稀贵金属有限公司,C,DE,6353400.0,0.7748,65982964.0,8.047,24.95,65982964.0,20260529,20260828
002923.SZ,20260829,李希,P,DE,1787800.0,0.6928,74717582.0,28.9531,,74717582.0,20260806,20260827
920079.BJ,20260829,黄胜全,G,IN,139144.0,0.1917,139144.0,0.1917,13.9922,246048478.0,20260827,20260827
601208.SH,20260829,陈杰,G,DE,142500.0,0.0141,,,50.15,428100.0,20260529,20260828
600757.SH,20260829,湖北长江出版传媒集团有限公司,C,IN,2188000.0,0.1803,685562204.0,56.4948,7.2761,685562204.0,20260828,20260828
300484.SZ,20260829,平潭蓝海华腾投资有限公司,C,DE,739915.0,0.4307,2947085.0,1.7157,12.34,2947085.0,20260706,20260804
300484.SZ,20260829,平潭蓝海中腾投资有限公司,C,DE,259945.0,0.1513,1015055.0,0.5909,12.35,1015055.0,20260730,20260804
300484.SZ,20260829,邱文渊,G,DE,500000.0,0.2911,4267260.0,2.4842,,20069042.0,20260612,20260804
002970.SZ,20260829,刘垒,G,DE,37000.0,0.0293,90010.0,0.0712,68.74,471041.0,20260616,20260616
601208.SH,20260829,梁倩倩,G,DE,9000.0,0.0009,,,55.9089,30000.0,20260529,20260828
002456.SZ,20260829,申成哲,G,IN,194900.0,0.0059,,,,1398500.0,20260717,20260828
002456.SZ,20260829,黄丽辉,G,IN,199600.0,0.006,,,,3935852.0,20260717,20260828
603150.SH,20260829,安徽高新金通安益二期创业投资基金(有限合伙),C,DE,1729600.0,2.0233,2544630.0,2.9768,62.8751,2544630.0,20260605,20260828
601208.SH,20260829,李文权,G,DE,127000.0,0.0126,,,51.6918,384800.0,20260529,20260828
688600.SH,20260829,黄文平,G,DE,59200.0,0.0439,8082309.0,5.9999,,8082309.0,20260818,20260827
688700.SH,20260829,昆山家悦家悦企业管理中心(有限合伙),C,DE,165700.0,0.0555,1754760.0,0.5881,,1754760.0,20260721,20260827
688700.SH,20260829,昆山方方圆圆企业管理中心(有限合伙),C,DE,778228.0,0.2608,7919858.0,2.6541,,7919858.0,20260721,20260827
601065.SH,20260829,宁波信达汉石龙脊股权投资合伙企业(有限合伙),C,DE,4737700.0,0.7371,71533978.0,11.1289,,71533978.0,20260811,20260828
688222.SH,20260829,拉萨经济技术开发区华博医疗器械有限公司,C,DE,2197221.0,0.5484,37870579.0,9.4516,,37870579.0,20260701,20260811
688598.SH,20260829,童宇,G,DE,107542.0,0.0528,,,,322627.0,20260827,20260827
688598.SH,20260829,王跃军,G,DE,193981.0,0.0953,,,,581944.0,20260827,20260827
688598.SH,20260829,王冰泉,G,DE,171198.0,0.0841,,,,513596.0,20260827,20260827
688598.SH,20260829,李军,G,DE,129384.0,0.0636,,,,388155.0,20260827,20260827
688535.SH,20260829,天水华天科技股份有限公司,C,DE,1219683.0,0.9134,2180582.0,1.633,164.8473,2180582.0,20260528,20260827
603115.SH,20260829,南通联力投资管理有限公司,C,DE,2614400.0,1.0689,9984600.0,4.0823,,9984600.0,20260821,20260827
603699.SH,20260829,陆斌,P,DE,2167828.0,0.2859,75792654.0,9.9971,,75792654.0,20260804,20260828
002203.SZ,20260829,海亮集团有限公司,C,IN,15695105.0,0.6974,627516439.0,27.8847,,627516439.0,20260804,20260828
920871.BJ,20260829,赵伟才,G,DE,70000.0,0.1488,25172.0,0.0535,10.9034,409688.0,20260818,20260827
920871.BJ,20260829,黄海玲,G,DE,1000.0,0.0021,,,10.9,150800.0,20260827,20260827
920871.BJ,20260829,唐江龙,G,DE,18000.0,0.0383,,,10.89,194520.0,20260827,20260827
920871.BJ,20260829,刘小平,G,DE,69000.0,0.1468,,,11.0934,325152.0,20260601,20260826
920871.BJ,20260829,黄续峰,G,DE,111648.0,0.2374,12036.0,0.0256,11.9023,482088.0,20260529,20260827
920016.BJ,20260829,怀远亿达康企业管理咨询合伙企业(有限合伙),C,DE,80000.0,0.2337,816934.0,2.3861,,1646129.0,20260827,20260827
002049.SZ,20260829,北京智路资产管理有限公司,C,IN,79400.0,0.0094,79400.0,0.0094,62.88,79400.0,20260828,20260828
601208.SH,20260829,周友,G,DE,75000.0,0.0074,,,55.5,225500.0,20260529,20260828
601208.SH,20260829,敬国仁,G,DE,43900.0,0.0043,,,48.9114,132100.0,20260529,20260828
601208.SH,20260829,李刚,G,DE,206800.0,0.0205,,,53.1908,624200.0,20260529,20260828
002796.SZ,20260829,康云华,G,DE,50000.0,0.022,0.0,,30.0,150000.0,20260828,20260828
002796.SZ,20260829,周燕飞,G,DE,50000.0,0.022,0.0,,30.26,150000.0,20260828,20260828
920237.BJ,20260829,广州鹏辉能源科技股份有限公司,C,DE,1488019.0,1.596,8015150.0,8.5969,,8015150.0,20260625,20260827
603360.SH,20260829,大连光曜致新舒鸿企业管理咨询合伙企业(有限合伙),C,DE,1700000.0,0.2407,180711659.0,25.5884,,180711659.0,20260827,20260827
600720.SH,20260829,中交资本控股有限公司,C,IN,1238700.0,0.1228,54732771.0,5.4242,5.25,54732771.0,20260828,20260828
300192.SZ,20260829,"苏州科德教育科技股份有限公司""跃迁者""第一期员工持股计划",C,IN,1523300.0,0.3345,,,12.9978,,20260731,20260828
300521.SZ,20260829,陕西省国际信托股份有限公司-陕国投·爱司凯2026年员工持股集合资金信托计划,C,IN,565400.0,0.3827,,,24.88,,,20260828
920422.BJ,20260829,连云港金海创业投资有限公司,C,DE,756904.0,1.143,4393096.0,6.6338,,4393096.0,20260825,20260828
601020.SH,20260829,青海西部稀贵金属有限公司,C,DE,6353400.0,0.7748,65982964.0,8.047,24.95,65982964.0,20260529,20260828
002923.SZ,20260829,李希,P,DE,1787800.0,0.6928,74717582.0,28.9531,,74717582.0,20260806,20260827
920079.BJ,20260829,黄胜全,G,IN,139144.0,0.1917,139144.0,0.1917,13.9922,246048478.0,20260827,20260827
601208.SH,20260829,陈杰,G,DE,142500.0,0.0141,,,50.15,428100.0,20260529,20260828
600757.SH,20260829,湖北长江出版传媒集团有限公司,C,IN,2188000.0,0.1803,685562204.0,56.4948,7.2761,685562204.0,20260828,20260828
300484.SZ,20260829,平潭蓝海华腾投资有限公司,C,DE,739915.0,0.4307,2947085.0,1.7157,12.34,2947085.0,20260706,20260804
300484.SZ,20260829,平潭蓝海中腾投资有限公司,C,DE,259945.0,0.1513,1015055.0,0.5909,12.35,1015055.0,20260730,20260804
300484.SZ,20260829,邱文渊,G,DE,500000.0,0.2911,4267260.0,2.4842,,20069042.0,20260612,20260804
002970.SZ,20260829,刘垒,G,DE,37000.0,0.0293,90010.0,0.0712,68.74,471041.0,20260616,20260616
601208.SH,20260829,梁倩倩,G,DE,9000.0,0.0009,,,55.9089,30000.0,20260529,20260828
002456.SZ,20260829,申成哲,G,IN,194900.0,0.0059,,,,1398500.0,20260717,20260828
002456.SZ,20260829,黄丽辉,G,IN,199600.0,0.006,,,,3935852.0,20260717,20260828
603150.SH,20260829,安徽高新金通安益二期创业投资基金(有限合伙),C,DE,1729600.0,2.0233,2544630.0,2.9768,62.8751,2544630.0,20260605,20260828
601208.SH,20260829,李文权,G,DE,127000.0,0.0126,,,51.6918,384800.0,20260529,20260828
601065.SH,20260829,宁波信达汉石龙脊股权投资合伙企业(有限合伙),C,DE,4737700.0,0.7371,71533978.0,11.1289,,71533978.0,20260811,20260828
688222.SH,20260829,拉萨经济技术开发区华博医疗器械有限公司,C,DE,2197221.0,0.5484,37870579.0,9.4516,,37870579.0,20260701,20260811
688598.SH,20260829,童宇,G,DE,107542.0,0.0528,,,,322627.0,20260827,20260827
688598.SH,20260829,王跃军,G,DE,193981.0,0.0953,,,,581944.0,20260827,20260827
688598.SH,20260829,王冰泉,G,DE,171198.0,0.0841,,,,513596.0,20260827,20260827
688598.SH,20260829,李军,G,DE,129384.0,0.0636,,,,388155.0,20260827,20260827
688535.SH,20260829,天水华天科技股份有限公司,C,DE,1219683.0,0.9134,2180582.0,1.633,164.8473,2180582.0,20260528,20260827
603115.SH,20260829,南通联力投资管理有限公司,C,DE,2614400.0,1.0689,9984600.0,4.0823,,9984600.0,20260821,20260827
603699.SH,20260829,陆斌,P,DE,2167828.0,0.2859,75792654.0,9.9971,,75792654.0,20260804,20260828
002203.SZ,20260829,海亮集团有限公司,C,IN,15695105.0,0.6974,627516439.0,27.8847,,627516439.0,20260804,20260828
688600.SH,20260829,黄文平,G,DE,59200.0,0.0439,8082309.0,5.9999,,8082309.0,20260818,20260827
688700.SH,20260829,昆山家悦家悦企业管理中心(有限合伙),C,DE,165700.0,0.0555,1754760.0,0.5881,,1754760.0,20260721,20260827
688700.SH,20260829,昆山方方圆圆企业管理中心(有限合伙),C,DE,778228.0,0.2608,7919858.0,2.6541,,7919858.0,20260721,20260827
688156.SH,20260828,吴军,G,DE,22400.0,0.0222,,,25.1223,168000.0,20260601,20260601
688156.SH,20260828,刘菁,G,DE,10000.0,0.0099,,,21.1882,30000.0,20260707,20260826
688156.SH,20260828,武汉德天众享企业管理合伙企业(有限合伙),C,DE,1500000.0,1.4894,0.0,,25.0466,0.0,20260611,20260826
603025.SH,20260828,郑建军,G,DE,5496500.0,0.4955,133964922.0,12.0779,,133964922.0,20260706,20260827
603312.SH,20260828,PAN SHU XIN,G,IN,641900.0,1.2606,1152700.0,2.2638,31.1466,44784700.0,20260710,20260827
603312.SH,20260828,SHENG JIAN HUA,G,IN,20400.0,0.0401,1149000.0,2.2565,29.8216,55689000.0,20260710,20260827
002825.SZ,20260828,游景超,P,IN,100100.0,0.0388,1326800.0,0.5146,,1326800.0,20260825,20260826
603256.SH,20260828,SHARP TONE INTERNATIONAL LIMITED,C,DE,1745600.0,0.1984,17823611.0,2.026,,17823611.0,20260706,20260827
603256.SH,20260828,UNICORN ACE LIMITED,C,DE,4862200.0,0.5527,21628920.0,2.4586,,21628920.0,20260706,20260827
300512.SZ,20260828,宋蕾,P,DE,60000.0,0.0184,312666.0,0.0958,7.4,1430665.0,20260601,20260810
600259.SH,20260828,广东省稀土产业集团有限公司,C,DE,100000.0,0.0297,65341282.0,19.4216,,65341282.0,20260626,20260827
688549.SH,20260828,衢州恒芯企业管理合伙企业(有限合伙),C,IN,852381.0,0.1446,1803538.0,0.306,,109760538.0,20260803,20260826
301273.SZ,20260828,上海馨璞投资管理合伙企业(有限合伙),C,DE,1226650.0,1.5935,11910050.0,15.4715,,11910050.0,20260810,20260827
300960.SZ,20260828,天津英伟达创业投资合伙企业(有限合伙),C,DE,198000.0,0.1505,28362000.0,21.555,,28362000.0,20260825,20260827
301098.SZ,20260828,珠海铧创投资控股有限公司,C,DE,2314500.0,1.1993,1013999.0,0.5254,9.0472,1013999.0,20260820,20260827
300033.SZ,20260828,杭州凯士顺科技有限公司,C,DE,1626000.0,0.3709,64866621.0,14.7959,220.63,64866621.0,20260824,20260826
300033.SZ,20260828,于浩淼,G,DE,1219500.0,0.2782,8093897.0,1.8462,223.04,36034083.0,20260826,20260827
300033.SZ,20260828,王进,G,DE,1219500.0,0.2782,5326929.0,1.2151,223.53,24966215.0,20260826,20260827
301608.SZ,20260828,谭晓勇,G,DE,901627.0,1.5152,1087151.0,1.8269,,7053483.0,20260605,20260827
300720.SZ,20260828,梁俊,P,DE,1818800.0,0.9877,10838840.0,5.886,,10838840.0,20260601,20260827
600883.SH,20260828,上海德朋实业有限公司,C,DE,5300.0,0.0022,11799120.0,4.9978,,11799120.0,20260818,20260826
002723.SZ,20260828,李晓冬,G,DE,99000.0,0.0312,400.0,0.0001,8.5,400400.0,20260527,20260618
002723.SZ,20260828,梁惠玲,G,DE,140800.0,0.0444,0.0,,9.08,500250.0,20260527,20260609
002723.SZ,20260828,孟繁熙,G,DE,345800.0,0.1091,0.0,,8.9,1038175.0,20260603,20260603
920189.BJ,20260828,北京中科光荣绿色创业投资中心(有限合伙),C,DE,230530.0,0.2716,2269470.0,2.6741,,2269470.0,20260814,20260826
920189.BJ,20260828,北京光荣联盟半导体照明产业投资中心(有限合伙),C,DE,399066.0,0.4702,4800934.0,5.657,,4800934.0,20260817,20260826
688252.SH,20260828,宁波群志光电有限公司,C,DE,4300743.0,1.0515,24209562.0,5.9189,,24209562.0,20260723,20260827
688038.SH,20260828,武汉光谷成长创业投资基金有限公司,C,DE,1048900.0,0.9013,8951100.0,7.6917,,8951100.0,20260820,20260826
002697.SZ,20260828,永辉超市股份有限公司,C,DE,5000000.0,0.4366,81948800.0,7.155,4.97,81948800.0,20260529,20260529
002939.SZ,20260828,深圳新江南投资有限公司,C,DE,33077500.0,0.9181,448731700.0,12.4556,,448731700.0,20260703,20260811
688328.SH,20260828,黄奕奋,P,DE,472281.0,0.5,6632703.0,7.022,,6632703.0,20260818,20260827
688328.SH,20260828,黄奕宏,G,DE,491014.0,0.5198,12838702.0,13.5922,,12838702.0,20260821,20260827
688328.SH,20260828,舟山深科达股权投资有限公司,C,DE,421140.0,0.4459,4570860.0,4.8391,,4570860.0,20260821,20260827
920284.BJ,20260828,杭一,G,DE,420102.0,0.6265,1292267.0,1.927,21.157,8899864.0,20260804,20260805
002795.SZ,20260828,颜燕晶,P,DE,2518700.0,0.5804,22081300.0,5.0881,,22081300.0,20260617,20260827
300102.SZ,20260828,深圳和君正德资产管理有限公司-正德远盛产业创新结构化私募基金,C,DE,2200000.0,0.2403,55036400.0,6.0103,,55036400.0,20260827,20260827
300102.SZ,20260828,深圳和君正德资产管理有限公司-正德鑫盛一号投资私募基金,C,DE,14110400.0,1.5409,876400.0,0.0957,,876400.0,20260818,20260827
300693.SZ,20260828,胡天舜,G,DE,12600.0,0.0047,39.0,0.0,41.56,37954.0,20260826,20260826
300693.SZ,20260828,魏晓亮,G,DE,40000.0,0.0149,540018.0,0.2009,48.34,2280070.0,20260618,20260618
300693.SZ,20260828,肖学礼,P,DE,1596639.0,0.5922,0.0,,42.01,0.0,20260528,20260827
300693.SZ,20260828,盛剑明,P,DE,2821121.0,1.0463,11046600.0,4.097,44.54,11046600.0,20260512,20260811
688156.SH,20260828,吴军,G,DE,22400.0,0.0222,,,25.1223,168000.0,20260601,20260601
688156.SH,20260828,刘菁,G,DE,10000.0,0.0099,,,21.1882,30000.0,20260707,20260826
688156.SH,20260828,武汉德天众享企业管理合伙企业(有限合伙),C,DE,1500000.0,1.4894,0.0,,25.0466,0.0,20260611,20260826
603025.SH,20260828,郑建军,G,DE,5496500.0,0.4955,133964922.0,12.0779,,133964922.0,20260706,20260827
603312.SH,20260828,PAN SHU XIN,G,IN,641900.0,1.2606,1152700.0,2.2638,31.1466,44784700.0,20260710,20260827
603312.SH,20260828,SHENG JIAN HUA,G,IN,20400.0,0.0401,1149000.0,2.2565,29.8216,55689000.0,20260710,20260827
002825.SZ,20260828,游景超,P,IN,100100.0,0.0388,1326800.0,0.5146,,1326800.0,20260825,20260826
603256.SH,20260828,SHARP TONE INTERNATIONAL LIMITED,C,DE,1745600.0,0.1984,17823611.0,2.026,,17823611.0,20260706,20260827
603256.SH,20260828,UNICORN ACE LIMITED,C,DE,4862200.0,0.5527,21628920.0,2.4586,,21628920.0,20260706,20260827
300512.SZ,20260828,宋蕾,P,DE,60000.0,0.0184,312666.0,0.0958,7.4,1430665.0,20260601,20260810
600259.SH,20260828,广东省稀土产业集团有限公司,C,DE,100000.0,0.0297,65341282.0,19.4216,,65341282.0,20260626,20260827
688549.SH,20260828,衢州恒芯企业管理合伙企业(有限合伙),C,IN,852381.0,0.1446,1803538.0,0.306,,109760538.0,20260803,20260826
301273.SZ,20260828,上海馨璞投资管理合伙企业(有限合伙),C,DE,1226650.0,1.5935,11910050.0,15.4715,,11910050.0,20260810,20260827
300960.SZ,20260828,天津英伟达创业投资合伙企业(有限合伙),C,DE,198000.0,0.1505,28362000.0,21.555,,28362000.0,20260825,20260827
301098.SZ,20260828,珠海铧创投资控股有限公司,C,DE,2314500.0,1.1993,1013999.0,0.5254,9.0472,1013999.0,20260820,20260827
300033.SZ,20260828,杭州凯士顺科技有限公司,C,DE,1626000.0,0.3709,64866621.0,14.7959,220.63,64866621.0,20260824,20260826
300033.SZ,20260828,于浩淼,G,DE,1219500.0,0.2782,8093897.0,1.8462,223.04,36034083.0,20260826,20260827
300033.SZ,20260828,王进,G,DE,1219500.0,0.2782,5326929.0,1.2151,223.53,24966215.0,20260826,20260827
301608.SZ,20260828,谭晓勇,G,DE,901627.0,1.5152,1087151.0,1.8269,,7053483.0,20260605,20260827
300720.SZ,20260828,梁俊,P,DE,1818800.0,0.9877,10838840.0,5.886,,10838840.0,20260601,20260827
600883.SH,20260828,上海德朋实业有限公司,C,DE,5300.0,0.0022,11799120.0,4.9978,,11799120.0,20260818,20260826
002723.SZ,20260828,李晓冬,G,DE,99000.0,0.0312,400.0,0.0001,8.5,400400.0,20260527,20260618
002723.SZ,20260828,梁惠玲,G,DE,140800.0,0.0444,0.0,,9.08,500250.0,20260527,20260609
002723.SZ,20260828,孟繁熙,G,DE,345800.0,0.1091,0.0,,8.9,1038175.0,20260603,20260603
920189.BJ,20260828,北京中科光荣绿色创业投资中心(有限合伙),C,DE,230530.0,0.2716,2269470.0,2.6741,,2269470.0,20260814,20260826
920189.BJ,20260828,北京光荣联盟半导体照明产业投资中心(有限合伙),C,DE,399066.0,0.4702,4800934.0,5.657,,4800934.0,20260817,20260826
688252.SH,20260828,宁波群志光电有限公司,C,DE,4300743.0,1.0515,24209562.0,5.9189,,24209562.0,20260723,20260827
688038.SH,20260828,武汉光谷成长创业投资基金有限公司,C,DE,1048900.0,0.9013,8951100.0,7.6917,,8951100.0,20260820,20260826
002697.SZ,20260828,永辉超市股份有限公司,C,DE,5000000.0,0.4366,81948800.0,7.155,4.97,81948800.0,20260529,20260529
002939.SZ,20260828,深圳新江南投资有限公司,C,DE,33077500.0,0.9181,448731700.0,12.4556,,448731700.0,20260703,20260811
688328.SH,20260828,黄奕奋,P,DE,472281.0,0.5,6632703.0,7.022,,6632703.0,20260818,20260827
688328.SH,20260828,黄奕宏,G,DE,491014.0,0.5198,12838702.0,13.5922,,12838702.0,20260821,20260827
688328.SH,20260828,舟山深科达股权投资有限公司,C,DE,421140.0,0.4459,4570860.0,4.8391,,4570860.0,20260821,20260827
920284.BJ,20260828,杭一,G,DE,420102.0,0.6265,1292267.0,1.927,21.157,8899864.0,20260804,20260805
002795.SZ,20260828,颜燕晶,P,DE,2518700.0,0.5804,22081300.0,5.0881,,22081300.0,20260617,20260827
300102.SZ,20260828,深圳和君正德资产管理有限公司-正德远盛产业创新结构化私募基金,C,DE,2200000.0,0.2403,55036400.0,6.0103,,55036400.0,20260827,20260827
300102.SZ,20260828,深圳和君正德资产管理有限公司-正德鑫盛一号投资私募基金,C,DE,14110400.0,1.5409,876400.0,0.0957,,876400.0,20260818,20260827
300693.SZ,20260828,胡天舜,G,DE,12600.0,0.0047,39.0,0.0,41.56,37954.0,20260826,20260826
300693.SZ,20260828,魏晓亮,G,DE,40000.0,0.0149,540018.0,0.2009,48.34,2280070.0,20260618,20260618
300693.SZ,20260828,肖学礼,P,DE,1596639.0,0.5922,0.0,,42.01,0.0,20260528,20260827
300693.SZ,20260828,盛剑明,P,DE,2821121.0,1.0463,11046600.0,4.097,44.54,11046600.0,20260512,20260811
301273.SZ,20260828,上海馨璞投资管理合伙企业(有限合伙),C,DE,1226650.0,1.5935,11910050.0,15.4715,,11910050.0,20260810,20260827
300960.SZ,20260828,天津英伟达创业投资合伙企业(有限合伙),C,DE,198000.0,0.1505,28362000.0,21.555,,28362000.0,20260825,20260827
301098.SZ,20260828,珠海铧创投资控股有限公司,C,DE,2314500.0,1.1993,1013999.0,0.5254,9.0472,1013999.0,20260820,20260827
300033.SZ,20260828,杭州凯士顺科技有限公司,C,DE,1626000.0,0.3709,64866621.0,14.7959,220.63,64866621.0,20260824,20260826
300033.SZ,20260828,于浩淼,G,DE,1219500.0,0.2782,8093897.0,1.8462,223.04,36034083.0,20260826,20260827
300033.SZ,20260828,王进,G,DE,1219500.0,0.2782,5326929.0,1.2151,223.53,24966215.0,20260826,20260827
301608.SZ,20260828,谭晓勇,G,DE,901627.0,1.5152,1087151.0,1.8269,,7053483.0,20260605,20260827
300720.SZ,20260828,梁俊,P,DE,1818800.0,0.9877,10838840.0,5.886,,10838840.0,20260601,20260827
688156.SH,20260828,刘菁,G,DE,10000.0,0.0099,,,21.1882,30000.0,20260707,20260826
920189.BJ,20260828,北京光荣联盟半导体照明产业投资中心(有限合伙),C,DE,399066.0,0.4702,4800934.0,5.657,,4800934.0,20260817,20260826
688156.SH,20260828,武汉德天众享企业管理合伙企业(有限合伙),C,DE,1500000.0,1.4894,0.0,,25.0466,0.0,20260611,20260826
600883.SH,20260828,上海德朋实业有限公司,C,DE,5300.0,0.0022,11799120.0,4.9978,,11799120.0,20260818,20260826
002723.SZ,20260828,李晓冬,G,DE,99000.0,0.0312,400.0,0.0001,8.5,400400.0,20260527,20260618
002723.SZ,20260828,梁惠玲,G,DE,140800.0,0.0444,0.0,,9.08,500250.0,20260527,20260609
002723.SZ,20260828,孟繁熙,G,DE,345800.0,0.1091,0.0,,8.9,1038175.0,20260603,20260603
920189.BJ,20260828,北京中科光荣绿色创业投资中心(有限合伙),C,DE,230530.0,0.2716,2269470.0,2.6741,,2269470.0,20260814,20260826
920189.BJ,20260828,北京光荣联盟半导体照明产业投资中心(有限合伙),C,DE,399066.0,0.4702,4800934.0,5.657,,4800934.0,20260814,20260826
688252.SH,20260828,宁波群志光电有限公司,C,DE,4300743.0,1.0515,24209562.0,5.9189,,24209562.0,20260723,20260827
688038.SH,20260828,武汉光谷成长创业投资基金有限公司,C,DE,1048900.0,0.9013,8951100.0,7.6917,,8951100.0,20260820,20260826
002697.SZ,20260828,永辉超市股份有限公司,C,DE,5000000.0,0.4366,81948800.0,7.155,4.97,81948800.0,20260529,20260529
002939.SZ,20260828,深圳新江南投资有限公司,C,DE,33077500.0,0.9181,448731700.0,12.4556,,448731700.0,20260703,20260811
688328.SH,20260828,黄奕奋,P,DE,472281.0,0.5,6632703.0,7.022,,6632703.0,20260818,20260827
688328.SH,20260828,黄奕宏,G,DE,491014.0,0.5198,12838702.0,13.5922,,12838702.0,20260821,20260827
688328.SH,20260828,舟山深科达股权投资有限公司,C,DE,421140.0,0.4459,4570860.0,4.8391,,4570860.0,20260821,20260827
920284.BJ,20260828,杭一,G,DE,420102.0,0.6265,1292267.0,1.927,21.157,8899864.0,20260804,20260805
002795.SZ,20260828,颜燕晶,P,DE,2518700.0,0.5804,22081300.0,5.0881,,22081300.0,20260617,20260827
300102.SZ,20260828,深圳和君正德资产管理有限公司-正德远盛产业创新结构化私募基金,C,DE,2200000.0,0.2403,55036400.0,6.0103,,55036400.0,20260827,20260827
300102.SZ,20260828,深圳和君正德资产管理有限公司-正德鑫盛一号投资私募基金,C,DE,14110400.0,1.5409,876400.0,0.0957,,876400.0,20260818,20260827
688156.SH,20260828,吴军,G,DE,22400.0,0.0222,,,25.1223,168000.0,20260601,20260601
688156.SH,20260828,刘菁,G,DE,10000.0,0.0099,,,21.1882,30000.0,20260707,20260826
688156.SH,20260828,武汉德天众享企业管理合伙企业(有限合伙),C,DE,1500000.0,1.4894,0.0,,25.0466,0.0,20260611,20260826
603025.SH,20260828,郑建军,G,DE,5496500.0,0.4955,133964922.0,12.0779,,133964922.0,20260706,20260827
603312.SH,20260828,PAN SHU XIN,G,IN,641900.0,1.2606,1152700.0,2.2638,31.1466,44784700.0,20260710,20260827
603312.SH,20260828,SHENG JIAN HUA,G,IN,20400.0,0.0401,1149000.0,2.2565,29.8216,55689000.0,20260710,20260827
002825.SZ,20260828,游景超,P,IN,100100.0,0.0388,1326800.0,0.5146,,1326800.0,20260825,20260826
603256.SH,20260828,SHARP TONE INTERNATIONAL LIMITED,C,DE,1745600.0,0.1984,17823611.0,2.026,,17823611.0,20260706,20260827
603256.SH,20260828,UNICORN ACE LIMITED,C,DE,4862200.0,0.5527,21628920.0,2.4586,,21628920.0,20260706,20260827
300512.SZ,20260828,宋蕾,P,DE,60000.0,0.0184,312666.0,0.0958,7.4,1430665.0,20260601,20260810
600259.SH,20260828,广东省稀土产业集团有限公司,C,DE,100000.0,0.0297,65341282.0,19.4216,,65341282.0,20260626,20260827
688549.SH,20260828,衢州恒芯企业管理合伙企业(有限合伙),C,IN,852381.0,0.1446,1803538.0,0.306,,109760538.0,20260803,20260826
300411.SZ,20260827,方正证券-西藏信托-浦顺5号集合资金信托计划-方正证券赢策316号定向资产管理计划,C,DE,4065200.0,1.3151,10383600.0,3.3591,8.93,10383600.0,20260604,20260618
002456.SZ,20260827,曾兆豪,G,IN,209900.0,0.0063,,,,1515400.0,20260717,20260826
002456.SZ,20260827,周亮,G,IN,209300.0,0.0063,,,,1514500.0,20260717,20260826
002049.SZ,20260827,丁芝永,G,IN,1800.0,0.0002,1800.0,0.0002,,1800.0,20260826,20260826
002049.SZ,20260827,王坤,G,IN,2000.0,0.0002,2000.0,0.0002,,2000.0,20260826,20260826
002049.SZ,20260827,陈雄,G,IN,2000.0,0.0002,2000.0,0.0002,,2000.0,20260826,20260826
002049.SZ,20260827,佟晓丹,G,IN,20000.0,0.0024,20000.0,0.0024,,20000.0,20260826,20260826
002049.SZ,20260827,杨秋平,G,IN,3600.0,0.0004,3600.0,0.0004,,3600.0,20260826,20260826
002049.SZ,20260827,翟应斌,G,IN,4000.0,0.0005,4000.0,0.0005,,4000.0,20260826,20260826
002049.SZ,20260827,邬睿,G,IN,8000.0,0.0009,8000.0,0.0009,,8000.0,20260826,20260826
002049.SZ,20260827,马宁辉,G,IN,3200.0,0.0004,3200.0,0.0004,,3200.0,20260826,20260826
002049.SZ,20260827,岳超,G,IN,21100.0,0.0025,21100.0,0.0025,,21100.0,20260826,20260826
002049.SZ,20260827,李天池,G,IN,20000.0,0.0024,20000.0,0.0024,,20000.0,20260826,20260826
002049.SZ,20260827,陈杰,G,IN,108600.0,0.0129,108880.0,0.0129,,108880.0,20260826,20260826
002893.SZ,20260827,赵一波,P,DE,217000.0,0.107,26363987.0,13.0014,9.36,26363987.0,20260826,20260826
002893.SZ,20260827,赵一波,P,DE,1060000.0,0.5227,26580987.0,13.1084,9.36,26580987.0,20260825,20260825
002893.SZ,20260827,赵一波,P,DE,550000.0,0.2712,27640987.0,13.6311,9.24,27640987.0,20260824,20260824
002083.SZ,20260827,孙小惠,P,IN,228500.0,0.0241,30228555.0,3.1944,,30228555.0,20260826,20260826
000935.SZ,20260827,中国中信金融资产管理股份有限公司,C,DE,6473800.0,0.848,38171993.0,5.0,,38171993.0,20260608,20260826
605118.SH,20260827,张军光,G,DE,8500.0,0.0021,,,29.412,25600.0,20260527,20260826
605118.SH,20260827,陈亚聪,G,DE,4200.0,0.001,,,30.135,25800.0,20260527,20260826
603209.SH,20260827,山东日盈投资有限公司,C,DE,1608600.0,0.5004,0.0,,,0.0,20260812,20260826
300599.SZ,20260827,黄锦禧,G,DE,987900.0,0.3116,67142800.0,21.179,,67142800.0,20260806,20260811
300599.SZ,20260827,吴端明,G,DE,135000.0,0.0427,62813.0,0.0199,12.8,656250.0,20260527,20260527
000598.SZ,20260827,信环绿色控股(北京)有限责任公司,C,IN,26673707.0,0.894,268895203.0,9.0124,,268895203.0,20260724,20260825
603755.SH,20260827,浙江君弘资产管理有限公司-君弘钱江二十七期私募证券投资基金,C,DE,78700.0,0.0798,4851957.0,4.9202,,4851957.0,20260529,20260826
301193.SZ,20260827,张三云,P,DE,2488100.0,1.3509,21600000.0,11.7276,,21600000.0,20260623,20260825
301037.SZ,20260827,杨美芹,G,DE,1375000.0,2.0225,32.0,0.0,13.44,11137928.0,20260825,20260826
301037.SZ,20260827,杨美芹,G,DE,1390300.0,2.045,1375032.0,2.0225,11.18,12512928.0,20260807,20260807
688234.SH,20260827,辽宁中德产业股权投资基金合伙企业(有限合伙),C,DE,3669880.0,0.854,16592738.0,3.4239,,16592738.0,20260806,20260826
688234.SH,20260827,辽宁海通新能源低碳产业股权投资基金有限公司,C,DE,1157926.0,0.2695,5235174.0,1.0803,,5235174.0,20260806,20260826
300277.SZ,20260827,赵家茂,G,DE,76000.0,0.0099,2000.0,0.0003,13.2,236000.0,20260527,20260826
300836.SZ,20260827,庄华锋,G,DE,146000.0,0.2301,965566.0,1.5217,77.01,4300262.0,20260623,20260625
300601.SZ,20260827,刘建凯,G,DE,444000.0,0.0493,2931.0,0.0003,12.97,1343723.0,20260706,20260826
605033.SH,20260827,许昌美富美企业管理合伙企业(有限合伙),C,DE,30000.0,0.0222,4135800.0,3.059,21.0235,4135800.0,20260526,20260825
603619.SH,20260827,朱逢学,P,DE,13869000.0,2.9998,5563407.0,1.2033,21.4396,5563407.0,20260527,20260825
603153.SH,20260827,"上海见慧企业咨询合伙企业(有限合伙),上海见鑫企业咨询合伙企业(有限合伙),上海见盛企业咨询合伙企业(有限合伙),上海见筠企业咨询合伙企业(有限合伙),上海见叶企业咨询合伙企业(有限合伙),上海见理企业咨询合伙企业(有限合伙)",C,DE,1881700.0,0.466,,,,30762574.0,20260807,20260825
300411.SZ,20260827,方正证券-西藏信托-浦顺5号集合资金信托计划-方正证券赢策316号定向资产管理计划,C,DE,4065200.0,1.3151,10383600.0,3.3591,8.93,10383600.0,20260604,20260618
002456.SZ,20260827,曾兆豪,G,IN,209900.0,0.0063,,,,1515400.0,20260717,20260826
002456.SZ,20260827,周亮,G,IN,209300.0,0.0063,,,,1514500.0,20260717,20260826
002049.SZ,20260827,丁芝永,G,IN,1800.0,0.0002,1800.0,0.0002,,1800.0,20260826,20260826
002049.SZ,20260827,王坤,G,IN,2000.0,0.0002,2000.0,0.0002,,2000.0,20260826,20260826
002049.SZ,20260827,陈雄,G,IN,2000.0,0.0002,2000.0,0.0002,,2000.0,20260826,20260826
002049.SZ,20260827,佟晓丹,G,IN,20000.0,0.0024,20000.0,0.0024,,20000.0,20260826,20260826
002049.SZ,20260827,杨秋平,G,IN,3600.0,0.0004,3600.0,0.0004,,3600.0,20260826,20260826
002049.SZ,20260827,翟应斌,G,IN,4000.0,0.0005,4000.0,0.0005,,4000.0,20260826,20260826
002049.SZ,20260827,邬睿,G,IN,8000.0,0.0009,8000.0,0.0009,,8000.0,20260826,20260826
002049.SZ,20260827,马宁辉,G,IN,3200.0,0.0004,3200.0,0.0004,,3200.0,20260826,20260826
002049.SZ,20260827,岳超,G,IN,21100.0,0.0025,21100.0,0.0025,,21100.0,20260826,20260826
002049.SZ,20260827,李天池,G,IN,20000.0,0.0024,20000.0,0.0024,,20000.0,20260826,20260826
002049.SZ,20260827,陈杰,G,IN,108600.0,0.0129,108880.0,0.0129,,108880.0,20260826,20260826
002893.SZ,20260827,赵一波,P,DE,217000.0,0.107,26363987.0,13.0014,9.36,26363987.0,20260826,20260826
002893.SZ,20260827,赵一波,P,DE,1060000.0,0.5227,26580987.0,13.1084,9.36,26580987.0,20260825,20260825
002893.SZ,20260827,赵一波,P,DE,550000.0,0.2712,27640987.0,13.6311,9.24,27640987.0,20260824,20260824
002083.SZ,20260827,孙小惠,P,IN,228500.0,0.0241,30228555.0,3.1944,,30228555.0,20260826,20260826
000935.SZ,20260827,中国中信金融资产管理股份有限公司,C,DE,6473800.0,0.848,38171993.0,5.0,,38171993.0,20260608,20260826
605118.SH,20260827,张军光,G,DE,8500.0,0.0021,,,29.412,25600.0,20260527,20260826
605118.SH,20260827,陈亚聪,G,DE,4200.0,0.001,,,30.135,25800.0,20260527,20260826
603209.SH,20260827,山东日盈投资有限公司,C,DE,1608600.0,0.5004,0.0,,,0.0,20260812,20260826
300599.SZ,20260827,黄锦禧,G,DE,987900.0,0.3116,67142800.0,21.179,,67142800.0,20260806,20260811
300599.SZ,20260827,吴端明,G,DE,135000.0,0.0427,62813.0,0.0199,12.8,656250.0,20260527,20260527
000598.SZ,20260827,信环绿色控股(北京)有限责任公司,C,IN,26673707.0,0.894,268895203.0,9.0124,,268895203.0,20260724,20260825
603755.SH,20260827,浙江君弘资产管理有限公司-君弘钱江二十七期私募证券投资基金,C,DE,78700.0,0.0798,4851957.0,4.9202,,4851957.0,20260529,20260826
301193.SZ,20260827,张三云,P,DE,2488100.0,1.3509,21600000.0,11.7276,,21600000.0,20260623,20260825
301037.SZ,20260827,杨美芹,G,DE,1375000.0,2.0225,32.0,0.0,13.44,11137928.0,20260825,20260826
301037.SZ,20260827,杨美芹,G,DE,1390300.0,2.045,1375032.0,2.0225,11.18,12512928.0,20260807,20260807
688234.SH,20260827,辽宁中德产业股权投资基金合伙企业(有限合伙),C,DE,3669880.0,0.854,16592738.0,3.4239,,16592738.0,20260806,20260826
688234.SH,20260827,辽宁海通新能源低碳产业股权投资基金有限公司,C,DE,1157926.0,0.2695,5235174.0,1.0803,,5235174.0,20260806,20260826
300277.SZ,20260827,赵家茂,G,DE,76000.0,0.0099,2000.0,0.0003,13.2,236000.0,20260527,20260826
300836.SZ,20260827,庄华锋,G,DE,146000.0,0.2301,965566.0,1.5217,77.01,4300262.0,20260623,20260625
300601.SZ,20260827,刘建凯,G,DE,444000.0,0.0493,2931.0,0.0003,12.97,1343723.0,20260706,20260826
605033.SH,20260827,许昌美富美企业管理合伙企业(有限合伙),C,DE,30000.0,0.0222,4135800.0,3.059,21.0235,4135800.0,20260526,20260825
603619.SH,20260827,朱逢学,P,DE,13869000.0,2.9998,5563407.0,1.2033,21.4396,5563407.0,20260527,20260825
603153.SH,20260827,"上海见慧企业咨询合伙企业(有限合伙),上海见鑫企业咨询合伙企业(有限合伙),上海见盛企业咨询合伙企业(有限合伙),上海见筠企业咨询合伙企业(有限合伙),上海见叶企业咨询合伙企业(有限合伙),上海见理企业咨询合伙企业(有限合伙)",C,DE,1881700.0,0.466,,,,30762574.0,20260807,20260825
002456.SZ,20260827,曾兆豪,G,IN,209900.0,0.0063,,,,1515400.0,20260717,20260826
002456.SZ,20260827,周亮,G,IN,209300.0,0.0063,,,,1514500.0,20260717,20260826
002049.SZ,20260827,佟晓丹,G,IN,20000.0,0.0024,20000.0,0.0024,,20000.0,20260826,20260826
002049.SZ,20260827,杨秋平,G,IN,3600.0,0.0004,3600.0,0.0004,,3600.0,20260826,20260826
002049.SZ,20260827,翟应斌,G,IN,4000.0,0.0005,4000.0,0.0005,,4000.0,20260826,20260826
002049.SZ,20260827,邬睿,G,IN,8000.0,0.0009,8000.0,0.0009,,8000.0,20260826,20260826
002049.SZ,20260827,马宁辉,G,IN,3200.0,0.0004,3200.0,0.0004,,3200.0,20260826,20260826
002049.SZ,20260827,岳超,G,IN,21100.0,0.0025,21100.0,0.0025,,21100.0,20260826,20260826
002049.SZ,20260827,李天池,G,IN,20000.0,0.0024,20000.0,0.0024,,20000.0,20260826,20260826
002049.SZ,20260827,陈杰,G,IN,108600.0,0.0129,108880.0,0.0129,,108880.0,20260826,20260826
300411.SZ,20260827,方正证券-西藏信托-浦顺5号集合资金信托计划-方正证券赢策316号定向资产管理计划,C,DE,4065200.0,1.3151,10383600.0,3.3591,8.93,10383600.0,20260604,20260618
300277.SZ,20260827,赵家茂,G,DE,76000.0,0.0099,2000.0,0.0003,13.2,236000.0,20260527,20260826
300836.SZ,20260827,庄华锋,G,DE,146000.0,0.2301,965566.0,1.5217,77.01,4300262.0,20260623,20260625
300601.SZ,20260827,刘建凯,G,DE,444000.0,0.0493,2931.0,0.0003,12.97,1343723.0,20260706,20260826
300411.SZ,20260827,方正证券-西藏信托-浦顺5号集合资金信托计划-方正证券赢策316号定向资产管理计划,C,DE,4065200.0,1.3151,10383600.0,3.3591,8.93,10383600.0,20260604,20260618
002049.SZ,20260827,丁芝永,G,IN,1800.0,0.0002,1800.0,0.0002,,1800.0,20260826,20260826
002049.SZ,20260827,佟晓丹,G,IN,20000.0,0.0024,20000.0,0.0024,,20000.0,20260826,20260826
002049.SZ,20260827,杨秋平,G,IN,3600.0,0.0004,3600.0,0.0004,,3600.0,20260826,20260826
002049.SZ,20260827,翟应斌,G,IN,4000.0,0.0005,4000.0,0.0005,,4000.0,20260826,20260826
002049.SZ,20260827,邬睿,G,IN,8000.0,0.0009,8000.0,0.0009,,8000.0,20260826,20260826
002049.SZ,20260827,马宁辉,G,IN,3200.0,0.0004,3200.0,0.0004,,3200.0,20260826,20260826
002049.SZ,20260827,岳超,G,IN,21100.0,0.0025,21100.0,0.0025,,21100.0,20260826,20260826
002049.SZ,20260827,李天池,G,IN,20000.0,0.0024,20000.0,0.0024,,20000.0,20260826,20260826
002049.SZ,20260827,陈杰,G,IN,108600.0,0.0129,108880.0,0.0129,,108880.0,20260826,20260826
301193.SZ,20260827,张三云,P,DE,2488100.0,1.3509,21600000.0,11.7276,,21600000.0,20260623,20260825
301037.SZ,20260827,杨美芹,G,DE,1375000.0,2.0225,32.0,0.0,13.44,11137928.0,20260825,20260826
301037.SZ,20260827,杨美芹,G,DE,1390300.0,2.045,1375032.0,2.0225,11.18,12512928.0,20260807,20260807
688234.SH,20260827,辽宁中德产业股权投资基金合伙企业(有限合伙),C,DE,3669880.0,0.854,16592738.0,3.4239,,16592738.0,20260806,20260826
688234.SH,20260827,辽宁海通新能源低碳产业股权投资基金有限公司,C,DE,1157926.0,0.2695,5235174.0,1.0803,,5235174.0,20260806,20260826
002456.SZ,20260827,曾兆豪,G,IN,209900.0,0.0063,,,,1515400.0,20260717,20260826
002456.SZ,20260827,周亮,G,IN,209300.0,0.0063,,,,1514500.0,20260717,20260826
002049.SZ,20260827,丁芝永,G,IN,1800.0,0.0002,1800.0,0.0002,,1800.0,20260826,20260826
002049.SZ,20260827,王坤,G,IN,2000.0,0.0002,2000.0,0.0002,,2000.0,20260826,20260826
002049.SZ,20260827,陈雄,G,IN,2000.0,0.0002,2000.0,0.0002,,2000.0,20260826,20260826
002049.SZ,20260827,佟晓丹,G,IN,20000.0,0.0024,20000.0,0.0024,,20000.0,20260826,20260826
002049.SZ,20260827,杨秋平,G,IN,3600.0,0.0004,3600.0,0.0004,,3600.0,20260826,20260826
002049.SZ,20260827,翟应斌,G,IN,4000.0,0.0005,4000.0,0.0005,,4000.0,20260826,20260826
002049.SZ,20260827,邬睿,G,IN,8000.0,0.0009,8000.0,0.0009,,8000.0,20260826,20260826
002049.SZ,20260827,马宁辉,G,IN,3200.0,0.0004,3200.0,0.0004,,3200.0,20260826,20260826
002049.SZ,20260827,岳超,G,IN,21100.0,0.0025,21100.0,0.0025,,21100.0,20260826,20260826
002049.SZ,20260827,李天池,G,IN,20000.0,0.0024,20000.0,0.0024,,20000.0,20260826,20260826
002049.SZ,20260827,陈杰,G,IN,108600.0,0.0129,108880.0,0.0129,,108880.0,20260826,20260826
002893.SZ,20260827,赵一波,P,DE,217000.0,0.107,26363987.0,13.0014,9.36,26363987.0,20260826,20260826
002893.SZ,20260827,赵一波,P,DE,1060000.0,0.5227,26580987.0,13.1084,9.36,26580987.0,20260825,20260825
002893.SZ,20260827,赵一波,P,DE,550000.0,0.2712,27640987.0,13.6311,9.24,27640987.0,20260824,20260824
002083.SZ,20260827,孙小惠,P,IN,228500.0,0.0241,30228555.0,3.1944,,30228555.0,20260826,20260826
000935.SZ,20260827,中国中信金融资产管理股份有限公司,C,DE,6473800.0,0.848,38171993.0,5.0,,38171993.0,20260608,20260826
605118.SH,20260827,张军光,G,DE,8500.0,0.0021,,,29.412,25600.0,20260527,20260826
605118.SH,20260827,陈亚聪,G,DE,4200.0,0.001,,,30.135,25800.0,20260527,20260826
603209.SH,20260827,山东日盈投资有限公司,C,DE,1608600.0,0.5004,0.0,,,0.0,20260812,20260826
300599.SZ,20260827,黄锦禧,G,DE,987900.0,0.3116,67142800.0,21.179,,67142800.0,20260806,20260811
300599.SZ,20260827,吴端明,G,DE,135000.0,0.0427,62813.0,0.0199,12.8,656250.0,20260527,20260527
000598.SZ,20260827,信环绿色控股(北京)有限责任公司,C,IN,26673707.0,0.894,268895203.0,9.0124,,268895203.0,20260724,20260825
603755.SH,20260827,浙江君弘资产管理有限公司-君弘钱江二十七期私募证券投资基金,C,DE,78700.0,0.0798,4851957.0,4.9202,,4851957.0,20260529,20260826
605033.SH,20260827,许昌美富美企业管理合伙企业(有限合伙),C,DE,30000.0,0.0222,4135800.0,3.059,21.0235,4135800.0,20260526,20260825
605033.SH,20260827,许昌美富美企业管理合伙企业(有限合伙),C,DE,30000.0,0.0222,4135800.0,3.059,21.0235,4135800.0,20260526,20260825
603619.SH,20260827,朱逢学,P,DE,13869000.0,2.9998,5563407.0,1.2033,21.4396,5563407.0,20260527,20260825
603153.SH,20260827,"上海见慧企业咨询合伙企业(有限合伙),上海见鑫企业咨询合伙企业(有限合伙),上海见盛企业咨询合伙企业(有限合伙),上海见筠企业咨询合伙企业(有限合伙),上海见叶企业咨询合伙企业(有限合伙),上海见理企业咨询合伙企业(有限合伙)",C,DE,1881700.0,0.466,,,,30762574.0,20260807,20260825
301358.SZ,20260826,宁德时代新能源科技股份有限公司,C,DE,7822951.0,1.0235,49918157.0,6.531,,49918157.0,20260629,20260826
300562.SZ,20260826,广东乐心医疗电子股份有限公司增益2号员工持股计划,C,IN,1719600.0,1.028,,,15.12,,,20260825
002489.SZ,20260826,谢建勇,G,DE,2708800.0,0.1416,21877687.0,1.1436,3.44,122832749.0,20260611,20260611
301118.SZ,20260826,朱友良,G,DE,79500.0,0.0748,104438.0,0.0983,30.1719,256250.0,20260528,20260608
600847.SH,20260826,北京世达祺祥贸易有限公司,C,DE,230000.0,0.15,2831100.0,1.8469,,2831100.0,20260825,20260825
688625.SH,20260826,金鹰优选251号集合资产管理计划,C,IN,447444.0,0.1723,447444.0,0.1723,53.7521,447444.0,20260623,20260825
688625.SH,20260826,段淑丽,G,IN,103697.0,0.0399,103697.0,0.0399,72.4419,103697.0,20260623,20260825
688625.SH,20260826,张旭,G,IN,124831.0,0.0481,124831.0,0.0481,72.1609,124831.0,20260623,20260825
688625.SH,20260826,余志亮,G,IN,103989.0,0.04,103989.0,0.04,72.24,103989.0,20260623,20260825
688625.SH,20260826,陈映红,G,IN,164940.0,0.0635,164940.0,0.0635,71.7813,164940.0,20260623,20260825
688409.SH,20260826,泰州祥浦创业投资基金合伙企业(有限合伙),C,DE,3195000.0,1.0434,27426078.0,8.9566,,27426078.0,20260713,20260825
002973.SZ,20260826,安义珑欣企业管理合伙企业(有限合伙),C,DE,2097200.0,0.6602,14084447.0,4.4339,,14084447.0,20260825,20260825
002973.SZ,20260826,郭倍华,G,DE,250000.0,0.0787,14778944.0,4.6525,,103500174.0,20260825,20260825
603665.SH,20260826,海南裕昊创业投资合伙企业(有限合伙),C,DE,572827.0,0.3576,7896646.0,4.9302,23.91,7896646.0,20260703,20260703
688079.SH,20260826,矢岛大和,G,DE,25000.0,0.0062,,,24.0,75000.0,20260526,20260526
688079.SH,20260826,翁钦盛,G,DE,25000.0,0.0062,,,31.94,115000.0,20260617,20260617
601718.SH,20260826,新兴际华集团有限公司,C,IN,33935000.0,0.7781,2040597891.0,46.7912,,2040597891.0,20250827,20260821
301282.SZ,20260826,麦睿明,P,DE,270000.0,0.1529,16392000.0,9.2832,,16392000.0,20260817,20260817
920267.BJ,20260826,深圳市投控东海中小微创业投资企业(有限合伙),C,DE,80000.0,0.2944,0.0,,15.91,0.0,20260820,20260820
920267.BJ,20260826,深圳市投控东海中小微创业投资企业(有限合伙),C,DE,473741.0,1.7432,0.0,,18.2441,80000.0,20260525,20260819
920571.BJ,20260826,上海融沣商贸有限公司,C,DE,1762250.0,0.5952,1149799.0,0.3883,,13369997.0,20260624,20260824
920571.BJ,20260826,林耀明,P,DE,1088889.0,0.3678,2451291.0,0.8279,,16804011.0,20260812,20260824
920571.BJ,20260826,张轶,G,DE,2018598.0,0.6818,13985402.0,4.7235,,78001402.0,20260624,20260824
600155.SH,20260826,贵州金融控股集团有限责任公司,C,IN,110677124.0,5.0,110677124.0,5.0,5.94,110677124.0,20260825,20260825
920026.BJ,20260826,苏州特瑞特企业管理咨询企业(有限合伙),C,DE,42056.0,0.0486,,,,2326947.0,20260820,20260824
920026.BJ,20260826,苏州特瑞特星熠贰号管理咨询合伙企业(有限合伙),C,DE,295053.0,0.3406,,,,3883275.0,20260820,20260824
920026.BJ,20260826,苏州特瑞特云帆壹号企业管理咨询合伙企业(有限合伙),C,DE,623867.0,0.7202,,,,4821846.0,20260820,20260824
603665.SH,20260826,海南裕昊创业投资合伙企业(有限合伙),C,DE,118000.0,0.0737,7770746.0,4.8516,21.66,7770746.0,20260803,20260825
002695.SZ,20260826,江西煌上煌集团食品股份有限公司-2021年员工持股计划,C,DE,7164000.0,1.4007,0.0,,,0.0,,20260825
301358.SZ,20260826,宁德时代新能源科技股份有限公司,C,DE,7822951.0,1.0235,49918157.0,6.531,,49918157.0,20260629,20260826
300562.SZ,20260826,广东乐心医疗电子股份有限公司增益2号员工持股计划,C,IN,1719600.0,1.028,,,15.12,,,20260825
002489.SZ,20260826,谢建勇,G,DE,2708800.0,0.1416,21877687.0,1.1436,3.44,122832749.0,20260611,20260611
301118.SZ,20260826,朱友良,G,DE,79500.0,0.0748,104438.0,0.0983,30.1719,256250.0,20260528,20260608
600847.SH,20260826,北京世达祺祥贸易有限公司,C,DE,230000.0,0.15,2831100.0,1.8469,,2831100.0,20260825,20260825
688625.SH,20260826,金鹰优选251号集合资产管理计划,C,IN,447444.0,0.1723,447444.0,0.1723,53.7521,447444.0,20260623,20260825
688625.SH,20260826,段淑丽,G,IN,103697.0,0.0399,103697.0,0.0399,72.4419,103697.0,20260623,20260825
688625.SH,20260826,张旭,G,IN,124831.0,0.0481,124831.0,0.0481,72.1609,124831.0,20260623,20260825
688625.SH,20260826,余志亮,G,IN,103989.0,0.04,103989.0,0.04,72.24,103989.0,20260623,20260825
688625.SH,20260826,陈映红,G,IN,164940.0,0.0635,164940.0,0.0635,71.7813,164940.0,20260623,20260825
688409.SH,20260826,泰州祥浦创业投资基金合伙企业(有限合伙),C,DE,3195000.0,1.0434,27426078.0,8.9566,,27426078.0,20260713,20260825
002973.SZ,20260826,安义珑欣企业管理合伙企业(有限合伙),C,DE,2097200.0,0.6602,14084447.0,4.4339,,14084447.0,20260825,20260825
002973.SZ,20260826,郭倍华,G,DE,250000.0,0.0787,14778944.0,4.6525,,103500174.0,20260825,20260825
603665.SH,20260826,海南裕昊创业投资合伙企业(有限合伙),C,DE,572827.0,0.3576,7896646.0,4.9302,23.91,7896646.0,20260703,20260703
688079.SH,20260826,矢岛大和,G,DE,25000.0,0.0062,,,24.0,75000.0,20260526,20260526
688079.SH,20260826,翁钦盛,G,DE,25000.0,0.0062,,,31.94,115000.0,20260617,20260617
601718.SH,20260826,新兴际华集团有限公司,C,IN,33935000.0,0.7781,2040597891.0,46.7912,,2040597891.0,20250827,20260821
301282.SZ,20260826,麦睿明,P,DE,270000.0,0.1529,16392000.0,9.2832,,16392000.0,20260817,20260817
920267.BJ,20260826,深圳市投控东海中小微创业投资企业(有限合伙),C,DE,80000.0,0.2944,0.0,,15.91,0.0,20260820,20260820
920267.BJ,20260826,深圳市投控东海中小微创业投资企业(有限合伙),C,DE,473741.0,1.7432,0.0,,18.2441,80000.0,20260525,20260819
920571.BJ,20260826,上海融沣商贸有限公司,C,DE,1762250.0,0.5952,1149799.0,0.3883,,13369997.0,20260624,20260824
920571.BJ,20260826,林耀明,P,DE,1088889.0,0.3678,2451291.0,0.8279,,16804011.0,20260812,20260824
920571.BJ,20260826,张轶,G,DE,2018598.0,0.6818,13985402.0,4.7235,,78001402.0,20260624,20260824
600155.SH,20260826,贵州金融控股集团有限责任公司,C,IN,110677124.0,5.0,110677124.0,5.0,5.94,110677124.0,20260825,20260825
920026.BJ,20260826,苏州特瑞特企业管理咨询企业(有限合伙),C,DE,42056.0,0.0486,,,,2326947.0,20260820,20260824
920026.BJ,20260826,苏州特瑞特星熠贰号管理咨询合伙企业(有限合伙),C,DE,295053.0,0.3406,,,,3883275.0,20260820,20260824
920026.BJ,20260826,苏州特瑞特云帆壹号企业管理咨询合伙企业(有限合伙),C,DE,623867.0,0.7202,,,,4821846.0,20260820,20260824
603665.SH,20260826,海南裕昊创业投资合伙企业(有限合伙),C,DE,118000.0,0.0737,7770746.0,4.8516,21.66,7770746.0,20260803,20260825
002695.SZ,20260826,江西煌上煌集团食品股份有限公司-2021年员工持股计划,C,DE,7164000.0,1.4007,0.0,,,0.0,,20260825
301358.SZ,20260826,宁德时代新能源科技股份有限公司,C,DE,7822951.0,1.0235,49918157.0,6.531,,49918157.0,20260629,20260826
300562.SZ,20260826,广东乐心医疗电子股份有限公司增益2号员工持股计划,C,IN,1719600.0,1.028,,,15.12,,,20260825
002973.SZ,20260826,郭倍华,G,DE,250000.0,0.0787,14778944.0,4.6525,,103500174.0,20260825,20260825
301282.SZ,20260826,麦睿明,P,DE,270000.0,0.1529,16392000.0,9.2832,,16392000.0,20260817,20260817
300562.SZ,20260826,广东乐心医疗电子股份有限公司增益2号员工持股计划,C,IN,1719600.0,1.028,,,15.12,,,20260825
600847.SH,20260826,北京世达祺祥贸易有限公司,C,DE,230000.0,0.15,2831100.0,1.8469,,2831100.0,20260825,20260825
688625.SH,20260826,金鹰优选251号集合资产管理计划,C,IN,447444.0,0.1723,447444.0,0.1723,53.7521,447444.0,20260623,20260825
688625.SH,20260826,段淑丽,G,IN,103697.0,0.0399,103697.0,0.0399,72.4419,103697.0,20260623,20260825
688625.SH,20260826,张旭,G,IN,124831.0,0.0481,124831.0,0.0481,72.1609,124831.0,20260623,20260825
688625.SH,20260826,余志亮,G,IN,103989.0,0.04,103989.0,0.04,72.24,103989.0,20260623,20260825
688625.SH,20260826,陈映红,G,IN,164940.0,0.0635,164940.0,0.0635,71.7813,164940.0,20260623,20260825
688409.SH,20260826,泰州祥浦创业投资基金合伙企业(有限合伙),C,DE,3195000.0,1.0434,27426078.0,8.9566,,27426078.0,20260713,20260825
002973.SZ,20260826,安义珑欣企业管理合伙企业(有限合伙),C,DE,2097200.0,0.6602,14084447.0,4.4339,,14084447.0,20260825,20260825
002973.SZ,20260826,郭倍华,G,DE,250000.0,0.0787,14778944.0,4.6525,,103500174.0,20260825,20260825
920267.BJ,20260826,深圳市投控东海中小微创业投资企业(有限合伙),C,DE,80000.0,0.2944,0.0,,15.91,0.0,20260820,20260820
920267.BJ,20260826,深圳市投控东海中小微创业投资企业(有限合伙),C,DE,473741.0,1.7432,0.0,,18.2441,80000.0,20260525,20260819
920571.BJ,20260826,上海融沣商贸有限公司,C,DE,1762250.0,0.5952,1149799.0,0.3883,,13369997.0,20260624,20260824
920571.BJ,20260826,林耀明,P,DE,1088889.0,0.3678,2451291.0,0.8279,,16804011.0,20260812,20260824
920571.BJ,20260826,张轶,G,DE,2018598.0,0.6818,13985402.0,4.7235,,78001402.0,20260624,20260824
600155.SH,20260826,贵州金融控股集团有限责任公司,C,IN,110677124.0,5.0,110677124.0,5.0,5.94,110677124.0,20260825,20260825
920026.BJ,20260826,苏州特瑞特企业管理咨询企业(有限合伙),C,DE,42056.0,0.0486,,,,2326947.0,20260820,20260824
920026.BJ,20260826,苏州特瑞特星熠贰号管理咨询合伙企业(有限合伙),C,DE,295053.0,0.3406,,,,3883275.0,20260820,20260824
920026.BJ,20260826,苏州特瑞特云帆壹号企业管理咨询合伙企业(有限合伙),C,DE,623867.0,0.7202,,,,4821846.0,20260820,20260824
002489.SZ,20260826,谢建勇,G,DE,2708800.0,0.1416,21877687.0,1.1436,3.44,122832749.0,20260611,20260611
301118.SZ,20260826,朱友良,G,DE,79500.0,0.0748,104438.0,0.0983,30.1719,256250.0,20260528,20260608
600847.SH,20260826,北京世达祺祥贸易有限公司,C,DE,230000.0,0.15,2831100.0,1.8469,,2831100.0,20260825,20260825
603665.SH,20260826,海南裕昊创业投资合伙企业(有限合伙),C,DE,572827.0,0.3576,7896646.0,4.9302,23.91,7896646.0,20260703,20260703
688079.SH,20260826,矢岛大和,G,DE,25000.0,0.0062,,,24.0,75000.0,20260526,20260526
688079.SH,20260826,翁钦盛,G,DE,25000.0,0.0062,,,31.94,115000.0,20260617,20260617
601718.SH,20260826,新兴际华集团有限公司,C,IN,33935000.0,0.7781,2040597891.0,46.7912,,2040597891.0,20250827,20260821
603665.SH,20260826,海南裕昊创业投资合伙企业(有限合伙),C,DE,118000.0,0.0737,7770746.0,4.8516,21.66,7770746.0,20260803,20260825
603665.SH,20260826,海南裕昊创业投资合伙企业(有限合伙),C,DE,690827.0,0.4313,7770746.0,4.8516,,7770746.0,20260722,20260825
002695.SZ,20260826,江西煌上煌集团食品股份有限公司-2021年员工持股计划,C,DE,7164000.0,1.4007,0.0,,,0.0,,20260825
001301.SZ,20260825,长江晨道(湖北)新能源产业投资合伙企业(有限合伙),C,DE,4925432.0,1.8937,12812708.0,4.9263,53.53,12812708.0,20260703,20260814
001301.SZ,20260825,长江晨道(湖北)新能源产业投资合伙企业(有限合伙),C,DE,370000.0,0.1991,12670100.0,6.8171,91.07,12670100.0,20260618,20260702
688279.SH,20260825,上海华芯创业投资合伙企业(有限合伙),C,DE,1000000.0,1.0689,10180273.0,8.8436,,10180273.0,20260818,20260821
603887.SH,20260825,许奇,P,DE,60000.0,0.01,,,11.6722,214960.0,20260602,20260618
603887.SH,20260825,张杨,G,DE,49900.0,0.0083,,,10.29,150100.0,20260602,20260622
001390.SZ,20260825,芜湖京城二期股权投资基金合伙企业(有限合伙),C,DE,43600.0,0.0367,7203100.0,6.0643,,7203100.0,20260821,20260821
001390.SZ,20260825,北京城建一期(芜湖)股权投资基金合伙企业(有限合伙),C,DE,120000.0,0.101,16633300.0,14.0035,,16633300.0,20260821,20260821
300832.SZ,20260825,李婷华,G,IN,10000.0,0.0015,,,45.79,,20260721,20260721
300832.SZ,20260825,张蕾,G,IN,20000.0,0.0029,,,45.98,,20260721,20260721
300832.SZ,20260825,张蕾,G,IN,10000.0,0.0015,,,47.69,,20260723,20260723
300732.SZ,20260825,魏俊锋,G,DE,45927.0,0.0124,0.0,,6.07,137781.0,20260825,20260825
300929.SZ,20260825,王凤仙,P,IN,1885640.0,1.5042,8721840.0,6.9574,,8721840.0,20260814,20260825
300929.SZ,20260825,王根九,P,IN,489600.0,0.3906,12806180.0,10.2155,,12806180.0,20260814,20260825
301173.SZ,20260825,国泰君安证券资管-招商银行-国泰君安君享创业板毓恬冠佳1号战略配售集合资产管理计划,C,DE,239700.0,0.7775,642756.0,2.0849,29.32,642756.0,20260526,20260825
600900.SH,20260825,中国长江三峡集团有限公司,C,IN,58238895.0,0.238,,,,10636013637.0,20251209,20260821
600770.SH,20260825,海安瑞海城镇化投资建设有限公司,C,DE,2500000.0,0.1923,62500000.0,4.8077,,62500000.0,20260709,20260821
600238.SH,20260825,海南环樾科技合伙企业(有限合伙),C,IN,114000.0,0.0256,21864754.0,4.9104,,21864754.0,20260821,20260821
002973.SZ,20260825,安义珑欣企业管理合伙企业(有限合伙),C,DE,1191700.0,0.3752,16181647.0,5.0941,,16181647.0,20260820,20260824
002973.SZ,20260825,郭倍华,G,DE,2895000.0,0.9114,15028944.0,4.7312,,103750174.0,20260820,20260824
603120.SH,20260825,嘉兴附加值青山投资合伙企业(有限合伙),C,DE,2712000.0,7.1557,,,53.9307,671332.0,20260603,20260824
001287.SZ,20260825,共青城亿科合融投资管理合伙企业(有限合伙),C,DE,6019600.0,0.7922,45586885.0,5.9991,,45586885.0,20260618,20260821
603639.SH,20260825,刘玉龙,G,DE,56000.0,0.0165,,,10.5904,172000.0,20260525,20260824
603639.SH,20260825,青岛合意投资中心(有限合伙),C,DE,424300.0,0.1248,16780251.0,4.9371,10.795,16780251.0,20260525,20260824
600338.SH,20260825,西藏珠峰资源股份有限公司-2026年员工持股计划,C,IN,570000.0,0.0623,,,13.06,,20260724,20260825
688433.SH,20260825,侯银华,P,DE,722694.0,0.1739,45378186.0,10.9193,,45378186.0,20260812,20260824
002825.SZ,20260825,游景超,P,IN,721400.0,0.2811,1226700.0,0.478,,1226700.0,20260424,20260824
600590.SH,20260825,泰豪集团有限公司,C,DE,500000.0,0.0593,102983277.0,12.208,,102983277.0,20260730,20260821
688356.SH,20260825,吴凯庭,P,DE,1769521.0,2.9176,4293791.0,7.0795,,4293791.0,20260813,20260824
001301.SZ,20260825,长江晨道(湖北)新能源产业投资合伙企业(有限合伙),C,DE,4925432.0,1.8937,12812708.0,4.9263,53.53,12812708.0,20260703,20260814
001301.SZ,20260825,长江晨道(湖北)新能源产业投资合伙企业(有限合伙),C,DE,370000.0,0.1991,12670100.0,6.8171,91.07,12670100.0,20260618,20260702
688279.SH,20260825,上海华芯创业投资合伙企业(有限合伙),C,DE,1000000.0,1.0689,10180273.0,8.8436,,10180273.0,20260818,20260821
603887.SH,20260825,许奇,P,DE,60000.0,0.01,,,11.6722,214960.0,20260602,20260618
603887.SH,20260825,张杨,G,DE,49900.0,0.0083,,,10.29,150100.0,20260602,20260622
001390.SZ,20260825,芜湖京城二期股权投资基金合伙企业(有限合伙),C,DE,43600.0,0.0367,7203100.0,6.0643,,7203100.0,20260821,20260821
001390.SZ,20260825,北京城建一期(芜湖)股权投资基金合伙企业(有限合伙),C,DE,120000.0,0.101,16633300.0,14.0035,,16633300.0,20260821,20260821
300832.SZ,20260825,李婷华,G,IN,10000.0,0.0015,,,45.79,,20260721,20260721
300832.SZ,20260825,张蕾,G,IN,20000.0,0.0029,,,45.98,,20260721,20260721
300832.SZ,20260825,张蕾,G,IN,10000.0,0.0015,,,47.69,,20260723,20260723
300732.SZ,20260825,魏俊锋,G,DE,45927.0,0.0124,0.0,,6.07,137781.0,20260825,20260825
300929.SZ,20260825,王凤仙,P,IN,1885640.0,1.5042,8721840.0,6.9574,,8721840.0,20260814,20260825
300929.SZ,20260825,王根九,P,IN,489600.0,0.3906,12806180.0,10.2155,,12806180.0,20260814,20260825
301173.SZ,20260825,国泰君安证券资管-招商银行-国泰君安君享创业板毓恬冠佳1号战略配售集合资产管理计划,C,DE,239700.0,0.7775,642756.0,2.0849,29.32,642756.0,20260526,20260825
600900.SH,20260825,中国长江三峡集团有限公司,C,IN,58238895.0,0.238,,,,10636013637.0,20251209,20260821
600770.SH,20260825,海安瑞海城镇化投资建设有限公司,C,DE,2500000.0,0.1923,62500000.0,4.8077,,62500000.0,20260709,20260821
600238.SH,20260825,海南环樾科技合伙企业(有限合伙),C,IN,114000.0,0.0256,21864754.0,4.9104,,21864754.0,20260821,20260821
002973.SZ,20260825,安义珑欣企业管理合伙企业(有限合伙),C,DE,1191700.0,0.3752,16181647.0,5.0941,,16181647.0,20260820,20260824
002973.SZ,20260825,郭倍华,G,DE,2895000.0,0.9114,15028944.0,4.7312,,103750174.0,20260820,20260824
603120.SH,20260825,嘉兴附加值青山投资合伙企业(有限合伙),C,DE,2712000.0,7.1557,,,53.9307,671332.0,20260603,20260824
001287.SZ,20260825,共青城亿科合融投资管理合伙企业(有限合伙),C,DE,6019600.0,0.7922,45586885.0,5.9991,,45586885.0,20260618,20260821
603639.SH,20260825,刘玉龙,G,DE,56000.0,0.0165,,,10.5904,172000.0,20260525,20260824
603639.SH,20260825,青岛合意投资中心(有限合伙),C,DE,424300.0,0.1248,16780251.0,4.9371,10.795,16780251.0,20260525,20260824
600338.SH,20260825,西藏珠峰资源股份有限公司-2026年员工持股计划,C,IN,570000.0,0.0623,,,13.06,,20260724,20260825
688433.SH,20260825,侯银华,P,DE,722694.0,0.1739,45378186.0,10.9193,,45378186.0,20260812,20260824
002825.SZ,20260825,游景超,P,IN,721400.0,0.2811,1226700.0,0.478,,1226700.0,20260424,20260824
600590.SH,20260825,泰豪集团有限公司,C,DE,500000.0,0.0593,102983277.0,12.208,,102983277.0,20260730,20260821
688356.SH,20260825,吴凯庭,P,DE,1769521.0,2.9176,4293791.0,7.0795,,4293791.0,20260813,20260824
300732.SZ,20260825,魏俊锋,G,DE,45927.0,0.0124,0.0,,6.07,137781.0,20260825,20260825
300732.SZ,20260825,魏俊锋,G,DE,45927.0,0.0124,0.0,,6.07,137781.0,20260825,20260825
300832.SZ,20260825,李婷华,G,IN,10000.0,0.0015,,,45.79,,20260721,20260721
300832.SZ,20260825,张蕾,G,IN,20000.0,0.0029,,,45.98,,20260721,20260721
300832.SZ,20260825,张蕾,G,IN,10000.0,0.0015,,,47.69,,20260723,20260723
300732.SZ,20260825,魏俊锋,G,DE,45927.0,0.0124,0.0,,6.07,137781.0,20260825,20260825
300929.SZ,20260825,王凤仙,P,IN,1885640.0,1.5042,8721840.0,6.9574,,8721840.0,20260814,20260825
300929.SZ,20260825,王根九,P,IN,489600.0,0.3906,12806180.0,10.2155,,12806180.0,20260814,20260825
301173.SZ,20260825,国泰君安证券资管-招商银行-国泰君安君享创业板毓恬冠佳1号战略配售集合资产管理计划,C,DE,239700.0,0.7775,642756.0,2.0849,29.32,642756.0,20260526,20260825
001301.SZ,20260825,长江晨道(湖北)新能源产业投资合伙企业(有限合伙),C,DE,4925432.0,1.8937,12812708.0,4.9263,53.53,12812708.0,20260703,20260814
001301.SZ,20260825,长江晨道(湖北)新能源产业投资合伙企业(有限合伙),C,DE,370000.0,0.1991,12670100.0,6.8171,91.07,12670100.0,20260618,20260702
688279.SH,20260825,上海华芯创业投资合伙企业(有限合伙),C,DE,1000000.0,1.0689,10180273.0,8.8436,,10180273.0,20260818,20260821
603887.SH,20260825,许奇,P,DE,60000.0,0.01,,,11.6722,214960.0,20260602,20260618
603887.SH,20260825,张杨,G,DE,49900.0,0.0083,,,10.29,150100.0,20260602,20260622
001390.SZ,20260825,芜湖京城二期股权投资基金合伙企业(有限合伙),C,DE,43600.0,0.0367,7203100.0,6.0643,,7203100.0,20260821,20260821
001390.SZ,20260825,北京城建一期(芜湖)股权投资基金合伙企业(有限合伙),C,DE,120000.0,0.101,16633300.0,14.0035,,16633300.0,20260821,20260821
600238.SH,20260825,海南环樾科技合伙企业(有限合伙),C,IN,114000.0,0.0256,21864754.0,4.9104,,21864754.0,20260821,20260821
002973.SZ,20260825,安义珑欣企业管理合伙企业(有限合伙),C,DE,1191700.0,0.3752,16181647.0,5.0941,,16181647.0,20260820,20260824
002973.SZ,20260825,郭倍华,G,DE,2895000.0,0.9114,15028944.0,4.7312,,103750174.0,20260820,20260824
603120.SH,20260825,嘉兴附加值青山投资合伙企业(有限合伙),C,DE,2712000.0,7.1557,,,53.9307,671332.0,20260603,20260824
001287.SZ,20260825,共青城亿科合融投资管理合伙企业(有限合伙),C,DE,6019600.0,0.7922,45586885.0,5.9991,,45586885.0,20260618,20260821
603639.SH,20260825,刘玉龙,G,DE,56000.0,0.0165,,,10.5904,172000.0,20260525,20260824
603639.SH,20260825,青岛合意投资中心(有限合伙),C,DE,424300.0,0.1248,16780251.0,4.9371,10.795,16780251.0,20260525,20260824
600338.SH,20260825,西藏珠峰资源股份有限公司-2026年员工持股计划,C,IN,570000.0,0.0623,,,13.06,,20260724,20260825
688433.SH,20260825,侯银华,P,DE,722694.0,0.1739,45378186.0,10.9193,,45378186.0,20260812,20260824
002825.SZ,20260825,游景超,P,IN,721400.0,0.2811,1226700.0,0.478,,1226700.0,20260424,20260824
600590.SH,20260825,泰豪集团有限公司,C,DE,500000.0,0.0593,102983277.0,12.208,,102983277.0,20260730,20260821
688356.SH,20260825,吴凯庭,P,DE,1769521.0,2.9176,4293791.0,7.0795,,4293791.0,20260813,20260824
600900.SH,20260825,中国长江三峡集团有限公司,C,IN,58238895.0,0.238,,,,10636013637.0,20251209,20260821
600770.SH,20260825,海安瑞海城镇化投资建设有限公司,C,DE,2500000.0,0.1923,62500000.0,4.8077,,62500000.0,20260709,20260821
300858.SZ,20260824,宁波顺懿创业投资合伙企业(有限合伙),C,DE,1487766.0,0.7601,14321900.0,7.3168,,14321900.0,20260702,20260724
300003.SZ,20260824,蒲忠杰,G,IN,853700.0,0.0541,,,11.71,228928449.0,20260824,20260824
300858.SZ,20260824,宁波顺懿创业投资合伙企业(有限合伙),C,DE,1487766.0,0.7601,14321900.0,7.3168,,14321900.0,20260702,20260724
300003.SZ,20260824,蒲忠杰,G,IN,853700.0,0.0541,,,11.71,228928449.0,20260824,20260824
300858.SZ,20260824,宁波顺懿创业投资合伙企业(有限合伙),C,DE,1487766.0,0.7601,14321900.0,7.3168,,14321900.0,20260702,20260724
300003.SZ,20260824,蒲忠杰,G,IN,853700.0,0.0541,,,11.71,228928449.0,20260824,20260824
688153.SH,20260822,"深圳市贵人资本投资有限公司,深圳市顺水孵化管理有限公司",C,DE,70000.0,0.0167,25319214.0,6.0548,,25319214.0,20260810,20260810
001390.SZ,20260822,芜湖京城二期股权投资基金合伙企业(有限合伙),C,DE,253300.0,0.2133,7246700.0,6.101,,7246700.0,20260730,20260820
001390.SZ,20260822,北京城建一期(芜湖)股权投资基金合伙企业(有限合伙),C,DE,696700.0,0.5866,16753300.0,14.1046,,16753300.0,20260730,20260820
603881.SH,20260822,宁波锐鑫创业投资合伙企业(有限合伙),C,DE,10398400.0,1.2062,74736856.0,8.6696,,74736856.0,20260811,20260820
002617.SZ,20260822,李伯英,P,DE,2550000.0,0.1358,0.0,,,0.0,20260625,20260625
002617.SZ,20260822,鲁永,G,DE,8069500.0,0.4298,34000022.0,0.1304,,34000022.0,20260625,20260625
002617.SZ,20260822,露笑集团有限公司,C,DE,12914900.0,0.6878,93543697.0,4.982,,93543697.0,20260701,20260821
002421.SZ,20260822,昌都市达实企业管理(集团)有限公司,C,DE,1393200.0,0.0684,245831018.0,12.073,,245831018.0,20260818,20260820
603023.SH,20260822,陈振华,P,DE,9260600.0,1.6593,128263555.0,22.9815,,128263555.0,20260821,20260821
920045.BJ,20260822,深圳市创新投资集团有限公司,C,DE,128500.0,0.456,983327.0,3.4896,464.2072,983327.0,20260618,20260820
920045.BJ,20260822,深圳市红土创客创业投资合伙企业(有限合伙),C,DE,128500.0,0.456,983327.0,3.4896,462.9132,983327.0,20260618,20260820
920045.BJ,20260822,深圳市福田红土股权投资基金合伙企业(有限合伙),C,DE,514000.0,1.8241,3933358.0,13.9587,462.5255,3933358.0,20260618,20260820
600025.SH,20260822,华能结构调整1号证券投资私募基金,C,IN,12501573.0,0.0671,15777573.0,0.0847,,15777573.0,20260225,20260821
688153.SH,20260822,"深圳市贵人资本投资有限公司,深圳市顺水孵化管理有限公司",C,DE,70000.0,0.0167,25319214.0,6.0548,,25319214.0,20260810,20260810
001390.SZ,20260822,芜湖京城二期股权投资基金合伙企业(有限合伙),C,DE,253300.0,0.2133,7246700.0,6.101,,7246700.0,20260730,20260820
001390.SZ,20260822,北京城建一期(芜湖)股权投资基金合伙企业(有限合伙),C,DE,696700.0,0.5866,16753300.0,14.1046,,16753300.0,20260730,20260820
603881.SH,20260822,宁波锐鑫创业投资合伙企业(有限合伙),C,DE,10398400.0,1.2062,74736856.0,8.6696,,74736856.0,20260811,20260820
002617.SZ,20260822,李伯英,P,DE,2550000.0,0.1358,0.0,,,0.0,20260625,20260625
002617.SZ,20260822,鲁永,G,DE,8069500.0,0.4298,34000022.0,0.1304,,34000022.0,20260625,20260625
002617.SZ,20260822,露笑集团有限公司,C,DE,12914900.0,0.6878,93543697.0,4.982,,93543697.0,20260701,20260821
002421.SZ,20260822,昌都市达实企业管理(集团)有限公司,C,DE,1393200.0,0.0684,245831018.0,12.073,,245831018.0,20260818,20260820
603023.SH,20260822,陈振华,P,DE,9260600.0,1.6593,128263555.0,22.9815,,128263555.0,20260821,20260821
920045.BJ,20260822,深圳市创新投资集团有限公司,C,DE,128500.0,0.456,983327.0,3.4896,464.2072,983327.0,20260618,20260820
920045.BJ,20260822,深圳市红土创客创业投资合伙企业(有限合伙),C,DE,128500.0,0.456,983327.0,3.4896,462.9132,983327.0,20260618,20260820
920045.BJ,20260822,深圳市福田红土股权投资基金合伙企业(有限合伙),C,DE,514000.0,1.8241,3933358.0,13.9587,462.5255,3933358.0,20260618,20260820
600025.SH,20260822,华能结构调整1号证券投资私募基金,C,IN,12501573.0,0.0671,15777573.0,0.0847,,15777573.0,20260225,20260821
920045.BJ,20260822,深圳市创新投资集团有限公司,C,DE,128500.0,0.456,983327.0,3.4896,464.2072,983327.0,20260618,20260820
920045.BJ,20260822,深圳市红土创客创业投资合伙企业(有限合伙),C,DE,128500.0,0.456,983327.0,3.4896,462.9132,983327.0,20260618,20260820
920045.BJ,20260822,深圳市福田红土股权投资基金合伙企业(有限合伙),C,DE,514000.0,1.8241,3933358.0,13.9587,462.5255,3933358.0,20260618,20260820
688153.SH,20260822,"深圳市贵人资本投资有限公司,深圳市顺水孵化管理有限公司",C,DE,70000.0,0.0167,25319214.0,6.0548,,25319214.0,20260810,20260810
001390.SZ,20260822,芜湖京城二期股权投资基金合伙企业(有限合伙),C,DE,253300.0,0.2133,7246700.0,6.101,,7246700.0,20260730,20260820
001390.SZ,20260822,北京城建一期(芜湖)股权投资基金合伙企业(有限合伙),C,DE,696700.0,0.5866,16753300.0,14.1046,,16753300.0,20260730,20260820
603881.SH,20260822,宁波锐鑫创业投资合伙企业(有限合伙),C,DE,10398400.0,1.2062,74736856.0,8.6696,,74736856.0,20260811,20260820
002617.SZ,20260822,李伯英,P,DE,2550000.0,0.1358,0.0,,,0.0,20260625,20260625
002617.SZ,20260822,鲁永,G,DE,8069500.0,0.4298,34000022.0,0.1304,,34000022.0,20260625,20260625
002617.SZ,20260822,露笑集团有限公司,C,DE,12914900.0,0.6878,93543697.0,4.982,,93543697.0,20260701,20260821
002421.SZ,20260822,昌都市达实企业管理(集团)有限公司,C,DE,1393200.0,0.0684,245831018.0,12.073,,245831018.0,20260818,20260820
603023.SH,20260822,陈振华,P,DE,9260600.0,1.6593,128263555.0,22.9815,,128263555.0,20260821,20260821
600025.SH,20260822,华能结构调整1号证券投资私募基金,C,IN,12501573.0,0.0671,15777573.0,0.0847,,15777573.0,20260225,20260821
002192.SZ,20260821,张长虹,P,IN,19800.0,0.0076,4636138.0,1.7892,,4636138.0,20260731,20260819
688628.SH,20260821,张兴,G,DE,9600.0,0.0086,,,101.0,28800.0,20260702,20260702
688628.SH,20260821,周建华,G,DE,9543.0,0.0085,,,81.5,28632.0,20260820,20260820
300759.SZ,20260821,安义龙泰众信企业管理合伙企业(有限合伙),C,DE,1329000.0,0.0936,3004988.0,0.1688,47.95,3004988.0,20260527,20260821
301319.SZ,20260821,桑泽林,G,DE,468205.0,0.3405,0.0,,,1404948.0,20260522,20260821
301319.SZ,20260821,杜宣,P,DE,15000.0,0.0109,16155223.0,11.7481,,16155223.0,20260703,20260821
600052.SH,20260821,东阳市新岭科技有限公司,C,DE,6809600.0,0.8066,18516239.0,2.1934,,18516239.0,20260812,20260819
301439.SZ,20260821,威海市明博线缆科技有限公司,C,IN,662600.0,0.3616,5157594.0,2.8146,,211012479.0,20260819,20260821
920429.BJ,20260821,张炜,P,DE,244000.0,0.215,10761000.0,9.481,10.6838,10761000.0,20260819,20260819
600613.SH,20260821,张之君,P,DE,9021650.0,1.8822,0.0,,,0.0,20260819,20260820
920429.BJ,20260821,陈庆玥,P,DE,1000000.0,0.8811,0.0,,10.3534,0.0,20260817,20260819
920123.BJ,20260821,广州市白云投资基金管理有限公司-广州云美产业投资合伙企业(有限合伙),C,DE,500.0,0.0008,5576929.0,8.5819,,5576929.0,20260818,20260818
002192.SZ,20260821,张长虹,P,IN,19800.0,0.0076,4636138.0,1.7892,,4636138.0,20260731,20260819
688628.SH,20260821,张兴,G,DE,9600.0,0.0086,,,101.0,28800.0,20260702,20260702
688628.SH,20260821,周建华,G,DE,9543.0,0.0085,,,81.5,28632.0,20260820,20260820
300759.SZ,20260821,安义龙泰众信企业管理合伙企业(有限合伙),C,DE,1329000.0,0.0936,3004988.0,0.1688,47.95,3004988.0,20260527,20260821
301319.SZ,20260821,桑泽林,G,DE,468205.0,0.3405,0.0,,,1404948.0,20260522,20260821
301319.SZ,20260821,杜宣,P,DE,15000.0,0.0109,16155223.0,11.7481,,16155223.0,20260703,20260821
600052.SH,20260821,东阳市新岭科技有限公司,C,DE,6809600.0,0.8066,18516239.0,2.1934,,18516239.0,20260812,20260819
301439.SZ,20260821,威海市明博线缆科技有限公司,C,IN,662600.0,0.3616,5157594.0,2.8146,,211012479.0,20260819,20260821
920429.BJ,20260821,张炜,P,DE,244000.0,0.215,10761000.0,9.481,10.6838,10761000.0,20260819,20260819
600613.SH,20260821,张之君,P,DE,9021650.0,1.8822,0.0,,,0.0,20260819,20260820
920429.BJ,20260821,陈庆玥,P,DE,1000000.0,0.8811,0.0,,10.3534,0.0,20260817,20260819
920123.BJ,20260821,广州市白云投资基金管理有限公司-广州云美产业投资合伙企业(有限合伙),C,DE,500.0,0.0008,5576929.0,8.5819,,5576929.0,20260818,20260818
688628.SH,20260821,周建华,G,DE,9543.0,0.0085,,,81.5,28632.0,20260820,20260820
300759.SZ,20260821,安义龙泰众信企业管理合伙企业(有限合伙),C,DE,1329000.0,0.0936,3004988.0,0.1688,47.95,3004988.0,20260527,20260821
300759.SZ,20260821,安义龙泰众信企业管理合伙企业(有限合伙),C,DE,1329000.0,0.0936,3004988.0,0.1688,47.95,3004988.0,20260527,20260821
301319.SZ,20260821,桑泽林,G,DE,468205.0,0.3405,0.0,,,1404948.0,20260522,20260821
301319.SZ,20260821,杜宣,P,DE,15000.0,0.0109,16155223.0,11.7481,,16155223.0,20260703,20260821
301439.SZ,20260821,威海市明博线缆科技有限公司,C,IN,662600.0,0.3616,5157594.0,2.8146,,211012479.0,20260819,20260821
920429.BJ,20260821,张炜,P,DE,244000.0,0.215,10761000.0,9.481,10.6838,10761000.0,20260819,20260819
600613.SH,20260821,张之君,P,DE,9021650.0,1.8822,0.0,,,0.0,20260819,20260820
920429.BJ,20260821,陈庆玥,P,DE,1000000.0,0.8811,0.0,,10.3534,0.0,20260817,20260819
920123.BJ,20260821,广州市白云投资基金管理有限公司-广州云美产业投资合伙企业(有限合伙),C,DE,500.0,0.0008,5576929.0,8.5819,,5576929.0,20260818,20260818
002192.SZ,20260821,张长虹,P,IN,19800.0,0.0076,4636138.0,1.7892,,4636138.0,20260731,20260819
688628.SH,20260821,张兴,G,DE,9600.0,0.0086,,,101.0,28800.0,20260702,20260702
688628.SH,20260821,周建华,G,DE,9543.0,0.0085,,,81.5,28632.0,20260820,20260820
600052.SH,20260821,东阳市新岭科技有限公司,C,DE,6809600.0,0.8066,18516239.0,2.1934,,18516239.0,20260812,20260819
300603.SZ,20260820,葛良娣,G,DE,96551.0,0.0258,2419773.0,0.6471,11.1923,23351290.0,20260522,20260522
300603.SZ,20260820,葛良娣,G,DE,377564.0,0.101,2516324.0,0.6729,11.5239,23447841.0,20260521,20260521
300603.SZ,20260820,葛良娣,G,DE,2083284.0,0.5571,2893888.0,0.7739,11.5399,23825405.0,20260520,20260520
920953.BJ,20260820,济南国子学投资有限公司,C,DE,851767.0,1.4223,3725732.0,6.2214,,13344233.0,20260731,20260818
688267.SH,20260820,中触媒集团有限公司,C,IN,806157.0,0.3534,64366609.0,28.2141,,64366609.0,20260305,20260630
920002.BJ,20260820,徐明,G,DE,143000.0,0.3206,484640.0,1.0867,,2367558.0,20260804,20260818
920002.BJ,20260820,徐飞,G,DE,32500.0,0.0729,95911.0,0.2151,,481146.0,20260807,20260818
920002.BJ,20260820,徐群生,G,DE,122645.0,0.275,590309.0,1.3236,,2729177.0,20260805,20260818
688180.SH,20260820,上海檀英投资合伙企业(有限合伙),C,DE,6533700.0,0.8525,38925626.0,3.7914,,38925626.0,20260811,20260819
300610.SZ,20260820,董晓红,G,DE,100000.0,0.0604,726923.0,0.439,10.64,3277692.0,20260522,20260818
605033.SH,20260820,郝新新,P,DE,937662.0,0.6935,995138.0,0.736,18.6506,995138.0,20260526,20260818
002879.SZ,20260820,俞涛,G,IN,995000.0,0.7255,426750.0,0.3112,,1707000.0,20260818,20260818
300603.SZ,20260820,葛良娣,G,DE,96551.0,0.0258,2419773.0,0.6471,11.1923,23351290.0,20260522,20260522
300603.SZ,20260820,葛良娣,G,DE,377564.0,0.101,2516324.0,0.6729,11.5239,23447841.0,20260521,20260521
300603.SZ,20260820,葛良娣,G,DE,2083284.0,0.5571,2893888.0,0.7739,11.5399,23825405.0,20260520,20260520
920953.BJ,20260820,济南国子学投资有限公司,C,DE,851767.0,1.4223,3725732.0,6.2214,,13344233.0,20260731,20260818
688267.SH,20260820,中触媒集团有限公司,C,IN,806157.0,0.3534,64366609.0,28.2141,,64366609.0,20260305,20260630
920002.BJ,20260820,徐明,G,DE,143000.0,0.3206,484640.0,1.0867,,2367558.0,20260804,20260818
920002.BJ,20260820,徐飞,G,DE,32500.0,0.0729,95911.0,0.2151,,481146.0,20260807,20260818
920002.BJ,20260820,徐群生,G,DE,122645.0,0.275,590309.0,1.3236,,2729177.0,20260805,20260818
688180.SH,20260820,上海檀英投资合伙企业(有限合伙),C,DE,6533700.0,0.8525,38925626.0,3.7914,,38925626.0,20260811,20260819
300610.SZ,20260820,董晓红,G,DE,100000.0,0.0604,726923.0,0.439,10.64,3277692.0,20260522,20260818
605033.SH,20260820,郝新新,P,DE,937662.0,0.6935,995138.0,0.736,18.6506,995138.0,20260526,20260818
002879.SZ,20260820,俞涛,G,IN,995000.0,0.7255,426750.0,0.3112,,1707000.0,20260818,20260818
300610.SZ,20260820,董晓红,G,DE,100000.0,0.0604,726923.0,0.439,10.64,3277692.0,20260522,20260818
002879.SZ,20260820,俞涛,G,IN,995000.0,0.7255,426750.0,0.3112,,1707000.0,20260818,20260818
300603.SZ,20260820,葛良娣,G,DE,96551.0,0.0258,2419773.0,0.6471,11.1923,23351290.0,20260522,20260522
300603.SZ,20260820,葛良娣,G,DE,377564.0,0.101,2516324.0,0.6729,11.5239,23447841.0,20260521,20260521
300603.SZ,20260820,葛良娣,G,DE,2083284.0,0.5571,2893888.0,0.7739,11.5399,23825405.0,20260520,20260520
920953.BJ,20260820,济南国子学投资有限公司,C,DE,851767.0,1.4223,3725732.0,6.2214,,13344233.0,20260731,20260818
688267.SH,20260820,中触媒集团有限公司,C,IN,806157.0,0.3534,64366609.0,28.2141,,64366609.0,20260305,20260630
920002.BJ,20260820,徐明,G,DE,143000.0,0.3206,484640.0,1.0867,,2367558.0,20260804,20260818
920002.BJ,20260820,徐飞,G,DE,32500.0,0.0729,95911.0,0.2151,,481146.0,20260807,20260818
920002.BJ,20260820,徐群生,G,DE,122645.0,0.275,590309.0,1.3236,,2729177.0,20260805,20260818
688180.SH,20260820,上海檀英投资合伙企业(有限合伙),C,DE,6533700.0,0.8525,38925626.0,3.7914,,38925626.0,20260811,20260819
605033.SH,20260820,郝新新,P,DE,937662.0,0.6935,995138.0,0.736,18.6506,995138.0,20260526,20260818
002879.SZ,20260820,俞涛,G,IN,995000.0,0.7255,426750.0,0.3112,,1707000.0,20260818,20260818
301349.SZ,20260819,李婷,G,DE,16700.0,0.0148,0.0,,65.6,50500.0,20260618,20260618
301349.SZ,20260819,王晓丽,G,DE,4500.0,0.004,20.0,0.0,74.06,13880.0,20260626,20260626
301349.SZ,20260819,王晓丽,G,DE,100.0,0.0001,4520.0,0.004,55.04,18380.0,20260608,20260608
301349.SZ,20260819,王伟,G,DE,2000.0,0.0018,100.0,0.0001,75.6,12700.0,20260626,20260626
301349.SZ,20260819,王伟,G,DE,1000.0,0.0009,2100.0,0.0019,56.15,14700.0,20260525,20260525
301349.SZ,20260819,王伟,G,DE,1100.0,0.001,3100.0,0.0028,53.0,16800.0,20260522,20260522
920634.BJ,20260819,邓英琬,G,DE,61300.0,0.1513,,,17.4405,183900.0,20260601,20260608
920634.BJ,20260819,刘影,G,DE,27000.0,0.0666,,,18.2839,233100.0,20260805,20260807
920634.BJ,20260819,刘孟梅,G,DE,75750.0,0.1869,,,17.7147,227250.0,20260602,20260812
688755.SH,20260819,上海药明康德新药开发有限公司,C,DE,1029645.0,1.2892,5763070.0,7.2158,,5763070.0,20260804,20260817
688508.SH,20260819,易慧敏,G,DE,30000.0,0.0227,,,96.7114,197000.0,20260817,20260817
001205.SZ,20260819,万达控股集团有限公司,C,IN,2260443.0,1.3578,25332661.0,15.2162,,25332661.0,20260729,20260817
002421.SZ,20260819,昌都市达实企业管理(集团)有限公司,C,DE,23742663.0,1.166,247224218.0,12.1415,,247224218.0,20260703,20260817
002421.SZ,20260819,刘磅,G,DE,18986600.0,0.9325,28.0,0.0,,72256310.0,20260703,20260817
300518.SZ,20260819,五矿国际信托有限公司-五矿信托-优质远瞻股权投资单一资金信托2号,C,DE,1219100.0,0.6115,9970562.0,5.001,,9970562.0,20260721,20260817
603315.SH,20260819,中科(辽宁)实业有限公司,C,DE,2774100.0,0.8659,84301263.0,26.314,,84301263.0,20260630,20260818
688648.SH,20260819,国华卫星应用产业基金(南京)合伙企业(有限合伙),C,DE,306000.0,0.4401,3437406.0,4.9439,,3437406.0,20260817,20260817
300618.SZ,20260819,梁建坤,G,DE,179000.0,0.0657,,,38.47,,20220920,20220920
300618.SZ,20260819,梁建坤,G,DE,245000.0,0.0899,,,37.7,,20220919,20220919
300618.SZ,20260819,梁建坤,G,DE,340000.0,0.1247,,,39.55,,20220916,20220916
300618.SZ,20260819,梁建坤,G,DE,227000.0,0.0833,,,41.0,,20220915,20220915
300618.SZ,20260819,梁建坤,G,DE,278000.0,0.102,,,41.46,,20220914,20220914
300618.SZ,20260819,梁建坤,G,DE,347000.0,0.1273,,,41.93,,20220913,20220913
300618.SZ,20260819,梁建坤,G,DE,440000.0,0.1614,,,40.05,,20220909,20220909
300618.SZ,20260819,梁建坤,G,DE,419000.0,0.1537,,,41.02,,20220907,20220907
301439.SZ,20260819,威海市明博线缆科技有限公司,C,IN,3087750.0,1.685,4494994.0,2.453,,210349879.0,20260727,20260818
301349.SZ,20260819,李婷,G,DE,16700.0,0.0148,0.0,,65.6,50500.0,20260618,20260618
301349.SZ,20260819,王晓丽,G,DE,4500.0,0.004,20.0,0.0,74.06,13880.0,20260626,20260626
301349.SZ,20260819,王晓丽,G,DE,100.0,0.0001,4520.0,0.004,55.04,18380.0,20260608,20260608
301349.SZ,20260819,王伟,G,DE,2000.0,0.0018,100.0,0.0001,75.6,12700.0,20260626,20260626
301349.SZ,20260819,王伟,G,DE,1000.0,0.0009,2100.0,0.0019,56.15,14700.0,20260525,20260525
301349.SZ,20260819,王伟,G,DE,1100.0,0.001,3100.0,0.0028,53.0,16800.0,20260522,20260522
920634.BJ,20260819,邓英琬,G,DE,61300.0,0.1513,,,17.4405,183900.0,20260601,20260608
920634.BJ,20260819,刘影,G,DE,27000.0,0.0666,,,18.2839,233100.0,20260805,20260807
920634.BJ,20260819,刘孟梅,G,DE,75750.0,0.1869,,,17.7147,227250.0,20260602,20260812
688755.SH,20260819,上海药明康德新药开发有限公司,C,DE,1029645.0,1.2892,5763070.0,7.2158,,5763070.0,20260804,20260817
688508.SH,20260819,易慧敏,G,DE,30000.0,0.0227,,,96.7114,197000.0,20260817,20260817
001205.SZ,20260819,万达控股集团有限公司,C,IN,2260443.0,1.3578,25332661.0,15.2162,,25332661.0,20260729,20260817
002421.SZ,20260819,昌都市达实企业管理(集团)有限公司,C,DE,23742663.0,1.166,247224218.0,12.1415,,247224218.0,20260703,20260817
002421.SZ,20260819,刘磅,G,DE,18986600.0,0.9325,28.0,0.0,,72256310.0,20260703,20260817
300518.SZ,20260819,五矿国际信托有限公司-五矿信托-优质远瞻股权投资单一资金信托2号,C,DE,1219100.0,0.6115,9970562.0,5.001,,9970562.0,20260721,20260817
603315.SH,20260819,中科(辽宁)实业有限公司,C,DE,2774100.0,0.8659,84301263.0,26.314,,84301263.0,20260630,20260818
688648.SH,20260819,国华卫星应用产业基金(南京)合伙企业(有限合伙),C,DE,306000.0,0.4401,3437406.0,4.9439,,3437406.0,20260817,20260817
300618.SZ,20260819,梁建坤,G,DE,179000.0,0.0657,,,38.47,,20220920,20220920
300618.SZ,20260819,梁建坤,G,DE,245000.0,0.0899,,,37.7,,20220919,20220919
300618.SZ,20260819,梁建坤,G,DE,340000.0,0.1247,,,39.55,,20220916,20220916
300618.SZ,20260819,梁建坤,G,DE,227000.0,0.0833,,,41.0,,20220915,20220915
300618.SZ,20260819,梁建坤,G,DE,278000.0,0.102,,,41.46,,20220914,20220914
300618.SZ,20260819,梁建坤,G,DE,347000.0,0.1273,,,41.93,,20220913,20220913
300618.SZ,20260819,梁建坤,G,DE,440000.0,0.1614,,,40.05,,20220909,20220909
300618.SZ,20260819,梁建坤,G,DE,419000.0,0.1537,,,41.02,,20220907,20220907
301439.SZ,20260819,威海市明博线缆科技有限公司,C,IN,3087750.0,1.685,4494994.0,2.453,,210349879.0,20260727,20260818
688508.SH,20260819,易慧敏,G,DE,30000.0,0.0227,,,96.7114,197000.0,20260817,20260817
300518.SZ,20260819,五矿国际信托有限公司-五矿信托-优质远瞻股权投资单一资金信托2号,C,DE,1219100.0,0.6115,9970562.0,5.001,,9970562.0,20260721,20260817
300618.SZ,20260819,梁建坤,G,DE,179000.0,0.0657,,,38.47,,20220920,20220920
300618.SZ,20260819,梁建坤,G,DE,245000.0,0.0899,,,37.7,,20220919,20220919
300618.SZ,20260819,梁建坤,G,DE,340000.0,0.1247,,,39.55,,20220916,20220916
300618.SZ,20260819,梁建坤,G,DE,227000.0,0.0833,,,41.0,,20220915,20220915
300618.SZ,20260819,梁建坤,G,DE,278000.0,0.102,,,41.46,,20220914,20220914
300618.SZ,20260819,梁建坤,G,DE,347000.0,0.1273,,,41.93,,20220913,20220913
300618.SZ,20260819,梁建坤,G,DE,440000.0,0.1614,,,40.05,,20220909,20220909
300618.SZ,20260819,梁建坤,G,DE,419000.0,0.1537,,,41.02,,20220907,20220907
301439.SZ,20260819,威海市明博线缆科技有限公司,C,IN,3087750.0,1.685,4494994.0,2.453,,210349879.0,20260727,20260818
301349.SZ,20260819,李婷,G,DE,16700.0,0.0148,0.0,,65.6,50500.0,20260618,20260618
301349.SZ,20260819,王晓丽,G,DE,4500.0,0.004,20.0,0.0,74.06,13880.0,20260626,20260626
301349.SZ,20260819,王晓丽,G,DE,100.0,0.0001,4520.0,0.004,55.04,18380.0,20260608,20260608
301349.SZ,20260819,王伟,G,DE,2000.0,0.0018,100.0,0.0001,75.6,12700.0,20260626,20260626
301349.SZ,20260819,王伟,G,DE,1000.0,0.0009,2100.0,0.0019,56.15,14700.0,20260525,20260525
301349.SZ,20260819,王伟,G,DE,1100.0,0.001,3100.0,0.0028,53.0,16800.0,20260522,20260522
920634.BJ,20260819,邓英琬,G,DE,61300.0,0.1513,,,17.4405,183900.0,20260601,20260608
920634.BJ,20260819,刘影,G,DE,27000.0,0.0666,,,18.2839,233100.0,20260805,20260807
920634.BJ,20260819,刘孟梅,G,DE,75750.0,0.1869,,,17.7147,227250.0,20260602,20260812
688755.SH,20260819,上海药明康德新药开发有限公司,C,DE,1029645.0,1.2892,5763070.0,7.2158,,5763070.0,20260804,20260817
688508.SH,20260819,易慧敏,G,DE,30000.0,0.0227,,,96.7114,197000.0,20260817,20260817
001205.SZ,20260819,万达控股集团有限公司,C,IN,2260443.0,1.3578,25332661.0,15.2162,,25332661.0,20260729,20260817
002421.SZ,20260819,昌都市达实企业管理(集团)有限公司,C,DE,23742663.0,1.166,247224218.0,12.1415,,247224218.0,20260703,20260817
002421.SZ,20260819,刘磅,G,DE,18986600.0,0.9325,28.0,0.0,,72256310.0,20260703,20260817
603315.SH,20260819,中科(辽宁)实业有限公司,C,DE,2774100.0,0.8659,84301263.0,26.314,,84301263.0,20260630,20260818
603315.SH,20260819,中科(辽宁)实业有限公司,C,DE,2774100.0,0.8659,84301263.0,26.314,,84301263.0,20260630,20260818
688648.SH,20260819,国华卫星应用产业基金(南京)合伙企业(有限合伙),C,DE,306000.0,0.4401,3437406.0,4.9439,,3437406.0,20260817,20260817
301503.SZ,20260818,珠海市昭华投资企业(有限合伙),C,DE,64000.0,0.1443,3770000.0,8.4986,33.77,3770000.0,20260515,20260727
300911.SZ,20260818,嵊州市亿旺投资管理合伙企业(有限合伙),C,DE,4208256.0,2.456,0.0,,20.5671,0.0,20260810,20260814
301296.SZ,20260818,北京厚生投资管理中心(有限合伙)-苏州厚齐股权投资中心(有限合伙),C,DE,3139200.0,0.735,22262019.0,5.2122,,22262019.0,20260730,20260810
301503.SZ,20260818,珠海市昭华投资企业(有限合伙),C,DE,26000.0,0.0451,3744000.0,6.4923,21.91,3744000.0,20260728,20260814
301607.SZ,20260818,湖北长江蔚来新能源投资管理有限公司-湖北长江蔚来新能源产业发展基金合伙企业(有限合伙),C,DE,1488100.0,1.3507,17242171.0,11.3591,,17242171.0,20260625,20260813
301282.SZ,20260818,叶劲忠,P,DE,1000000.0,0.5663,,,,,20260817,20260817
002863.SZ,20260818,君润国际投资有限公司,C,DE,5020572.0,0.8375,0.0,,4.44,0.0,20260729,20260813
002146.SZ,20260818,吴秋云,G,IN,440000.0,0.0112,480600.0,0.0123,,480600.0,20260723,20260817
002146.SZ,20260818,穆旸,G,IN,360000.0,0.0092,391000.0,0.01,,391000.0,20260723,20260817
002146.SZ,20260818,隆小康,G,IN,21000.0,0.0005,1187100.0,0.0303,,1187100.0,20260723,20260817
002146.SZ,20260818,邹家立,G,IN,40000.0,0.001,23890000.0,0.6108,,23890000.0,20260723,20260817
002146.SZ,20260818,王晓辉,G,IN,110000.0,0.0028,530100.0,0.0136,,530100.0,20260723,20260817
001336.SZ,20260818,杭州浙楚股权投资合伙企业(有限合伙),C,DE,2117550.0,3.2933,999561.0,1.5546,,999561.0,20260804,20260814
001336.SZ,20260818,杭州浙楚股权投资合伙企业(有限合伙),C,DE,206000.0,0.4177,2397778.0,4.8614,24.22,2397778.0,20260601,20260601
603333.SH,20260818,李广元,P,DE,6215200.0,1.0,49620100.0,7.9836,9.3029,49620100.0,20260810,20260817
600152.SH,20260818,宁波市工业投资有限责任公司,C,DE,1350000.0,0.2552,23403157.0,4.4234,,23403157.0,20260525,20260814
600883.SH,20260818,上海德朋实业有限公司,C,DE,2355500.0,0.9977,11804420.0,5.0,,11804420.0,20260529,20260817
600935.SH,20260818,安徽皖投工业投资有限公司,C,DE,3844400.0,0.1096,304906316.0,8.6932,,304906316.0,20260518,20260817
300818.SZ,20260818,江西耐普矿机股份有限公司2022年员工持股计划,C,DE,2790559.0,1.9634,,,,0.0,,20260818
301397.SZ,20260818,韩宗俊,G,IN,400772.0,0.4335,130251.0,0.1409,37.42,64159644.0,20260518,20260818
688485.SH,20260818,邵斌,G,DE,397000.0,0.2642,1873501.0,1.2466,54.07,1873501.0,20260814,20260814
002729.SZ,20260818,孙剑波,P,DE,5700.0,0.0032,9148455.0,5.214,,9148455.0,20260813,20260814
301503.SZ,20260818,珠海市昭华投资企业(有限合伙),C,DE,64000.0,0.1443,3770000.0,8.4986,33.77,3770000.0,20260515,20260727
300911.SZ,20260818,嵊州市亿旺投资管理合伙企业(有限合伙),C,DE,4208256.0,2.456,0.0,,20.5671,0.0,20260810,20260814
301296.SZ,20260818,北京厚生投资管理中心(有限合伙)-苏州厚齐股权投资中心(有限合伙),C,DE,3139200.0,0.735,22262019.0,5.2122,,22262019.0,20260730,20260810
301503.SZ,20260818,珠海市昭华投资企业(有限合伙),C,DE,26000.0,0.0451,3744000.0,6.4923,21.91,3744000.0,20260728,20260814
301607.SZ,20260818,湖北长江蔚来新能源投资管理有限公司-湖北长江蔚来新能源产业发展基金合伙企业(有限合伙),C,DE,1488100.0,1.3507,17242171.0,11.3591,,17242171.0,20260625,20260813
301282.SZ,20260818,叶劲忠,P,DE,1000000.0,0.5663,,,,,20260817,20260817
002863.SZ,20260818,君润国际投资有限公司,C,DE,5020572.0,0.8375,0.0,,4.44,0.0,20260729,20260813
002146.SZ,20260818,吴秋云,G,IN,440000.0,0.0112,480600.0,0.0123,,480600.0,20260723,20260817
002146.SZ,20260818,穆旸,G,IN,360000.0,0.0092,391000.0,0.01,,391000.0,20260723,20260817
002146.SZ,20260818,隆小康,G,IN,21000.0,0.0005,1187100.0,0.0303,,1187100.0,20260723,20260817
002146.SZ,20260818,邹家立,G,IN,40000.0,0.001,23890000.0,0.6108,,23890000.0,20260723,20260817
002146.SZ,20260818,王晓辉,G,IN,110000.0,0.0028,530100.0,0.0136,,530100.0,20260723,20260817
001336.SZ,20260818,杭州浙楚股权投资合伙企业(有限合伙),C,DE,2117550.0,3.2933,999561.0,1.5546,,999561.0,20260804,20260814
001336.SZ,20260818,杭州浙楚股权投资合伙企业(有限合伙),C,DE,206000.0,0.4177,2397778.0,4.8614,24.22,2397778.0,20260601,20260601
603333.SH,20260818,李广元,P,DE,6215200.0,1.0,49620100.0,7.9836,9.3029,49620100.0,20260810,20260817
600152.SH,20260818,宁波市工业投资有限责任公司,C,DE,1350000.0,0.2552,23403157.0,4.4234,,23403157.0,20260525,20260814
600883.SH,20260818,上海德朋实业有限公司,C,DE,2355500.0,0.9977,11804420.0,5.0,,11804420.0,20260529,20260817
600935.SH,20260818,安徽皖投工业投资有限公司,C,DE,3844400.0,0.1096,304906316.0,8.6932,,304906316.0,20260518,20260817
300818.SZ,20260818,江西耐普矿机股份有限公司2022年员工持股计划,C,DE,2790559.0,1.9634,,,,0.0,,20260818
301397.SZ,20260818,韩宗俊,G,IN,400772.0,0.4335,130251.0,0.1409,37.42,64159644.0,20260518,20260818
688485.SH,20260818,邵斌,G,DE,397000.0,0.2642,1873501.0,1.2466,54.07,1873501.0,20260814,20260814
002729.SZ,20260818,孙剑波,P,DE,5700.0,0.0032,9148455.0,5.214,,9148455.0,20260813,20260814
300818.SZ,20260818,江西耐普矿机股份有限公司2022年员工持股计划,C,DE,2790559.0,1.9634,,,,0.0,,20260818
301503.SZ,20260818,珠海市昭华投资企业(有限合伙),C,DE,64000.0,0.1443,3770000.0,8.4986,33.77,3770000.0,20260515,20260727
300911.SZ,20260818,嵊州市亿旺投资管理合伙企业(有限合伙),C,DE,4208256.0,2.456,0.0,,20.5671,0.0,20260810,20260814
301296.SZ,20260818,北京厚生投资管理中心(有限合伙)-苏州厚齐股权投资中心(有限合伙),C,DE,3139200.0,0.735,22262019.0,5.2122,,22262019.0,20260730,20260810
301503.SZ,20260818,珠海市昭华投资企业(有限合伙),C,DE,26000.0,0.0451,3744000.0,6.4923,21.91,3744000.0,20260728,20260814
300818.SZ,20260818,江西耐普矿机股份有限公司2022年员工持股计划,C,DE,2790559.0,1.9634,,,,0.0,,20260818
301607.SZ,20260818,湖北长江蔚来新能源投资管理有限公司-湖北长江蔚来新能源产业发展基金合伙企业(有限合伙),C,DE,1488100.0,1.3507,17242171.0,11.3591,,17242171.0,20260625,20260813
301282.SZ,20260818,叶劲忠,P,DE,1000000.0,0.5663,,,,,20260817,20260817
603333.SH,20260818,李广元,P,DE,6215200.0,1.0,49620100.0,7.9836,9.3029,49620100.0,20260810,20260817
300818.SZ,20260818,江西耐普矿机股份有限公司2022年员工持股计划,C,DE,2790559.0,1.9634,,,,0.0,,20260818
301397.SZ,20260818,韩宗俊,G,IN,400772.0,0.4335,130251.0,0.1409,37.42,64159644.0,20260518,20260818
688485.SH,20260818,邵斌,G,DE,397000.0,0.2642,1873501.0,1.2466,54.07,1873501.0,20260814,20260814
002729.SZ,20260818,孙剑波,P,DE,5700.0,0.0032,9148455.0,5.214,,9148455.0,20260813,20260814
002863.SZ,20260818,君润国际投资有限公司,C,DE,5020572.0,0.8375,0.0,,4.44,0.0,20260729,20260813
002146.SZ,20260818,吴秋云,G,IN,440000.0,0.0112,480600.0,0.0123,,480600.0,20260723,20260817
002146.SZ,20260818,穆旸,G,IN,360000.0,0.0092,391000.0,0.01,,391000.0,20260723,20260817
002146.SZ,20260818,隆小康,G,IN,21000.0,0.0005,1187100.0,0.0303,,1187100.0,20260723,20260817
002146.SZ,20260818,邹家立,G,IN,40000.0,0.001,23890000.0,0.6108,,23890000.0,20260723,20260817
002146.SZ,20260818,王晓辉,G,IN,110000.0,0.0028,530100.0,0.0136,,530100.0,20260723,20260817
001336.SZ,20260818,杭州浙楚股权投资合伙企业(有限合伙),C,DE,2117550.0,3.2933,999561.0,1.5546,,999561.0,20260804,20260814
001336.SZ,20260818,杭州浙楚股权投资合伙企业(有限合伙),C,DE,206000.0,0.4177,2397778.0,4.8614,24.22,2397778.0,20260601,20260601
603333.SH,20260818,李广元,P,DE,6215200.0,1.0,49620100.0,7.9836,9.3029,49620100.0,20260522,20260817
600152.SH,20260818,宁波市工业投资有限责任公司,C,DE,1350000.0,0.2552,23403157.0,4.4234,,23403157.0,20260525,20260814
600883.SH,20260818,上海德朋实业有限公司,C,DE,2355500.0,0.9977,11804420.0,5.0,,11804420.0,20260529,20260817
600935.SH,20260818,安徽皖投工业投资有限公司,C,DE,3844400.0,0.1096,304906316.0,8.6932,,304906316.0,20260518,20260817
301282.SZ,20260817,麦睿明,P,DE,4184000.0,2.3695,16662000.0,9.4361,,16662000.0,20260604,20260814
301078.SZ,20260817,侍光磊,G,IN,400000.0,0.0317,,,,1429053.0,20260518,20260817
301078.SZ,20260817,徐卫红,G,IN,1878800.0,0.1489,2628800.0,0.2083,,2628800.0,20260709,20260817
301078.SZ,20260817,江苏博思达企业信息咨询有限公司,C,IN,79943.0,0.0063,289327943.0,22.9271,,289327943.0,20260709,20260817
301282.SZ,20260817,麦睿明,P,DE,4184000.0,2.3695,16662000.0,9.4361,,16662000.0,20260604,20260814
301078.SZ,20260817,侍光磊,G,IN,400000.0,0.0317,,,,1429053.0,20260518,20260817
301078.SZ,20260817,徐卫红,G,IN,1878800.0,0.1489,2628800.0,0.2083,,2628800.0,20260709,20260817
301078.SZ,20260817,江苏博思达企业信息咨询有限公司,C,IN,79943.0,0.0063,289327943.0,22.9271,,289327943.0,20260709,20260817
301282.SZ,20260817,麦睿明,P,DE,4184000.0,2.3695,16662000.0,9.4361,,16662000.0,20260604,20260814
301078.SZ,20260817,侍光磊,G,IN,400000.0,0.0317,,,,1429053.0,20260518,20260817
301078.SZ,20260817,徐卫红,G,IN,1878800.0,0.1489,2628800.0,0.2083,,2628800.0,20260709,20260817
301078.SZ,20260817,江苏博思达企业信息咨询有限公司,C,IN,79943.0,0.0063,289327943.0,22.9271,,289327943.0,20260709,20260817
688525.SH,20260815,孙静,P,DE,2354183.0,0.5,2645817.0,0.5619,327.9857,2645817.0,20260518,20260604
688361.SH,20260815,国投(上海)科技成果转化创业投资基金企业(有限合伙),C,DE,2585130.0,0.7343,21885010.0,6.2164,,21885010.0,20260811,20260814
000029.SZ,20260815,深圳市投资控股有限公司,C,DE,8693300.0,0.975,544130880.0,53.7859,,544130880.0,20260716,20260814
688485.SH,20260815,广州轨道交通产业投资发展基金(有限合伙),C,DE,3099473.0,2.0623,9298604.0,6.187,57.4364,9298604.0,20260812,20260814
300228.SZ,20260815,于清清,G,DE,120000.0,0.0215,0.0,,7.41,360000.0,20260813,20260813
300228.SZ,20260815,肖华,G,DE,18000.0,0.0032,132000.0,0.0236,7.4,582000.0,20260813,20260813
300228.SZ,20260815,陈亮,G,DE,31200.0,0.0056,50.0,0.0,7.55,93800.0,20260813,20260813
300228.SZ,20260815,姜琰,G,DE,150900.0,0.027,0.0,,7.45,1350000.0,20260813,20260813
300228.SZ,20260815,姜琰,G,DE,299100.0,0.0535,150900.0,0.027,7.46,1500900.0,20260812,20260812
300228.SZ,20260815,黄锋,G,DE,580000.0,0.1038,8488489.0,1.5188,7.4,41933955.0,20260813,20260813
300228.SZ,20260815,黄锋,G,DE,2080000.0,0.3722,9068489.0,1.6225,7.41,42513955.0,20260812,20260812
688262.SH,20260815,国家集成电路产业投资基金股份有限公司,C,DE,2923925.0,0.8702,1680727.0,0.5002,41.4249,1680727.0,20260515,20260814
002044.SZ,20260815,杭州灏月企业管理有限公司,C,DE,3745900.0,0.0967,245455497.0,6.3356,,245455497.0,20260813,20260813
002044.SZ,20260815,杭州灏月企业管理有限公司,C,DE,32005000.0,0.8261,249201397.0,6.4323,,249201397.0,20260727,20260812
603115.SH,20260815,南通联力投资管理有限公司,C,DE,2221000.0,0.9081,12599000.0,5.1512,,12599000.0,20260814,20260814
301282.SZ,20260815,叶劲忠,P,DE,4004600.0,2.2679,6467820.0,3.6629,,6467820.0,20260609,20260813
002637.SZ,20260815,方银军,P,DE,718200.0,0.1545,22801840.0,4.9039,,22801840.0,20260812,20260813
600021.SH,20260815,田建东,G,DE,14000.0,0.0005,,,14.56,42100.0,20260813,20260813
688525.SH,20260815,孙静,P,DE,2354183.0,0.5,2645817.0,0.5619,327.9857,2645817.0,20260518,20260604
688361.SH,20260815,国投(上海)科技成果转化创业投资基金企业(有限合伙),C,DE,2585130.0,0.7343,21885010.0,6.2164,,21885010.0,20260811,20260814
000029.SZ,20260815,深圳市投资控股有限公司,C,DE,8693300.0,0.975,544130880.0,53.7859,,544130880.0,20260716,20260814
688485.SH,20260815,广州轨道交通产业投资发展基金(有限合伙),C,DE,3099473.0,2.0623,9298604.0,6.187,57.4364,9298604.0,20260812,20260814
300228.SZ,20260815,于清清,G,DE,120000.0,0.0215,0.0,,7.41,360000.0,20260813,20260813
300228.SZ,20260815,肖华,G,DE,18000.0,0.0032,132000.0,0.0236,7.4,582000.0,20260813,20260813
300228.SZ,20260815,陈亮,G,DE,31200.0,0.0056,50.0,0.0,7.55,93800.0,20260813,20260813
300228.SZ,20260815,姜琰,G,DE,150900.0,0.027,0.0,,7.45,1350000.0,20260813,20260813
300228.SZ,20260815,姜琰,G,DE,299100.0,0.0535,150900.0,0.027,7.46,1500900.0,20260812,20260812
300228.SZ,20260815,黄锋,G,DE,580000.0,0.1038,8488489.0,1.5188,7.4,41933955.0,20260813,20260813
300228.SZ,20260815,黄锋,G,DE,2080000.0,0.3722,9068489.0,1.6225,7.41,42513955.0,20260812,20260812
688262.SH,20260815,国家集成电路产业投资基金股份有限公司,C,DE,2923925.0,0.8702,1680727.0,0.5002,41.4249,1680727.0,20260515,20260814
002044.SZ,20260815,杭州灏月企业管理有限公司,C,DE,3745900.0,0.0967,245455497.0,6.3356,,245455497.0,20260813,20260813
002044.SZ,20260815,杭州灏月企业管理有限公司,C,DE,32005000.0,0.8261,249201397.0,6.4323,,249201397.0,20260727,20260812
603115.SH,20260815,南通联力投资管理有限公司,C,DE,2221000.0,0.9081,12599000.0,5.1512,,12599000.0,20260814,20260814
301282.SZ,20260815,叶劲忠,P,DE,4004600.0,2.2679,6467820.0,3.6629,,6467820.0,20260609,20260813
002637.SZ,20260815,方银军,P,DE,718200.0,0.1545,22801840.0,4.9039,,22801840.0,20260812,20260813
600021.SH,20260815,田建东,G,DE,14000.0,0.0005,,,14.56,42100.0,20260813,20260813
688525.SH,20260815,孙静,P,DE,2354183.0,0.5,2645817.0,0.5619,327.9857,2645817.0,20260518,20260604
688485.SH,20260815,广州轨道交通产业投资发展基金(有限合伙),C,DE,3099473.0,2.0623,9298604.0,6.187,57.4364,9298604.0,20260812,20260814
300228.SZ,20260815,于清清,G,DE,120000.0,0.0215,0.0,,7.41,360000.0,20260813,20260813
300228.SZ,20260815,肖华,G,DE,18000.0,0.0032,132000.0,0.0236,7.4,582000.0,20260813,20260813
300228.SZ,20260815,陈亮,G,DE,31200.0,0.0056,50.0,0.0,7.55,93800.0,20260813,20260813
603115.SH,20260815,南通联力投资管理有限公司,C,DE,2221000.0,0.9081,12599000.0,5.1512,,12599000.0,20260814,20260814
002637.SZ,20260815,方银军,P,DE,718200.0,0.1545,22801840.0,4.9039,,22801840.0,20260812,20260813
600021.SH,20260815,田建东,G,DE,14000.0,0.0005,,,14.56,42100.0,20260813,20260813
688361.SH,20260815,国投(上海)科技成果转化创业投资基金企业(有限合伙),C,DE,2585130.0,0.7343,21885010.0,6.2164,,21885010.0,20260811,20260814
000029.SZ,20260815,深圳市投资控股有限公司,C,DE,8693300.0,0.975,544130880.0,53.7859,,544130880.0,20260716,20260814
688485.SH,20260815,广州轨道交通产业投资发展基金(有限合伙),C,DE,3099473.0,2.0623,9298604.0,6.187,57.4364,9298604.0,20260812,20260814
300228.SZ,20260815,于清清,G,DE,120000.0,0.0215,0.0,,7.41,360000.0,20260813,20260813
300228.SZ,20260815,肖华,G,DE,18000.0,0.0032,132000.0,0.0236,7.4,582000.0,20260813,20260813
300228.SZ,20260815,陈亮,G,DE,31200.0,0.0056,50.0,0.0,7.55,93800.0,20260813,20260813
300228.SZ,20260815,姜琰,G,DE,150900.0,0.027,0.0,,7.45,1350000.0,20260813,20260813
300228.SZ,20260815,姜琰,G,DE,299100.0,0.0535,150900.0,0.027,7.46,1500900.0,20260812,20260812
300228.SZ,20260815,黄锋,G,DE,580000.0,0.1038,8488489.0,1.5188,7.4,41933955.0,20260813,20260813
300228.SZ,20260815,黄锋,G,DE,2080000.0,0.3722,9068489.0,1.6225,7.41,42513955.0,20260812,20260812
688262.SH,20260815,国家集成电路产业投资基金股份有限公司,C,DE,2923925.0,0.8702,1680727.0,0.5002,41.4249,1680727.0,20260515,20260814
002044.SZ,20260815,杭州灏月企业管理有限公司,C,DE,3745900.0,0.0967,245455497.0,6.3356,,245455497.0,20260813,20260813
002044.SZ,20260815,杭州灏月企业管理有限公司,C,DE,32005000.0,0.8261,249201397.0,6.4323,,249201397.0,20260727,20260812
603115.SH,20260815,南通联力投资管理有限公司,C,DE,2221000.0,0.9081,12599000.0,5.1512,,12599000.0,20260814,20260814
301282.SZ,20260815,叶劲忠,P,DE,4004600.0,2.2679,6467820.0,3.6629,,6467820.0,20260609,20260813
002637.SZ,20260815,方银军,P,DE,718200.0,0.1545,22801840.0,4.9039,,22801840.0,20260807,20260813
600021.SH,20260815,田建东,G,DE,14000.0,0.0005,,,14.56,42100.0,20260813,20260813
000697.SZ,20260814,张政,P,DE,3650000.0,0.5589,23256544.0,3.5609,,103976174.0,20260206,20260813
301551.SZ,20260814,内蒙古文盛新媒体投资中心(有限合伙)及其一致行动人,C,DE,2368400.0,1.5324,21137004.0,13.6762,,21137004.0,20260518,20260813
300665.SZ,20260814,青岛君拓启航智能科技有限公司,C,IN,2299400.0,1.0547,25253485.0,11.5836,,25253485.0,20260804,20260814
300751.SZ,20260814,吴江东运创业投资有限公司,C,DE,1431698.0,0.7424,9371985.0,4.8597,279.43,9371985.0,20260625,20260701
300825.SZ,20260814,嘉兴珺文银宝投资合伙企业(有限合伙),C,DE,8180000.0,1.6884,48007.0,0.0099,,48007.0,20260520,20260807
300751.SZ,20260814,吴江东运创业投资有限公司,C,DE,124400.0,0.0645,10803683.0,5.6021,282.58,10803683.0,20260522,20260527
605366.SH,20260814,新余市锦宏科技合伙企业(有限合伙),C,DE,3260000.0,0.4218,2719859.0,0.3519,12.4986,2719859.0,20260518,20260813
603738.SH,20260814,喻信东,G,DE,3800000.0,0.9847,68765200.0,17.82,,68765200.0,20260812,20260813
002655.SZ,20260814,上海韦豪创芯投资管理有限公司,C,IN,21100.0,0.0058,34153400.0,9.3863,,34153400.0,20260812,20260813
601121.SH,20260814,嘉兴宝润企业管理合伙企业(有限合伙),C,DE,600000.0,0.075,,,6.97,1991000.0,20260728,20260811
601121.SH,20260814,嘉兴宝益企业管理合伙企业(有限合伙),C,DE,110000.0,0.0138,,,6.63,2120000.0,20260708,20260709
600177.SH,20260814,宁波雅戈尔控股有限公司,C,IN,45662794.0,1.014,1861027499.0,41.3246,,1861027499.0,20260610,20260813
605598.SH,20260814,海南隆湾投资控股有限公司,C,DE,500700.0,0.206,164547000.0,67.7101,,164547000.0,20260703,20260703
002109.SZ,20260814,陕西兴化集团有限责任公司,C,IN,3875300.0,0.3036,236487389.0,18.5296,2.9121,236487389.0,20260522,20260812
603045.SH,20260814,陈松扬,P,DE,69634.0,0.0514,208966.0,0.1543,,208966.0,20260715,20260720
603045.SH,20260814,王达武,G,DE,601500.0,0.4441,31583906.0,23.3186,,31583906.0,20260715,20260813
301429.SZ,20260814,王斌,G,IN,25400.0,0.0577,62600.0,0.1422,,11588400.0,20260710,20260813
301429.SZ,20260814,张勇,G,IN,30700.0,0.0697,57300.0,0.1302,,11583100.0,20260710,20260813
301429.SZ,20260814,唐道远,G,IN,151300.0,0.3437,350300.0,0.7958,,42020500.0,20260710,20260813
688488.SH,20260814,傅和亮,G,IN,730052.0,0.1735,3480977.0,0.8273,15.4848,3480977.0,20260304,20260731
002240.SZ,20260814,肖波,G,DE,10000.0,0.0011,50750.0,0.0056,49.0,233000.0,20260526,20260526
002240.SZ,20260814,王琪,G,DE,95000.0,0.0104,0.0,,49.57,285000.0,20260514,20260609
002240.SZ,20260814,方轶,G,DE,34000.0,0.0037,34050.0,0.0037,50.0,238200.0,20260520,20260520
688222.SH,20260814,深圳市钧天投资企业(有限合伙),C,DE,3524092.0,0.8795,6543659.0,1.6331,37.0103,6543659.0,20260710,20260812
603520.SH,20260814,胡思慧,P,IN,6883035.0,1.57,6883035.0,1.57,,6883035.0,20260629,20260812
603520.SH,20260814,胡锦生,G,DE,10187133.0,2.3237,33804993.0,7.7108,,33804993.0,20260713,20260812
002602.SZ,20260814,上海吉运盛商务信息咨询合伙企业(有限合伙),C,DE,52596100.0,0.7738,143461027.0,2.1107,13.56,143461027.0,20260616,20260629
688229.SH,20260814,冯云彪,G,DE,700000.0,1.5766,3740000.0,8.4234,,3740000.0,20260701,20260813
920570.BJ,20260814,厉全明,G,DE,20000.0,0.0785,836842.0,3.2829,25.54,3407368.0,20260805,20260811
920570.BJ,20260814,海盐坤铂企业管理咨询合伙企业(有限合伙),C,DE,61563.0,0.2415,1797075.0,7.0499,25.6562,5482437.0,20260806,20260811
600189.SH,20260814,中国吉林森林工业集团有限责任公司,C,IN,800000.0,0.1119,219084380.0,30.6327,,219084380.0,20260514,20260813
000697.SZ,20260814,张政,P,DE,3650000.0,0.5589,23256544.0,3.5609,,103976174.0,20260206,20260813
301551.SZ,20260814,内蒙古文盛新媒体投资中心(有限合伙)及其一致行动人,C,DE,2368400.0,1.5324,21137004.0,13.6762,,21137004.0,20260518,20260813
300665.SZ,20260814,青岛君拓启航智能科技有限公司,C,IN,2299400.0,1.0547,25253485.0,11.5836,,25253485.0,20260804,20260814
300751.SZ,20260814,吴江东运创业投资有限公司,C,DE,1431698.0,0.7424,9371985.0,4.8597,279.43,9371985.0,20260625,20260701
300825.SZ,20260814,嘉兴珺文银宝投资合伙企业(有限合伙),C,DE,8180000.0,1.6884,48007.0,0.0099,,48007.0,20260520,20260807
300751.SZ,20260814,吴江东运创业投资有限公司,C,DE,124400.0,0.0645,10803683.0,5.6021,282.58,10803683.0,20260522,20260527
605366.SH,20260814,新余市锦宏科技合伙企业(有限合伙),C,DE,3260000.0,0.4218,2719859.0,0.3519,12.4986,2719859.0,20260518,20260813
603738.SH,20260814,喻信东,G,DE,3800000.0,0.9847,68765200.0,17.82,,68765200.0,20260812,20260813
002655.SZ,20260814,上海韦豪创芯投资管理有限公司,C,IN,21100.0,0.0058,34153400.0,9.3863,,34153400.0,20260812,20260813
601121.SH,20260814,嘉兴宝润企业管理合伙企业(有限合伙),C,DE,600000.0,0.075,,,6.97,1991000.0,20260728,20260811
601121.SH,20260814,嘉兴宝益企业管理合伙企业(有限合伙),C,DE,110000.0,0.0138,,,6.63,2120000.0,20260708,20260709
600177.SH,20260814,宁波雅戈尔控股有限公司,C,IN,45662794.0,1.014,1861027499.0,41.3246,,1861027499.0,20260610,20260813
605598.SH,20260814,海南隆湾投资控股有限公司,C,DE,500700.0,0.206,164547000.0,67.7101,,164547000.0,20260703,20260703
002109.SZ,20260814,陕西兴化集团有限责任公司,C,IN,3875300.0,0.3036,236487389.0,18.5296,2.9121,236487389.0,20260522,20260812
603045.SH,20260814,陈松扬,P,DE,69634.0,0.0514,208966.0,0.1543,,208966.0,20260715,20260720
603045.SH,20260814,王达武,G,DE,601500.0,0.4441,31583906.0,23.3186,,31583906.0,20260715,20260813
301429.SZ,20260814,王斌,G,IN,25400.0,0.0577,62600.0,0.1422,,11588400.0,20260710,20260813
301429.SZ,20260814,张勇,G,IN,30700.0,0.0697,57300.0,0.1302,,11583100.0,20260710,20260813
301429.SZ,20260814,唐道远,G,IN,151300.0,0.3437,350300.0,0.7958,,42020500.0,20260710,20260813
688488.SH,20260814,傅和亮,G,IN,730052.0,0.1735,3480977.0,0.8273,15.4848,3480977.0,20260304,20260731
002240.SZ,20260814,肖波,G,DE,10000.0,0.0011,50750.0,0.0056,49.0,233000.0,20260526,20260526
002240.SZ,20260814,王琪,G,DE,95000.0,0.0104,0.0,,49.57,285000.0,20260514,20260609
002240.SZ,20260814,方轶,G,DE,34000.0,0.0037,34050.0,0.0037,50.0,238200.0,20260520,20260520
688222.SH,20260814,深圳市钧天投资企业(有限合伙),C,DE,3524092.0,0.8795,6543659.0,1.6331,37.0103,6543659.0,20260710,20260812
603520.SH,20260814,胡思慧,P,IN,6883035.0,1.57,6883035.0,1.57,,6883035.0,20260629,20260812
603520.SH,20260814,胡锦生,G,DE,10187133.0,2.3237,33804993.0,7.7108,,33804993.0,20260713,20260812
002602.SZ,20260814,上海吉运盛商务信息咨询合伙企业(有限合伙),C,DE,52596100.0,0.7738,143461027.0,2.1107,13.56,143461027.0,20260616,20260629
688229.SH,20260814,冯云彪,G,DE,700000.0,1.5766,3740000.0,8.4234,,3740000.0,20260701,20260813
920570.BJ,20260814,厉全明,G,DE,20000.0,0.0785,836842.0,3.2829,25.54,3407368.0,20260805,20260811
920570.BJ,20260814,海盐坤铂企业管理咨询合伙企业(有限合伙),C,DE,61563.0,0.2415,1797075.0,7.0499,25.6562,5482437.0,20260806,20260811
600189.SH,20260814,中国吉林森林工业集团有限责任公司,C,IN,800000.0,0.1119,219084380.0,30.6327,,219084380.0,20260514,20260813
300665.SZ,20260814,青岛君拓启航智能科技有限公司,C,IN,2299400.0,1.0547,25253485.0,11.5836,,25253485.0,20260804,20260814
603738.SH,20260814,喻信东,G,DE,3800000.0,0.9847,68765200.0,17.82,,68765200.0,20260812,20260813
688229.SH,20260814,冯云彪,G,DE,700000.0,1.5766,3740000.0,8.4234,,3740000.0,20260701,20260813
301551.SZ,20260814,内蒙古文盛新媒体投资中心(有限合伙)及其一致行动人,C,DE,2368400.0,1.5324,21137004.0,13.6762,,21137004.0,20260518,20260813
300665.SZ,20260814,青岛君拓启航智能科技有限公司,C,IN,2299400.0,1.0547,25253485.0,11.5836,,25253485.0,20260804,20260814
300751.SZ,20260814,吴江东运创业投资有限公司,C,DE,1431698.0,0.7424,9371985.0,4.8597,279.43,9371985.0,20260625,20260701
300825.SZ,20260814,嘉兴珺文银宝投资合伙企业(有限合伙),C,DE,8180000.0,1.6884,48007.0,0.0099,,48007.0,20260520,20260807
300751.SZ,20260814,吴江东运创业投资有限公司,C,DE,124400.0,0.0645,10803683.0,5.6021,282.58,10803683.0,20260522,20260527
000697.SZ,20260814,张政,P,DE,3650000.0,0.5589,23256544.0,3.5609,,103976174.0,20260206,20260813
002655.SZ,20260814,上海韦豪创芯投资管理有限公司,C,IN,21100.0,0.0058,34153400.0,9.3863,,34153400.0,20260812,20260813
603045.SH,20260814,陈松扬,P,DE,69634.0,0.0514,208966.0,0.1543,,208966.0,20260715,20260720
002602.SZ,20260814,上海吉运盛商务信息咨询合伙企业(有限合伙),C,DE,52596100.0,0.7738,143461027.0,2.1107,13.56,143461027.0,20260616,20260629
002602.SZ,20260814,上海吉运盛商务信息咨询合伙企业(有限合伙),C,DE,52596100.0,0.7738,143461027.0,2.1107,13.56,143461027.0,20260616,20260629
688229.SH,20260814,冯云彪,G,DE,700000.0,1.5766,3740000.0,8.4234,,3740000.0,20260701,20260813
920570.BJ,20260814,厉全明,G,DE,20000.0,0.0785,836842.0,3.2829,25.54,3407368.0,20260805,20260811
920570.BJ,20260814,海盐坤铂企业管理咨询合伙企业(有限合伙),C,DE,61563.0,0.2415,1797075.0,7.0499,25.6562,5482437.0,20260806,20260811
600189.SH,20260814,中国吉林森林工业集团有限责任公司,C,IN,800000.0,0.1119,219084380.0,30.6327,,219084380.0,20260514,20260813
605366.SH,20260814,新余市锦宏科技合伙企业(有限合伙),C,DE,3260000.0,0.4218,2719859.0,0.3519,12.4986,2719859.0,20260518,20260813
603738.SH,20260814,喻信东,G,DE,3800000.0,0.9847,68765200.0,17.82,,68765200.0,20260812,20260813
002655.SZ,20260814,上海韦豪创芯投资管理有限公司,C,IN,21100.0,0.0058,34153400.0,9.3863,,34153400.0,20260813,20260813
601121.SH,20260814,嘉兴宝润企业管理合伙企业(有限合伙),C,DE,600000.0,0.075,,,6.97,1991000.0,20260728,20260811
601121.SH,20260814,嘉兴宝益企业管理合伙企业(有限合伙),C,DE,110000.0,0.0138,,,6.63,2120000.0,20260708,20260709
600177.SH,20260814,宁波雅戈尔控股有限公司,C,IN,45662794.0,1.014,1861027499.0,41.3246,,1861027499.0,20260610,20260813
605598.SH,20260814,海南隆湾投资控股有限公司,C,DE,500700.0,0.206,164547000.0,67.7101,,164547000.0,20260703,20260703
002109.SZ,20260814,陕西兴化集团有限责任公司,C,IN,3875300.0,0.3036,236487389.0,18.5296,2.9121,236487389.0,20260522,20260812
603045.SH,20260814,陈松扬,P,DE,69634.0,0.0514,208966.0,0.1543,,208966.0,20260715,20260720
603045.SH,20260814,王达武,G,DE,601500.0,0.4441,31583906.0,23.3186,,31583906.0,20260715,20260813
301429.SZ,20260814,王斌,G,IN,25400.0,0.0577,62600.0,0.1422,,11588400.0,20260710,20260813
301429.SZ,20260814,张勇,G,IN,30700.0,0.0697,57300.0,0.1302,,11583100.0,20260710,20260813
301429.SZ,20260814,唐道远,G,IN,151300.0,0.3437,350300.0,0.7958,,42020500.0,20260710,20260813
688488.SH,20260814,傅和亮,G,IN,730052.0,0.1735,3480977.0,0.8273,15.4848,3480977.0,20260304,20260731
002240.SZ,20260814,肖波,G,DE,10000.0,0.0011,50750.0,0.0056,49.0,233000.0,20260526,20260526
002240.SZ,20260814,王琪,G,DE,95000.0,0.0104,0.0,,49.57,285000.0,20260514,20260609
002240.SZ,20260814,方轶,G,DE,34000.0,0.0037,34050.0,0.0037,50.0,238200.0,20260520,20260520
688222.SH,20260814,深圳市钧天投资企业(有限合伙),C,DE,3524092.0,0.8795,6543659.0,1.6331,37.0103,6543659.0,20260710,20260812
603520.SH,20260814,胡思慧,P,IN,6883035.0,1.57,6883035.0,1.57,,6883035.0,20260629,20260812
603520.SH,20260814,胡锦生,G,DE,10187133.0,2.3237,33804993.0,7.7108,,33804993.0,20260713,20260812
688073.SH,20260813,舟山兰旦企业管理合伙企业(有限合伙),C,DE,475290.0,0.523,1660626.0,1.8272,,1660626.0,20260708,20260811
688073.SH,20260813,吴波,P,DE,24515.0,0.027,723870.0,0.7965,,723870.0,20260609,20260811
688073.SH,20260813,舟山欣曦企业管理合伙企业(有限合伙),C,DE,82404.0,0.0907,2159651.0,2.3763,,2159651.0,20260708,20260811
002655.SZ,20260813,上海韦豪创芯投资管理有限公司,C,IN,1857500.0,0.5105,34132300.0,9.3805,,34132300.0,20260811,20260811
920571.BJ,20260813,何志强,G,DE,55725.0,0.0188,,,11.27,167175.0,20260615,20260615
920571.BJ,20260813,薛勇,G,DE,649738.0,0.2194,,,10.0282,1949216.0,20260609,20260811
000009.SZ,20260813,深圳市承兴投资有限公司,C,IN,23607594.0,0.9164,580799860.0,22.5464,,580799860.0,20260810,20260812
603209.SH,20260813,山东日盈投资有限公司,C,DE,281300.0,0.0875,1608600.0,0.5004,,1608600.0,20260810,20260811
603382.SH,20260813,福建赢石创业投资合伙企业(有限合伙),C,DE,923100.0,0.7993,9062547.0,7.8473,,9062547.0,20260707,20260812
688479.SH,20260813,上海烽赢宏企业管理中心(有限合伙),C,DE,2415000.0,2.7911,4212600.0,4.8687,25.6834,4212600.0,20260806,20260811
688479.SH,20260813,上海屹赢友企业管理中心(有限合伙),C,DE,3623000.0,4.1873,4665000.0,5.3915,25.6835,4665000.0,20260806,20260811
920906.BJ,20260813,宁波万舜投资管理合伙企业(有限合伙),C,DE,120000.0,0.3598,,,16.5564,1240000.0,20260724,20260811
688603.SH,20260813,宁波市睿兴二期股权投资合伙企业(有限合伙),C,DE,848591.0,1.7895,0.0,,146.7979,0.0,20260515,20260616
603072.SH,20260813,南通元龙创业投资合伙企业(有限合伙),C,DE,1648300.0,1.3058,9054990.0,7.1734,38.5573,9054990.0,20260514,20260811
002824.SZ,20260813,霍润,P,DE,500000.0,0.2211,19892787.0,8.7953,18.04,19892787.0,20260803,20260804
002824.SZ,20260813,霍润,P,DE,500000.0,0.2211,20392787.0,9.0163,,20392787.0,20260616,20260616
688221.SH,20260813,CHANGJIN WANG,P,DE,2330767.0,0.6222,18728733.0,4.9999,,18728733.0,20260806,20260811
600613.SH,20260813,张之君,P,DE,5340700.0,1.1142,9021650.0,1.6892,,9021650.0,20260810,20260812
688685.SH,20260813,苏州至辉中安创业投资合伙企业(有限合伙),C,DE,497454.0,0.3387,0.0,,48.9715,0.0,20260513,20260812
688685.SH,20260813,南京道丰投资管理中心(普通合伙),C,DE,6800.0,0.0046,48532.0,0.033,53.4124,48532.0,20260513,20260812
688685.SH,20260813,伊犁苏新投资基金合伙企业(有限合伙),C,DE,248160.0,0.169,3180576.0,2.1658,53.6345,3180576.0,20260513,20260812
300599.SZ,20260813,梁大军,G,DE,7500.0,0.0024,0.0,,12.8653,22500.0,20260527,20260811
600221.SH,20260813,天津渤海四号租赁有限公司,C,DE,20000000.0,0.0467,36214128.0,0.0838,,36214128.0,20260731,20260811
600221.SH,20260813,安隆(天津)航空租赁有限公司,C,DE,66869300.0,0.1561,97924348.0,0.2266,,97924348.0,20260731,20260811
300321.SZ,20260813,华盛百利投资发展(北京)有限公司,C,DE,6000.0,0.0068,5878323.0,6.6275,,5878323.0,20260701,20260702
301370.SZ,20260813,泰康人寿保险有限责任公司-分红-团体分红-019L-FH001深,C,DE,446200.0,0.0948,5623291.0,1.1949,,5623291.0,20260803,20260812
301370.SZ,20260813,泰康人寿保险有限责任公司-分红-个人分红-019L-FH002深,C,DE,1337900.0,0.2843,16870573.0,3.5849,,16870573.0,20260803,20260812
301370.SZ,20260813,泰康人寿保险有限责任公司-传统-普通保险产品-019L-CT001深,C,DE,2677400.0,0.5689,33739546.0,7.1695,,33739546.0,20260803,20260812
002826.SZ,20260813,周战,P,DE,658900.0,0.3567,8874925.0,4.8043,16.37,8874925.0,20260811,20260811
688073.SH,20260813,舟山兰旦企业管理合伙企业(有限合伙),C,DE,475290.0,0.523,1660626.0,1.8272,,1660626.0,20260708,20260811
688073.SH,20260813,吴波,P,DE,24515.0,0.027,723870.0,0.7965,,723870.0,20260609,20260811
688073.SH,20260813,舟山欣曦企业管理合伙企业(有限合伙),C,DE,82404.0,0.0907,2159651.0,2.3763,,2159651.0,20260708,20260811
002655.SZ,20260813,上海韦豪创芯投资管理有限公司,C,IN,1857500.0,0.5105,34132300.0,9.3805,,34132300.0,20260811,20260811
920571.BJ,20260813,何志强,G,DE,55725.0,0.0188,,,11.27,167175.0,20260615,20260615
920571.BJ,20260813,薛勇,G,DE,649738.0,0.2194,,,10.0282,1949216.0,20260609,20260811
000009.SZ,20260813,深圳市承兴投资有限公司,C,IN,23607594.0,0.9164,580799860.0,22.5464,,580799860.0,20260810,20260812
603209.SH,20260813,山东日盈投资有限公司,C,DE,281300.0,0.0875,1608600.0,0.5004,,1608600.0,20260810,20260811
603382.SH,20260813,福建赢石创业投资合伙企业(有限合伙),C,DE,923100.0,0.7993,9062547.0,7.8473,,9062547.0,20260707,20260812
688479.SH,20260813,上海烽赢宏企业管理中心(有限合伙),C,DE,2415000.0,2.7911,4212600.0,4.8687,25.6834,4212600.0,20260806,20260811
688479.SH,20260813,上海屹赢友企业管理中心(有限合伙),C,DE,3623000.0,4.1873,4665000.0,5.3915,25.6835,4665000.0,20260806,20260811
920906.BJ,20260813,宁波万舜投资管理合伙企业(有限合伙),C,DE,120000.0,0.3598,,,16.5564,1240000.0,20260724,20260811
688603.SH,20260813,宁波市睿兴二期股权投资合伙企业(有限合伙),C,DE,848591.0,1.7895,0.0,,146.7979,0.0,20260515,20260616
603072.SH,20260813,南通元龙创业投资合伙企业(有限合伙),C,DE,1648300.0,1.3058,9054990.0,7.1734,38.5573,9054990.0,20260514,20260811
002824.SZ,20260813,霍润,P,DE,500000.0,0.2211,19892787.0,8.7953,18.04,19892787.0,20260803,20260804
002824.SZ,20260813,霍润,P,DE,500000.0,0.2211,20392787.0,9.0163,,20392787.0,20260616,20260616
688221.SH,20260813,CHANGJIN WANG,P,DE,2330767.0,0.6222,18728733.0,4.9999,,18728733.0,20260806,20260811
600613.SH,20260813,张之君,P,DE,5340700.0,1.1142,9021650.0,1.6892,,9021650.0,20260810,20260812
688685.SH,20260813,苏州至辉中安创业投资合伙企业(有限合伙),C,DE,497454.0,0.3387,0.0,,48.9715,0.0,20260513,20260812
688685.SH,20260813,南京道丰投资管理中心(普通合伙),C,DE,6800.0,0.0046,48532.0,0.033,53.4124,48532.0,20260513,20260812
688685.SH,20260813,伊犁苏新投资基金合伙企业(有限合伙),C,DE,248160.0,0.169,3180576.0,2.1658,53.6345,3180576.0,20260513,20260812
300599.SZ,20260813,梁大军,G,DE,7500.0,0.0024,0.0,,12.8653,22500.0,20260527,20260811
600221.SH,20260813,天津渤海四号租赁有限公司,C,DE,20000000.0,0.0467,36214128.0,0.0838,,36214128.0,20260731,20260811
600221.SH,20260813,安隆(天津)航空租赁有限公司,C,DE,66869300.0,0.1561,97924348.0,0.2266,,97924348.0,20260731,20260811
300321.SZ,20260813,华盛百利投资发展(北京)有限公司,C,DE,6000.0,0.0068,5878323.0,6.6275,,5878323.0,20260701,20260702
301370.SZ,20260813,泰康人寿保险有限责任公司-分红-团体分红-019L-FH001深,C,DE,446200.0,0.0948,5623291.0,1.1949,,5623291.0,20260803,20260812
301370.SZ,20260813,泰康人寿保险有限责任公司-分红-个人分红-019L-FH002深,C,DE,1337900.0,0.2843,16870573.0,3.5849,,16870573.0,20260803,20260812
301370.SZ,20260813,泰康人寿保险有限责任公司-传统-普通保险产品-019L-CT001深,C,DE,2677400.0,0.5689,33739546.0,7.1695,,33739546.0,20260803,20260812
002826.SZ,20260813,周战,P,DE,658900.0,0.3567,8874925.0,4.8043,16.37,8874925.0,20260811,20260811
920571.BJ,20260813,薛勇,G,DE,649738.0,0.2194,,,10.0282,1949216.0,20260609,20260811
688221.SH,20260813,CHANGJIN WANG,P,DE,2330767.0,0.6222,18728733.0,4.9999,,18728733.0,20260806,20260811
301370.SZ,20260813,泰康人寿保险有限责任公司-分红-团体分红-019L-FH001深,C,DE,446200.0,0.0948,5623291.0,1.1949,,5623291.0,20260803,20260812
301370.SZ,20260813,泰康人寿保险有限责任公司-分红-个人分红-019L-FH002深,C,DE,1337900.0,0.2843,16870573.0,3.5849,,16870573.0,20260803,20260812
301370.SZ,20260813,泰康人寿保险有限责任公司-传统-普通保险产品-019L-CT001深,C,DE,2677400.0,0.5689,33739546.0,7.1695,,33739546.0,20260803,20260812
300321.SZ,20260813,华盛百利投资发展(北京)有限公司,C,DE,6000.0,0.0068,5878323.0,6.6275,,5878323.0,20260701,20260702
301370.SZ,20260813,泰康人寿保险有限责任公司-分红-团体分红-019L-FH001深,C,DE,446200.0,0.0948,5623291.0,1.1949,,5623291.0,20260803,20260812
301370.SZ,20260813,泰康人寿保险有限责任公司-分红-个人分红-019L-FH002深,C,DE,1337900.0,0.2843,16870573.0,3.5849,,16870573.0,20260803,20260812
301370.SZ,20260813,泰康人寿保险有限责任公司-传统-普通保险产品-019L-CT001深,C,DE,2677400.0,0.5689,33739546.0,7.1695,,33739546.0,20260803,20260812
688073.SH,20260813,舟山兰旦企业管理合伙企业(有限合伙),C,DE,475290.0,0.523,1660626.0,1.8272,,1660626.0,20260708,20260811
688073.SH,20260813,吴波,P,DE,24515.0,0.027,723870.0,0.7965,,723870.0,20260609,20260811
688073.SH,20260813,舟山欣曦企业管理合伙企业(有限合伙),C,DE,82404.0,0.0907,2159651.0,2.3763,,2159651.0,20260708,20260811
688479.SH,20260813,上海烽赢宏企业管理中心(有限合伙),C,DE,2415000.0,2.7911,4212600.0,4.8687,25.6834,4212600.0,20260806,20260811
688479.SH,20260813,上海屹赢友企业管理中心(有限合伙),C,DE,3623000.0,4.1873,4665000.0,5.3915,25.6835,4665000.0,20260806,20260811
300599.SZ,20260813,梁大军,G,DE,7500.0,0.0024,0.0,,12.8653,22500.0,20260527,20260811
002826.SZ,20260813,周战,P,DE,658900.0,0.3567,8874925.0,4.8043,16.37,8874925.0,20260811,20260811
002655.SZ,20260813,上海韦豪创芯投资管理有限公司,C,IN,1857500.0,0.5105,34132300.0,9.3805,,34132300.0,20260811,20260811
920571.BJ,20260813,何志强,G,DE,55725.0,0.0188,,,11.27,167175.0,20260615,20260615
920571.BJ,20260813,薛勇,G,DE,649738.0,0.2194,,,10.0282,1949216.0,20260609,20260811
000009.SZ,20260813,深圳市承兴投资有限公司,C,IN,23607594.0,0.9164,580799860.0,22.5464,,580799860.0,20260810,20260812
603209.SH,20260813,山东日盈投资有限公司,C,DE,281300.0,0.0875,1608600.0,0.5004,,1608600.0,20260810,20260811
603382.SH,20260813,福建赢石创业投资合伙企业(有限合伙),C,DE,923100.0,0.7993,9062547.0,7.8473,,9062547.0,20260707,20260812
688479.SH,20260813,上海烽赢宏企业管理中心(有限合伙),C,DE,2415000.0,2.7911,4212600.0,4.8687,25.6834,4212600.0,20260806,20260811
688479.SH,20260813,上海屹赢友企业管理中心(有限合伙),C,DE,3623000.0,4.1873,4665000.0,5.3915,25.6835,4665000.0,20260806,20260811
920906.BJ,20260813,宁波万舜投资管理合伙企业(有限合伙),C,DE,120000.0,0.3598,,,16.5564,1240000.0,20260724,20260811
688603.SH,20260813,宁波市睿兴二期股权投资合伙企业(有限合伙),C,DE,848591.0,1.7895,0.0,,146.7979,0.0,20260515,20260616
603072.SH,20260813,南通元龙创业投资合伙企业(有限合伙),C,DE,1648300.0,1.3058,9054990.0,7.1734,38.5573,9054990.0,20260514,20260811
002824.SZ,20260813,霍润,P,DE,500000.0,0.2211,19892787.0,8.7953,18.04,19892787.0,20260803,20260804
002824.SZ,20260813,霍润,P,DE,500000.0,0.2211,20392787.0,9.0163,,20392787.0,20260616,20260616
688221.SH,20260813,CHANGJIN WANG,P,DE,2330767.0,0.6222,18728733.0,4.9999,,18728733.0,20260806,20260811
600613.SH,20260813,张之君,P,DE,5340700.0,1.1142,9021650.0,1.6892,,9021650.0,20260810,20260812
688685.SH,20260813,苏州至辉中安创业投资合伙企业(有限合伙),C,DE,497454.0,0.3387,0.0,,48.9715,0.0,20260513,20260812
688685.SH,20260813,南京道丰投资管理中心(普通合伙),C,DE,6800.0,0.0046,48532.0,0.033,53.4124,48532.0,20260513,20260812
688685.SH,20260813,伊犁苏新投资基金合伙企业(有限合伙),C,DE,248160.0,0.169,3180576.0,2.1658,53.6345,3180576.0,20260513,20260812
300599.SZ,20260813,梁大军,G,DE,7500.0,0.0024,0.0,,12.8653,22500.0,20260527,20260811
300599.SZ,20260813,梁大军,G,DE,7500.0,0.0024,0.0,,12.8653,22500.0,20260527,20260811
600221.SH,20260813,天津渤海四号租赁有限公司,C,DE,20000000.0,0.0467,36214128.0,0.0838,,36214128.0,20260731,20260811
600221.SH,20260813,安隆(天津)航空租赁有限公司,C,DE,66869300.0,0.1561,97924348.0,0.2266,,97924348.0,20260731,20260811
920504.BJ,20260812,韩培养,P,DE,40000.0,0.234,20000.0,0.117,,20000.0,20260810,20260810
920504.BJ,20260812,吕国平,P,DE,38000.0,0.2223,48000.0,0.2808,,48000.0,20260810,20260810
920504.BJ,20260812,吕明媚,P,DE,10000.0,0.0585,800000.0,4.6806,,800000.0,20260810,20260810
000656.SZ,20260812,郭伟,G,IN,871200.0,0.0115,1382300.0,0.0182,,1382300.0,20260722,20260811
600052.SH,20260812,东阳市新岭科技有限公司,C,DE,3320600.0,0.3933,25325839.0,3.0,3.87,25325839.0,20260707,20260811
603328.SH,20260812,四川九洲投资控股集团有限公司,C,IN,6684500.0,0.6695,309517295.0,31.0,,309517295.0,20260811,20260811
000949.SZ,20260812,中原资产管理有限公司,C,DE,12691901.0,0.7662,182186984.0,10.9987,,182186984.0,20260709,20260811
600026.SH,20260812,倪艺丹,G,DE,13600.0,0.0004,,,,40890.0,20260512,20260811
600026.SH,20260812,朱迈进,P,DE,25700.0,0.0007,,,,77280.0,20260512,20260811
688607.SH,20260812,高鹏,G,DE,814473.0,1.0267,3087700.0,3.8923,,3087700.0,20260707,20260811
688755.SH,20260812,杭州清科致盛投资合伙企业(有限合伙),C,DE,283138.0,0.3545,5495907.0,6.8813,,5495907.0,20260807,20260811
688191.SH,20260812,胡志坤,G,DE,70000.0,0.0213,426020.0,0.1299,32.4773,426020.0,20260609,20260610
688191.SH,20260812,王书堂,G,DE,112000.0,0.0341,727913.0,0.2219,33.4938,727913.0,20260609,20260612
688191.SH,20260812,鲍春飞,G,DE,112000.0,0.0341,1150568.0,0.3508,17.7,1150568.0,20260731,20260731
601600.SH,20260812,中国铝业集团有限公司及其一致行动人,C,IN,47600702.0,0.3605,,,,,20260720,20260811
688191.SH,20260812,张万征,G,DE,98000.0,0.0299,1233397.0,0.376,33.6195,1233397.0,20260611,20260612
688191.SH,20260812,孙培翔,G,DE,210000.0,0.064,1694795.0,0.5167,26.906,1694795.0,20260612,20260807
688191.SH,20260812,陈晓娟,G,DE,280000.0,0.0854,3603849.0,1.0987,23.5234,3603849.0,20260610,20260810
600400.SH,20260812,红豆集团有限公司,C,DE,81500000.0,3.5568,1271208418.0,55.478,,1271208418.0,20230619,20260807
688122.SH,20260812,西北有色金属研究院,C,DE,2000000.0,0.3079,134151200.0,20.6493,54.0089,134151200.0,20260803,20260806
600667.SH,20260812,王毅勃,G,DE,38300.0,0.0018,,,19.016,163110.0,20260805,20260807
600067.SH,20260812,福建丰榕投资有限公司,C,DE,5560000.0,0.3995,487003466.0,34.9942,,487003466.0,20260811,20260811
603967.SH,20260812,楚旭日,G,DE,230000.0,0.0663,694000.0,0.2002,11.6144,694000.0,20260609,20260810
603803.SH,20260812,冯雪松,P,DE,4248830.0,1.0,0.0,,,0.0,20260616,20260811
600340.SH,20260812,王文学,G,IN,989300.0,0.0254,,,,,20260519,20260811
600340.SH,20260812,赵威,G,IN,765100.0,0.0197,,,,,20260519,20260811
600340.SH,20260812,钟坚,G,IN,156000.0,0.004,,,,,20260519,20260811
600340.SH,20260812,陈怀洲,G,IN,511000.0,0.0131,,,,,20260519,20260811
600340.SH,20260812,黎毓珊,G,IN,2200.0,0.0001,,,,,20260519,20260811
600340.SH,20260812,庄永,G,IN,9500.0,0.0002,,,,,20260519,20260811
601916.SH,20260812,浙江省海港投资运营集团有限公司,C,IN,271000000.0,1.2579,271000000.0,0.9867,,271000000.0,20260309,20260810
300790.SZ,20260812,张品光,G,DE,4500000.0,0.9796,9911614.0,2.1576,17.47,53146457.0,20260729,20260811
300417.SZ,20260812,叶淑娟,P,DE,188000.0,0.2249,383385.0,0.4586,10.8,3925740.0,20260804,20260811
300276.SZ,20260812,陈巍,P,DE,4446000.0,0.4206,15770687.0,1.4918,,76420746.0,20260811,20260811
300836.SZ,20260812,肖朝蓬,G,DE,1853500.0,2.9212,3066008.0,4.8322,40.29,20536533.0,20260810,20260810
301312.SZ,20260812,黄剑锋,G,DE,108684.0,0.1282,3379103.0,3.986,,16083250.0,20260810,20260811
301312.SZ,20260812,关巍,G,DE,655402.0,0.7731,8151690.0,9.6158,,37794726.0,20260810,20260811
301312.SZ,20260812,邱鹏,G,DE,956320.0,1.1281,11329285.0,13.3641,,52728640.0,20260810,20260811
300836.SZ,20260812,肖朝蓬,G,DE,781400.0,1.2315,4919508.0,7.7534,48.45,22390033.0,20260720,20260807
300618.SZ,20260812,梁建坤,G,DE,300100.0,0.1101,40546132.0,14.8795,38.02,40546132.0,20260811,20260811
300618.SZ,20260812,梁建坤,G,DE,415803.0,0.1526,40846232.0,14.9896,39.52,40846232.0,20260810,20260810
300618.SZ,20260812,梁建坤,G,DE,66100.0,0.0243,41262035.0,15.1422,38.26,41262035.0,20260624,20260624
300922.SZ,20260812,潘建辉,P,DE,526260.0,0.417,2388619.0,1.8926,17.52,2388619.0,20260804,20260810
300826.SZ,20260812,刘键,G,DE,10000.0,0.0046,1558.0,0.0007,14.2116,186230.0,20260811,20260811
300826.SZ,20260812,刘键,G,DE,10000.0,0.0046,11558.0,0.0053,14.47,196230.0,20260810,20260810
300826.SZ,20260812,刘键,G,DE,20000.0,0.0091,21558.0,0.0098,13.8657,206230.0,20260807,20260807
300826.SZ,20260812,刘键,G,DE,20000.0,0.0091,41558.0,0.0189,13.315,226230.0,20260805,20260805
000908.SZ,20260812,叶湘伦,P,DE,250000.0,0.0284,1877724.0,0.2134,,1877724.0,20260703,20260703
002300.SZ,20260812,福建亿力集团有限公司,C,DE,2858500.0,0.3958,72233366.0,10.0005,,72233366.0,20260810,20260810
002192.SZ,20260812,张长虹,P,IN,287813.0,0.1111,4616338.0,1.7816,,4616338.0,20260727,20260730
603260.SH,20260812,宁波合盛集团有限公司,C,DE,7881379.0,0.6667,420078930.0,35.5335,,420078930.0,20260805,20260810
002192.SZ,20260812,计阳配偶,P,DE,1300.0,0.0005,,,,,20260714,20260714
002192.SZ,20260812,计阳配偶,P,IN,3800.0,0.0015,,,,,20260713,20260713
688217.SH,20260812,浙江大健康产业股权投资基金(有限合伙),C,DE,56937.0,0.1019,5585464.0,9.9998,,5585464.0,20260716,20260810
002655.SZ,20260812,上海韦豪创芯投资管理有限公司,C,IN,4667500.0,1.2828,32274800.0,8.87,,32274800.0,20260810,20260810
002655.SZ,20260812,上海韦豪创芯投资管理有限公司,C,IN,767700.0,0.211,27607300.0,7.5873,,27607300.0,20260807,20260807
603912.SH,20260812,南京楷得投资有限公司,C,DE,6190000.0,1.1414,145028773.0,26.742,,145028773.0,20260807,20260810
920504.BJ,20260812,韩培养,P,DE,40000.0,0.234,20000.0,0.117,,20000.0,20260810,20260810
920504.BJ,20260812,吕国平,P,DE,38000.0,0.2223,48000.0,0.2808,,48000.0,20260810,20260810
920504.BJ,20260812,吕明媚,P,DE,10000.0,0.0585,800000.0,4.6806,,800000.0,20260810,20260810
000656.SZ,20260812,郭伟,G,IN,871200.0,0.0115,1382300.0,0.0182,,1382300.0,20260722,20260811
600052.SH,20260812,东阳市新岭科技有限公司,C,DE,3320600.0,0.3933,25325839.0,3.0,3.87,25325839.0,20260707,20260811
603328.SH,20260812,四川九洲投资控股集团有限公司,C,IN,6684500.0,0.6695,309517295.0,31.0,,309517295.0,20260811,20260811
000949.SZ,20260812,中原资产管理有限公司,C,DE,12691901.0,0.7662,182186984.0,10.9987,,182186984.0,20260709,20260811
600026.SH,20260812,倪艺丹,G,DE,13600.0,0.0004,,,,40890.0,20260512,20260811
600026.SH,20260812,朱迈进,P,DE,25700.0,0.0007,,,,77280.0,20260512,20260811
688607.SH,20260812,高鹏,G,DE,814473.0,1.0267,3087700.0,3.8923,,3087700.0,20260707,20260811
688755.SH,20260812,杭州清科致盛投资合伙企业(有限合伙),C,DE,283138.0,0.3545,5495907.0,6.8813,,5495907.0,20260807,20260811
688191.SH,20260812,胡志坤,G,DE,70000.0,0.0213,426020.0,0.1299,32.4773,426020.0,20260609,20260610
688191.SH,20260812,王书堂,G,DE,112000.0,0.0341,727913.0,0.2219,33.4938,727913.0,20260609,20260612
688191.SH,20260812,鲍春飞,G,DE,112000.0,0.0341,1150568.0,0.3508,17.7,1150568.0,20260731,20260731
601600.SH,20260812,中国铝业集团有限公司及其一致行动人,C,IN,47600702.0,0.3605,,,,,20260720,20260811
688191.SH,20260812,张万征,G,DE,98000.0,0.0299,1233397.0,0.376,33.6195,1233397.0,20260611,20260612
688191.SH,20260812,孙培翔,G,DE,210000.0,0.064,1694795.0,0.5167,26.906,1694795.0,20260612,20260807
688191.SH,20260812,陈晓娟,G,DE,280000.0,0.0854,3603849.0,1.0987,23.5234,3603849.0,20260610,20260810
600400.SH,20260812,红豆集团有限公司,C,DE,81500000.0,3.5568,1271208418.0,55.478,,1271208418.0,20230619,20260807
688122.SH,20260812,西北有色金属研究院,C,DE,2000000.0,0.3079,134151200.0,20.6493,54.0089,134151200.0,20260803,20260806
600667.SH,20260812,王毅勃,G,DE,38300.0,0.0018,,,19.016,163110.0,20260805,20260807
600067.SH,20260812,福建丰榕投资有限公司,C,DE,5560000.0,0.3995,487003466.0,34.9942,,487003466.0,20260811,20260811
603967.SH,20260812,楚旭日,G,DE,230000.0,0.0663,694000.0,0.2002,11.6144,694000.0,20260609,20260810
603803.SH,20260812,冯雪松,P,DE,4248830.0,1.0,0.0,,,0.0,20260616,20260811
600340.SH,20260812,王文学,G,IN,989300.0,0.0254,,,,,20260519,20260811
600340.SH,20260812,赵威,G,IN,765100.0,0.0197,,,,,20260519,20260811
600340.SH,20260812,钟坚,G,IN,156000.0,0.004,,,,,20260519,20260811
600340.SH,20260812,陈怀洲,G,IN,511000.0,0.0131,,,,,20260519,20260811
600340.SH,20260812,黎毓珊,G,IN,2200.0,0.0001,,,,,20260519,20260811
600340.SH,20260812,庄永,G,IN,9500.0,0.0002,,,,,20260519,20260811
601916.SH,20260812,浙江省海港投资运营集团有限公司,C,IN,271000000.0,1.2579,271000000.0,0.9867,,271000000.0,20260309,20260810
300790.SZ,20260812,张品光,G,DE,4500000.0,0.9796,9911614.0,2.1576,17.47,53146457.0,20260729,20260811
300417.SZ,20260812,叶淑娟,P,DE,188000.0,0.2249,383385.0,0.4586,10.8,3925740.0,20260804,20260811
300276.SZ,20260812,陈巍,P,DE,4446000.0,0.4206,15770687.0,1.4918,,76420746.0,20260811,20260811
300836.SZ,20260812,肖朝蓬,G,DE,1853500.0,2.9212,3066008.0,4.8322,40.29,20536533.0,20260810,20260810
301312.SZ,20260812,黄剑锋,G,DE,108684.0,0.1282,3379103.0,3.986,,16083250.0,20260810,20260811
301312.SZ,20260812,关巍,G,DE,655402.0,0.7731,8151690.0,9.6158,,37794726.0,20260810,20260811
301312.SZ,20260812,邱鹏,G,DE,956320.0,1.1281,11329285.0,13.3641,,52728640.0,20260810,20260811
300836.SZ,20260812,肖朝蓬,G,DE,781400.0,1.2315,4919508.0,7.7534,48.45,22390033.0,20260720,20260807
300618.SZ,20260812,梁建坤,G,DE,300100.0,0.1101,40546132.0,14.8795,38.02,40546132.0,20260811,20260811
300618.SZ,20260812,梁建坤,G,DE,415803.0,0.1526,40846232.0,14.9896,39.52,40846232.0,20260810,20260810
300618.SZ,20260812,梁建坤,G,DE,66100.0,0.0243,41262035.0,15.1422,38.26,41262035.0,20260624,20260624
300922.SZ,20260812,潘建辉,P,DE,526260.0,0.417,2388619.0,1.8926,17.52,2388619.0,20260804,20260810
300826.SZ,20260812,刘键,G,DE,10000.0,0.0046,1558.0,0.0007,14.2116,186230.0,20260811,20260811
300826.SZ,20260812,刘键,G,DE,10000.0,0.0046,11558.0,0.0053,14.47,196230.0,20260810,20260810
300826.SZ,20260812,刘键,G,DE,20000.0,0.0091,21558.0,0.0098,13.8657,206230.0,20260807,20260807
300826.SZ,20260812,刘键,G,DE,20000.0,0.0091,41558.0,0.0189,13.315,226230.0,20260805,20260805
000908.SZ,20260812,叶湘伦,P,DE,250000.0,0.0284,1877724.0,0.2134,,1877724.0,20260703,20260703
002300.SZ,20260812,福建亿力集团有限公司,C,DE,2858500.0,0.3958,72233366.0,10.0005,,72233366.0,20260810,20260810
002192.SZ,20260812,张长虹,P,IN,287813.0,0.1111,4616338.0,1.7816,,4616338.0,20260727,20260730
603260.SH,20260812,宁波合盛集团有限公司,C,DE,7881379.0,0.6667,420078930.0,35.5335,,420078930.0,20260805,20260810
002192.SZ,20260812,计阳配偶,P,DE,1300.0,0.0005,,,,,20260714,20260714
002192.SZ,20260812,计阳配偶,P,IN,3800.0,0.0015,,,,,20260713,20260713
688217.SH,20260812,浙江大健康产业股权投资基金(有限合伙),C,DE,56937.0,0.1019,5585464.0,9.9998,,5585464.0,20260716,20260810
002655.SZ,20260812,上海韦豪创芯投资管理有限公司,C,IN,4667500.0,1.2828,32274800.0,8.87,,32274800.0,20260810,20260810
002655.SZ,20260812,上海韦豪创芯投资管理有限公司,C,IN,767700.0,0.211,27607300.0,7.5873,,27607300.0,20260807,20260807
603912.SH,20260812,南京楷得投资有限公司,C,DE,6190000.0,1.1414,145028773.0,26.742,,145028773.0,20260807,20260810
688191.SH,20260812,陈晓娟,G,DE,280000.0,0.0854,3603849.0,1.0987,23.5234,3603849.0,20260610,20260810
300790.SZ,20260812,张品光,G,DE,4500000.0,0.9796,9911614.0,2.1576,17.47,53146457.0,20260729,20260811
300417.SZ,20260812,叶淑娟,P,DE,188000.0,0.2249,383385.0,0.4586,10.8,3925740.0,20260804,20260811
300826.SZ,20260812,刘键,G,DE,10000.0,0.0046,1558.0,0.0007,14.2116,186230.0,20260811,20260811
300826.SZ,20260812,刘键,G,DE,10000.0,0.0046,11558.0,0.0053,14.47,196230.0,20260810,20260810
300826.SZ,20260812,刘键,G,DE,20000.0,0.0091,21558.0,0.0098,13.8657,206230.0,20260807,20260807
300826.SZ,20260812,刘键,G,DE,20000.0,0.0091,41558.0,0.0189,13.315,226230.0,20260805,20260805
300276.SZ,20260812,陈巍,P,DE,4446000.0,0.4206,15770687.0,1.4918,,76420746.0,20260811,20260811
300836.SZ,20260812,肖朝蓬,G,DE,1853500.0,2.9212,3066008.0,4.8322,40.29,20536533.0,20260810,20260810
301312.SZ,20260812,黄剑锋,G,DE,108684.0,0.1282,3379103.0,3.986,,16083250.0,20260810,20260811
301312.SZ,20260812,关巍,G,DE,655402.0,0.7731,8151690.0,9.6158,,37794726.0,20260810,20260811
301312.SZ,20260812,邱鹏,G,DE,956320.0,1.1281,11329285.0,13.3641,,52728640.0,20260810,20260811
300836.SZ,20260812,肖朝蓬,G,DE,781400.0,1.2315,4919508.0,7.7534,48.45,22390033.0,20260720,20260807
300618.SZ,20260812,梁建坤,G,DE,300100.0,0.1101,40546132.0,14.8795,38.02,40546132.0,20260811,20260811
300618.SZ,20260812,梁建坤,G,DE,415803.0,0.1526,40846232.0,14.9896,39.52,40846232.0,20260810,20260810
300618.SZ,20260812,梁建坤,G,DE,66100.0,0.0243,41262035.0,15.1422,38.26,41262035.0,20260624,20260624
300922.SZ,20260812,潘建辉,P,DE,526260.0,0.417,2388619.0,1.8926,17.52,2388619.0,20260804,20260810
300826.SZ,20260812,刘键,G,DE,10000.0,0.0046,1558.0,0.0007,14.2116,186230.0,20260811,20260811
300826.SZ,20260812,刘键,G,DE,10000.0,0.0046,11558.0,0.0053,14.47,196230.0,20260810,20260810
300826.SZ,20260812,刘键,G,DE,20000.0,0.0091,21558.0,0.0098,13.8657,206230.0,20260807,20260807
300826.SZ,20260812,刘键,G,DE,20000.0,0.0091,41558.0,0.0189,13.315,226230.0,20260805,20260805
688755.SH,20260812,杭州清科致盛投资合伙企业(有限合伙),C,DE,283138.0,0.3545,5495907.0,6.8813,,5495907.0,20260807,20260811
688191.SH,20260812,孙培翔,G,DE,210000.0,0.064,1694795.0,0.5167,26.906,1694795.0,20260612,20260807
603967.SH,20260812,楚旭日,G,DE,230000.0,0.0663,694000.0,0.2002,11.6144,694000.0,20260609,20260810
603803.SH,20260812,冯雪松,P,DE,4248830.0,1.0,0.0,,,0.0,20260616,20260811
600340.SH,20260812,王文学,G,IN,989300.0,0.0254,,,,,20260519,20260811
600340.SH,20260812,赵威,G,IN,765100.0,0.0197,,,,,20260519,20260811
600340.SH,20260812,钟坚,G,IN,156000.0,0.004,,,,,20260519,20260811
600340.SH,20260812,陈怀洲,G,IN,511000.0,0.0131,,,,,20260519,20260811
600340.SH,20260812,黎毓珊,G,IN,2200.0,0.0001,,,,,20260519,20260811
600340.SH,20260812,庄永,G,IN,9500.0,0.0002,,,,,20260519,20260811
601916.SH,20260812,浙江省海港投资运营集团有限公司,C,IN,271000000.0,1.2579,271000000.0,0.9867,,271000000.0,20260309,20260810
000908.SZ,20260812,叶湘伦,P,DE,250000.0,0.0284,1877724.0,0.2134,,1877724.0,20260703,20260703
002300.SZ,20260812,福建亿力集团有限公司,C,DE,2858500.0,0.3958,72233366.0,10.0005,,72233366.0,20260810,20260810
920504.BJ,20260812,韩培养,P,DE,40000.0,0.234,20000.0,0.117,,20000.0,20260810,20260810
920504.BJ,20260812,吕国平,P,DE,38000.0,0.2223,48000.0,0.2808,,48000.0,20260810,20260810
920504.BJ,20260812,吕明媚,P,DE,10000.0,0.0585,800000.0,4.6806,,800000.0,20260810,20260810
000656.SZ,20260812,郭伟,G,IN,871200.0,0.0115,1382300.0,0.0182,,1382300.0,20260722,20260811
600052.SH,20260812,东阳市新岭科技有限公司,C,DE,3320600.0,0.3933,25325839.0,3.0,3.87,25325839.0,20260707,20260811
603328.SH,20260812,四川九洲投资控股集团有限公司,C,IN,6684500.0,0.6695,309517295.0,31.0,,309517295.0,20260811,20260811
000949.SZ,20260812,中原资产管理有限公司,C,DE,12691901.0,0.7662,182186984.0,10.9987,,182186984.0,20260709,20260811
600026.SH,20260812,倪艺丹,G,DE,13600.0,0.0004,,,,40890.0,20260512,20260811
600026.SH,20260812,朱迈进,P,DE,25700.0,0.0007,,,,77280.0,20260512,20260811
688607.SH,20260812,高鹏,G,DE,814473.0,1.0267,3087700.0,3.8923,,3087700.0,20260707,20260811
688755.SH,20260812,杭州清科致盛投资合伙企业(有限合伙),C,DE,283138.0,0.3545,5495907.0,6.8813,,5495907.0,20260807,20260811
688191.SH,20260812,胡志坤,G,DE,70000.0,0.0213,426020.0,0.1299,32.4773,426020.0,20260609,20260610
688191.SH,20260812,王书堂,G,DE,112000.0,0.0341,727913.0,0.2219,33.4938,727913.0,20260609,20260612
688191.SH,20260812,鲍春飞,G,DE,112000.0,0.0341,1150568.0,0.3508,17.7,1150568.0,20260731,20260731
601600.SH,20260812,中国铝业集团有限公司及其一致行动人,C,IN,47600702.0,0.3605,,,,,20260720,20260811
688191.SH,20260812,张万征,G,DE,98000.0,0.0299,1233397.0,0.376,33.6195,1233397.0,20260611,20260612
688191.SH,20260812,孙培翔,G,DE,210000.0,0.064,1694795.0,0.5167,26.906,1694795.0,20260612,20260807
688191.SH,20260812,陈晓娟,G,DE,280000.0,0.0854,3603849.0,1.0987,23.5234,3603849.0,20260610,20260810
600400.SH,20260812,红豆集团有限公司,C,DE,81500000.0,3.5568,1271208418.0,55.478,,1271208418.0,20230619,20260807
688122.SH,20260812,西北有色金属研究院,C,DE,2000000.0,0.3079,134151200.0,20.6493,54.0089,134151200.0,20260803,20260806
600667.SH,20260812,王毅勃,G,DE,38300.0,0.0018,,,19.016,163110.0,20260805,20260807
600067.SH,20260812,福建丰榕投资有限公司,C,DE,5560000.0,0.3995,487003466.0,34.9942,,487003466.0,20260811,20260811
603967.SH,20260812,楚旭日,G,DE,230000.0,0.0663,694000.0,0.2002,11.6144,694000.0,20260609,20260810
603803.SH,20260812,冯雪松,P,DE,4248830.0,1.0,0.0,,,0.0,20260616,20260811
002192.SZ,20260812,张长虹,P,IN,287813.0,0.1111,4616338.0,1.7816,,4616338.0,20260727,20260730
603260.SH,20260812,宁波合盛集团有限公司,C,DE,7881379.0,0.6667,420078930.0,35.5335,,420078930.0,20260805,20260810
002192.SZ,20260812,计阳配偶,P,DE,1300.0,0.0005,,,,,20260714,20260714
002192.SZ,20260812,计阳配偶,P,IN,3800.0,0.0015,,,,,20260713,20260713
688217.SH,20260812,浙江大健康产业股权投资基金(有限合伙),C,DE,56937.0,0.1019,5585464.0,9.9998,,5585464.0,20260716,20260810
002655.SZ,20260812,上海韦豪创芯投资管理有限公司,C,IN,4667500.0,1.2828,32274800.0,8.87,,32274800.0,20260810,20260810
002655.SZ,20260812,上海韦豪创芯投资管理有限公司,C,IN,767700.0,0.211,27607300.0,7.5873,,27607300.0,20260807,20260807
603912.SH,20260812,南京楷得投资有限公司,C,DE,6190000.0,1.1414,145028773.0,26.742,,145028773.0,20260807,20260810
301322.SZ,20260811,广州创钰凯越创业投资基金合伙企业(有限合伙),C,DE,1149000.0,1.1942,564754.0,0.587,,564754.0,20260810,20260810
301322.SZ,20260811,珠海创钰铭汇股权投资基金企业(有限合伙),C,DE,499000.0,0.5186,2325500.0,2.417,,2325500.0,20260810,20260810
301322.SZ,20260811,广州创钰铭晨股权投资基金企业(有限合伙),C,DE,1205000.0,1.2524,3520934.0,3.6595,,3520934.0,20260810,20260810
688293.SH,20260811,北京磐茂投资管理有限公司-磐信(上海)投资中心(有限合伙),C,DE,653694.0,0.5579,7109664.0,6.068,,7109664.0,20260714,20260807
688293.SH,20260811,北京磐茂投资管理有限公司-磐信(上海)投资中心(有限合伙),C,DE,214000.0,0.188,7763358.0,6.8207,,7763358.0,20260630,20260713
688293.SH,20260811,北京磐茂投资管理有限公司-磐信(上海)投资中心(有限合伙),C,DE,363800.0,0.3196,7977358.0,7.0087,,7977358.0,20260604,20260629
920592.BJ,20260811,信华信技术股份有限公司,C,DE,403975.0,0.8034,4856150.0,9.6571,21.2022,4856150.0,20260728,20260810
601065.SH,20260811,宁波信达汉石龙脊股权投资合伙企业(有限合伙),C,DE,1690000.0,0.2629,76271678.0,11.866,,76271678.0,20260810,20260810
600197.SH,20260811,新疆伊力特集团有限公司,C,IN,4378200.0,0.9253,208427627.0,44.0488,,208427627.0,20260721,20260807
603225.SH,20260811,屈凤琪,P,DE,13648500.0,0.818,82668238.0,4.9545,,82668238.0,20260803,20260810
688180.SH,20260811,上海檀英投资合伙企业(有限合伙),C,DE,10040000.0,1.31,45459326.0,4.4278,,45459326.0,20260616,20260810
688361.SH,20260811,国投(上海)科技成果转化创业投资基金企业(有限合伙),C,DE,2797053.0,0.7945,24470140.0,6.9507,,24470140.0,20260519,20260810
688229.SH,20260811,上海元亨利汇咨询管理中心(有限合伙),C,DE,193390.0,0.4356,890000.0,2.0045,,890000.0,20260804,20260805
688229.SH,20260811,孟曦东,G,DE,441000.0,0.9932,2915610.0,6.5667,,2915610.0,20260810,20260810
688119.SH,20260811,国新双百壹号(杭州)股权投资合伙企业(有限合伙),C,DE,8134416.0,0.7231,70615584.0,6.2769,,70615584.0,20260515,20260622
603328.SH,20260811,四川九洲投资控股集团有限公司,C,IN,3299976.0,0.3305,302832795.0,30.3305,11.4675,302832795.0,20260810,20260810
688213.SH,20260811,国家集成电路产业投资基金二期股份有限公司,C,DE,2816100.0,0.8705,24115503.0,7.4543,99.8453,24115503.0,20260630,20260810
688153.SH,20260811,深圳市贵人资本投资有限公司,C,DE,4732881.0,1.1318,20349214.0,4.8663,,20349214.0,20260709,20260807
688180.SH,20260811,贺铭,P,DE,882600.0,0.1152,2647980.0,0.2579,38.0052,2647980.0,20260703,20260810
603291.SH,20260811,UW Holdings Limited,C,DE,8528006.0,2.015,12632983.0,2.985,,12632983.0,20260623,20260807
002150.SZ,20260811,珠海悦宁管理咨询合伙企业(有限合伙),C,DE,3548800.0,0.9899,3743348.0,1.0442,20.5,3743348.0,20260807,20260807
002150.SZ,20260811,珠海悦宁管理咨询合伙企业(有限合伙),C,DE,95800.0,0.0267,7292148.0,2.034,,7292148.0,20260806,20260806
002870.SZ,20260811,赵玉昆,G,DE,959200.0,0.7394,16080800.0,12.3953,,16080800.0,20260702,20260724
920735.BJ,20260811,天津药物研究院有限公司,C,DE,1108049.0,0.9708,7742855.0,6.7841,27.4303,7742855.0,20260716,20260807
002870.SZ,20260811,宁波均胜电子股份有限公司,C,IN,140000.0,0.1094,39621600.0,30.9729,28.9148,39621600.0,20250408,20250408
000788.SZ,20260811,西南合成医药集团有限公司,C,DE,1071115.0,0.1797,125424602.0,21.0448,,125424602.0,20260805,20260807
300369.SZ,20260811,车海辚,G,DE,20000.0,0.0025,70000.0,0.0087,8.28,340000.0,20260806,20260806
300369.SZ,20260811,叶晓虎,G,DE,116700.0,0.0144,4050.0,0.0005,8.12,366299.0,20260806,20260806
002150.SZ,20260811,珠海康东股权投资合伙企业(有限合伙),C,DE,17000.0,0.0047,10638433.0,2.9674,,10638433.0,20260806,20260806
301322.SZ,20260811,广州创钰凯越创业投资基金合伙企业(有限合伙),C,DE,1149000.0,1.1942,564754.0,0.587,,564754.0,20260810,20260810
301322.SZ,20260811,珠海创钰铭汇股权投资基金企业(有限合伙),C,DE,499000.0,0.5186,2325500.0,2.417,,2325500.0,20260810,20260810
301322.SZ,20260811,广州创钰铭晨股权投资基金企业(有限合伙),C,DE,1205000.0,1.2524,3520934.0,3.6595,,3520934.0,20260810,20260810
688293.SH,20260811,北京磐茂投资管理有限公司-磐信(上海)投资中心(有限合伙),C,DE,653694.0,0.5579,7109664.0,6.068,,7109664.0,20260714,20260807
688293.SH,20260811,北京磐茂投资管理有限公司-磐信(上海)投资中心(有限合伙),C,DE,214000.0,0.188,7763358.0,6.8207,,7763358.0,20260630,20260713
688293.SH,20260811,北京磐茂投资管理有限公司-磐信(上海)投资中心(有限合伙),C,DE,363800.0,0.3196,7977358.0,7.0087,,7977358.0,20260604,20260629
920592.BJ,20260811,信华信技术股份有限公司,C,DE,403975.0,0.8034,4856150.0,9.6571,21.2022,4856150.0,20260728,20260810
601065.SH,20260811,宁波信达汉石龙脊股权投资合伙企业(有限合伙),C,DE,1690000.0,0.2629,76271678.0,11.866,,76271678.0,20260810,20260810
600197.SH,20260811,新疆伊力特集团有限公司,C,IN,4378200.0,0.9253,208427627.0,44.0488,,208427627.0,20260721,20260807
603225.SH,20260811,屈凤琪,P,DE,13648500.0,0.818,82668238.0,4.9545,,82668238.0,20260803,20260810
688180.SH,20260811,上海檀英投资合伙企业(有限合伙),C,DE,10040000.0,1.31,45459326.0,4.4278,,45459326.0,20260616,20260810
688361.SH,20260811,国投(上海)科技成果转化创业投资基金企业(有限合伙),C,DE,2797053.0,0.7945,24470140.0,6.9507,,24470140.0,20260519,20260810
688229.SH,20260811,上海元亨利汇咨询管理中心(有限合伙),C,DE,193390.0,0.4356,890000.0,2.0045,,890000.0,20260804,20260805
688229.SH,20260811,孟曦东,G,DE,441000.0,0.9932,2915610.0,6.5667,,2915610.0,20260810,20260810
688119.SH,20260811,国新双百壹号(杭州)股权投资合伙企业(有限合伙),C,DE,8134416.0,0.7231,70615584.0,6.2769,,70615584.0,20260515,20260622
603328.SH,20260811,四川九洲投资控股集团有限公司,C,IN,3299976.0,0.3305,302832795.0,30.3305,11.4675,302832795.0,20260810,20260810
688213.SH,20260811,国家集成电路产业投资基金二期股份有限公司,C,DE,2816100.0,0.8705,24115503.0,7.4543,99.8453,24115503.0,20260630,20260810
688153.SH,20260811,深圳市贵人资本投资有限公司,C,DE,4732881.0,1.1318,20349214.0,4.8663,,20349214.0,20260709,20260807
688180.SH,20260811,贺铭,P,DE,882600.0,0.1152,2647980.0,0.2579,38.0052,2647980.0,20260703,20260810
603291.SH,20260811,UW Holdings Limited,C,DE,8528006.0,2.015,12632983.0,2.985,,12632983.0,20260623,20260807
002150.SZ,20260811,珠海悦宁管理咨询合伙企业(有限合伙),C,DE,3548800.0,0.9899,3743348.0,1.0442,20.5,3743348.0,20260807,20260807
002150.SZ,20260811,珠海悦宁管理咨询合伙企业(有限合伙),C,DE,95800.0,0.0267,7292148.0,2.034,,7292148.0,20260806,20260806
002870.SZ,20260811,赵玉昆,G,DE,959200.0,0.7394,16080800.0,12.3953,,16080800.0,20260702,20260724
920735.BJ,20260811,天津药物研究院有限公司,C,DE,1108049.0,0.9708,7742855.0,6.7841,27.4303,7742855.0,20260716,20260807
002870.SZ,20260811,宁波均胜电子股份有限公司,C,IN,140000.0,0.1094,39621600.0,30.9729,28.9148,39621600.0,20250408,20250408
000788.SZ,20260811,西南合成医药集团有限公司,C,DE,1071115.0,0.1797,125424602.0,21.0448,,125424602.0,20260805,20260807
300369.SZ,20260811,车海辚,G,DE,20000.0,0.0025,70000.0,0.0087,8.28,340000.0,20260806,20260806
300369.SZ,20260811,叶晓虎,G,DE,116700.0,0.0144,4050.0,0.0005,8.12,366299.0,20260806,20260806
002150.SZ,20260811,珠海康东股权投资合伙企业(有限合伙),C,DE,17000.0,0.0047,10638433.0,2.9674,,10638433.0,20260806,20260806
688229.SH,20260811,孟曦东,G,DE,441000.0,0.9932,2915610.0,6.5667,,2915610.0,20260810,20260810
301322.SZ,20260811,广州创钰凯越创业投资基金合伙企业(有限合伙),C,DE,1149000.0,1.1942,564754.0,0.587,,564754.0,20260810,20260810
301322.SZ,20260811,珠海创钰铭汇股权投资基金企业(有限合伙),C,DE,499000.0,0.5186,2325500.0,2.417,,2325500.0,20260810,20260810
301322.SZ,20260811,广州创钰铭晨股权投资基金企业(有限合伙),C,DE,1205000.0,1.2524,3520934.0,3.6595,,3520934.0,20260810,20260810
688293.SH,20260811,北京磐茂投资管理有限公司-磐信(上海)投资中心(有限合伙),C,DE,653694.0,0.5579,7109664.0,6.068,,7109664.0,20260714,20260807
688293.SH,20260811,北京磐茂投资管理有限公司-磐信(上海)投资中心(有限合伙),C,DE,214000.0,0.188,7763358.0,6.8207,,7763358.0,20260630,20260713
688293.SH,20260811,北京磐茂投资管理有限公司-磐信(上海)投资中心(有限合伙),C,DE,363800.0,0.3196,7977358.0,7.0087,,7977358.0,20260604,20260629
603225.SH,20260811,屈凤琪,P,DE,13648500.0,0.818,82668238.0,4.9545,,82668238.0,20260803,20260810
688180.SH,20260811,上海檀英投资合伙企业(有限合伙),C,DE,10040000.0,1.31,45459326.0,4.4278,,45459326.0,20260616,20260810
688361.SH,20260811,国投(上海)科技成果转化创业投资基金企业(有限合伙),C,DE,2797053.0,0.7945,24470140.0,6.9507,,24470140.0,20260519,20260810
688229.SH,20260811,上海元亨利汇咨询管理中心(有限合伙),C,DE,193390.0,0.4356,890000.0,2.0045,,890000.0,20260804,20260805
688229.SH,20260811,孟曦东,G,DE,441000.0,0.9932,2915610.0,6.5667,,2915610.0,20260810,20260810
688119.SH,20260811,国新双百壹号(杭州)股权投资合伙企业(有限合伙),C,DE,8134416.0,0.7231,70615584.0,6.2769,,70615584.0,20260515,20260622
603328.SH,20260811,四川九洲投资控股集团有限公司,C,IN,3299976.0,0.3305,302832795.0,30.3305,11.4675,302832795.0,20260810,20260810
688213.SH,20260811,国家集成电路产业投资基金二期股份有限公司,C,DE,2816100.0,0.8705,24115503.0,7.4543,99.8453,24115503.0,20260630,20260810
688153.SH,20260811,深圳市贵人资本投资有限公司,C,DE,4732881.0,1.1318,20349214.0,4.8663,,20349214.0,20260709,20260807
688180.SH,20260811,贺铭,P,DE,882600.0,0.1152,2647980.0,0.2579,38.0052,2647980.0,20260703,20260810
603291.SH,20260811,UW Holdings Limited,C,DE,8528006.0,2.015,12632983.0,2.985,,12632983.0,20260623,20260807
002150.SZ,20260811,珠海悦宁管理咨询合伙企业(有限合伙),C,DE,95800.0,0.0267,7292148.0,2.034,,7292148.0,20260806,20260806
920735.BJ,20260811,天津药物研究院有限公司,C,DE,1108049.0,0.9708,7742855.0,6.7841,27.4303,7742855.0,20260716,20260807
002150.SZ,20260811,珠海康东股权投资合伙企业(有限合伙),C,DE,17000.0,0.0047,10638433.0,2.9674,,10638433.0,20260806,20260806
002150.SZ,20260811,珠海悦宁管理咨询合伙企业(有限合伙),C,DE,3548800.0,0.9899,3743348.0,1.0442,20.5,3743348.0,20260807,20260807
002150.SZ,20260811,珠海悦宁管理咨询合伙企业(有限合伙),C,DE,95800.0,0.0267,7292148.0,2.034,,7292148.0,20260803,20260806
002870.SZ,20260811,赵玉昆,G,DE,959200.0,0.7394,16080800.0,12.3953,,16080800.0,20260702,20260724
920735.BJ,20260811,天津药物研究院有限公司,C,DE,1108049.0,0.9708,7742855.0,6.7841,27.4303,7742855.0,20260716,20260807
002870.SZ,20260811,宁波均胜电子股份有限公司,C,IN,140000.0,0.1094,39621600.0,30.9729,28.9148,39621600.0,20250408,20250408
000788.SZ,20260811,西南合成医药集团有限公司,C,DE,1071115.0,0.1797,125424602.0,21.0448,,125424602.0,20260805,20260807
300369.SZ,20260811,车海辚,G,DE,20000.0,0.0025,70000.0,0.0087,8.28,340000.0,20260806,20260806
300369.SZ,20260811,叶晓虎,G,DE,116700.0,0.0144,4050.0,0.0005,8.12,366299.0,20260806,20260806
002150.SZ,20260811,珠海康东股权投资合伙企业(有限合伙),C,DE,17000.0,0.0047,10638433.0,2.9674,,10638433.0,20260803,20260806
920592.BJ,20260811,信华信技术股份有限公司,C,DE,403975.0,0.8034,4856150.0,9.6571,21.2022,4856150.0,20260728,20260810
601065.SH,20260811,宁波信达汉石龙脊股权投资合伙企业(有限合伙),C,DE,1690000.0,0.2629,76271678.0,11.866,,76271678.0,20260810,20260810
600197.SH,20260811,新疆伊力特集团有限公司,C,IN,4378200.0,0.9253,208427627.0,44.0488,,208427627.0,20260721,20260807
300251.SZ,20260810,上海汉涛信息咨询有限公司,C,DE,22576000.0,0.8134,124103406.0,4.4716,,124103406.0,20260625,20260810
300558.SZ,20260810,杭州特瑞西创企业管理合伙企业(有限合伙),C,DE,495900.0,0.1175,28301161.0,6.7066,69.99,28301161.0,20260508,20260807
300619.SZ,20260810,张启发,G,DE,1180000.0,0.6196,7378458.0,3.8746,,43084931.0,20260805,20260805
300619.SZ,20260810,张启发,G,DE,953900.0,0.5009,8558458.0,4.4942,,44264931.0,20260804,20260804
301093.SZ,20260810,肖锋,G,DE,94600.0,0.0465,40.0,0.0,69.31,283960.0,20260715,20260807
301602.SZ,20260810,中信建投基金-招商银行-中信建投基金-共赢41号员工参与战略配售集合资产管理计划,C,DE,2119853.0,1.0167,3775669.0,1.8109,14.98,3775669.0,20260508,20260807
300251.SZ,20260810,上海汉涛信息咨询有限公司,C,DE,22576000.0,0.8134,124103406.0,4.4716,,124103406.0,20260625,20260810
300558.SZ,20260810,杭州特瑞西创企业管理合伙企业(有限合伙),C,DE,495900.0,0.1175,28301161.0,6.7066,69.99,28301161.0,20260508,20260807
300619.SZ,20260810,张启发,G,DE,1180000.0,0.6196,7378458.0,3.8746,,43084931.0,20260805,20260805
300619.SZ,20260810,张启发,G,DE,953900.0,0.5009,8558458.0,4.4942,,44264931.0,20260804,20260804
301093.SZ,20260810,肖锋,G,DE,94600.0,0.0465,40.0,0.0,69.31,283960.0,20260715,20260807
301602.SZ,20260810,中信建投基金-招商银行-中信建投基金-共赢41号员工参与战略配售集合资产管理计划,C,DE,2119853.0,1.0167,3775669.0,1.8109,14.98,3775669.0,20260508,20260807
300251.SZ,20260810,上海汉涛信息咨询有限公司,C,DE,22576000.0,0.8134,124103406.0,4.4716,,124103406.0,20260625,20260810
300558.SZ,20260810,杭州特瑞西创企业管理合伙企业(有限合伙),C,DE,495900.0,0.1175,28301161.0,6.7066,69.99,28301161.0,20260508,20260807
301093.SZ,20260810,肖锋,G,DE,94600.0,0.0465,40.0,0.0,69.31,283960.0,20260715,20260807
300558.SZ,20260810,杭州特瑞西创企业管理合伙企业(有限合伙),C,DE,495900.0,0.1175,28301161.0,6.7066,69.99,28301161.0,20260508,20260807
300619.SZ,20260810,张启发,G,DE,1180000.0,0.6196,7378458.0,3.8746,,43084931.0,20260805,20260805
300619.SZ,20260810,张启发,G,DE,953900.0,0.5009,8558458.0,4.4942,,44264931.0,20260804,20260804
301093.SZ,20260810,肖锋,G,DE,94600.0,0.0465,40.0,0.0,69.31,283960.0,20260715,20260807
301602.SZ,20260810,中信建投基金-招商银行-中信建投基金-共赢41号员工参与战略配售集合资产管理计划,C,DE,2119853.0,1.0167,3775669.0,1.8109,14.98,3775669.0,20260508,20260807
600328.SH,20260808,王以飞,G,IN,21300.0,0.0015,,,,49040.0,20260521,20260807
600328.SH,20260808,刘伟国,G,IN,19000.0,0.0013,,,,98684.0,20260525,20260803
600328.SH,20260808,程序,G,IN,18000.0,0.0012,,,,66526.0,20260515,20260515
600328.SH,20260808,许明,G,IN,13500.0,0.0009,,,,67763.0,20260519,20260605
600328.SH,20260808,赵生强,G,IN,14200.0,0.001,,,,58740.0,20260518,20260527
600328.SH,20260808,邵正军,G,IN,15400.0,0.0011,,,,15400.0,20260520,20260521
600328.SH,20260808,郭国庆,G,IN,14600.0,0.001,,,,59140.0,20260518,20260707
600328.SH,20260808,陈云泉,G,IN,14500.0,0.001,,,,93184.0,20260519,20260526
600328.SH,20260808,王广斌,G,IN,15300.0,0.001,,,,93984.0,20260604,20260623
600328.SH,20260808,周杰,G,IN,26200.0,0.0018,,,,144470.0,20260518,20260707
920792.BJ,20260808,毕一明,G,DE,19813.0,0.0195,4464825.0,4.3934,11.6709,17909411.0,20260508,20260807
920014.BJ,20260808,王昊,G,DE,1151700.0,1.7177,335266.0,0.5,9.068,4941066.0,20260710,20260807
301008.SZ,20260808,吴红平,G,DE,22500.0,0.0195,67500.0,0.0584,39.81,67500.0,20260616,20260807
001277.SZ,20260808,谢立智,G,IN,6500.0,0.0143,,0.1876,,394068.0,20260806,20260806
603153.SH,20260808,上海见理企业咨询合伙企业(有限合伙),C,DE,233400.0,0.0578,,,,3780151.0,20260526,20260806
603153.SH,20260808,上海见叶企业咨询合伙企业(有限合伙),C,DE,471600.0,0.1168,,,,4631751.0,20260526,20260806
603153.SH,20260808,上海见筠企业咨询合伙企业(有限合伙),C,DE,490532.0,0.1215,4659819.0,1.154,,4659819.0,20260526,20260806
603153.SH,20260808,上海见盛企业咨询合伙企业(有限合伙),C,DE,274200.0,0.0679,5061151.0,1.2534,,5061151.0,20260526,20260806
603153.SH,20260808,上海见鑫企业咨询合伙企业(有限合伙),C,DE,367100.0,0.0909,6174151.0,1.5291,,6174151.0,20260526,20260806
603153.SH,20260808,上海见慧企业咨询合伙企业(有限合伙),C,DE,380000.0,0.0941,8337251.0,2.0648,,8337251.0,20260526,20260806
603668.SH,20260808,陈庆昌,G,DE,1993912.0,0.3942,0.0,,,0.0,20260806,20260806
603668.SH,20260808,陈庆堂,G,DE,2079913.0,0.4112,94270000.0,18.6379,,94270000.0,20260805,20260805
688097.SH,20260808,黄良之,G,DE,26103.0,0.0059,,,65.7928,100918.0,20260525,20260617
688097.SH,20260808,蒋健,G,DE,28869.0,0.0065,,,70.5,86608.0,20260605,20260605
002024.SZ,20260808,黄巍,G,IN,121000.0,0.0013,,,1.2397,326700.0,20260527,20260807
002024.SZ,20260808,周斌,G,IN,162700.0,0.0018,,,1.2299,419700.0,20260527,20260807
002698.SZ,20260808,联创未来(武汉)智能制造产业投资合伙企业(有限合伙),C,DE,8173031.0,0.9682,83823082.0,9.93,,83823082.0,20260730,20260807
688097.SH,20260808,苏州众二股权投资合伙企业(有限合伙),C,DE,2684489.0,0.601,110672890.0,24.7786,,110672890.0,20260616,20260807
000009.SZ,20260808,深圳市承兴投资有限公司,C,IN,21921200.0,0.851,557192266.0,21.63,,557192266.0,20260803,20260807
002637.SZ,20260808,方银军,P,DE,281800.0,0.0606,23520040.0,5.0583,,23520040.0,20260803,20260806
920422.BJ,20260808,熊新国,G,DE,766910.0,1.1581,1858090.0,2.8058,,9733090.0,20260730,20260807
601133.SH,20260808,无锡荣基企业管理合伙企业(有限合伙),C,DE,2032400.0,0.3876,12967600.0,2.4729,,12967600.0,20260806,20260806
002266.SZ,20260808,叶标,P,DE,52192700.0,1.0778,492291617.0,10.1659,,492291617.0,20260723,20260806
002558.SZ,20260808,上海腾澎投资合伙企业(有限合伙),C,DE,18935561.0,0.9963,176639115.0,9.294,,176639115.0,20260716,20260807
002873.SZ,20260808,上海新天智药生物技术有限公司,C,DE,4655000.0,1.9421,61480566.0,25.65,,61480566.0,20260803,20260806
920504.BJ,20260808,应芸,G,DE,25000.0,0.1463,,,17.0571,75000.0,20260803,20260806
920493.BJ,20260808,银杏华清投资基金管理(北京)有限公司,C,DE,37067.0,0.083,529269.0,1.1857,,529269.0,20260805,20260807
920493.BJ,20260808,清控银杏南通创业投资基金合伙企业(有限合伙),C,DE,59900.0,0.1342,1663851.0,3.7275,,1663851.0,20260805,20260807
603057.SH,20260808,宁国筑巢企业管理咨询服务合伙企业(有限合伙),C,DE,82100.0,0.0199,,,22.1,2657543.0,20260807,20260807
688063.SH,20260808,派锂(宁波)创业投资合伙企业(有限合伙),C,DE,54021.0,0.022,12268166.0,5.0001,,12268166.0,20260806,20260806
688692.SH,20260808,中电金投控股有限公司,C,IN,2217000.0,2.9893,4481758.0,6.043,,9115700.0,20260806,20260806
688060.SH,20260808,张奎,G,DE,120000.0,0.1994,3520000.0,5.8481,,3520000.0,20260806,20260806
688147.SH,20260808,无锡聚海盈管理咨询合伙企业(有限合伙),C,DE,4644600.0,1.0,32377521.0,6.971,96.6874,32377521.0,20260731,20260807
600797.SH,20260808,浙江网新集团有限公司,C,DE,3100000.0,0.3017,61650000.0,5.9998,,61650000.0,20260617,20260806
600875.SH,20260808,李建华,G,DE,15500.0,0.0007,46500.0,0.0017,,46500.0,20260506,20260805
603057.SH,20260808,宁国衔泥企业管理咨询服务合伙企业(有限合伙),C,DE,178000.0,0.0432,,,22.75,2561643.0,20260731,20260805
002800.SZ,20260808,王普宇,P,DE,217700.0,0.1473,3246600.0,2.196,11.26,3246600.0,20260731,20260731
002800.SZ,20260808,王普宇,P,DE,200000.0,0.1353,3464300.0,2.3432,11.1,3464300.0,20260729,20260729
002800.SZ,20260808,王普宇,P,DE,726000.0,0.4911,3664300.0,2.4785,10.51,3664300.0,20260727,20260727
600328.SH,20260808,王以飞,G,IN,21300.0,0.0015,,,,49040.0,20260521,20260807
600328.SH,20260808,刘伟国,G,IN,19000.0,0.0013,,,,98684.0,20260525,20260803
600328.SH,20260808,程序,G,IN,18000.0,0.0012,,,,66526.0,20260515,20260515
600328.SH,20260808,许明,G,IN,13500.0,0.0009,,,,67763.0,20260519,20260605
600328.SH,20260808,赵生强,G,IN,14200.0,0.001,,,,58740.0,20260518,20260527
600328.SH,20260808,邵正军,G,IN,15400.0,0.0011,,,,15400.0,20260520,20260521
600328.SH,20260808,郭国庆,G,IN,14600.0,0.001,,,,59140.0,20260518,20260707
600328.SH,20260808,陈云泉,G,IN,14500.0,0.001,,,,93184.0,20260519,20260526
600328.SH,20260808,王广斌,G,IN,15300.0,0.001,,,,93984.0,20260604,20260623
600328.SH,20260808,周杰,G,IN,26200.0,0.0018,,,,144470.0,20260518,20260707
920792.BJ,20260808,毕一明,G,DE,19813.0,0.0195,4464825.0,4.3934,11.6709,17909411.0,20260508,20260807
920014.BJ,20260808,王昊,G,DE,1151700.0,1.7177,335266.0,0.5,9.068,4941066.0,20260710,20260807
301008.SZ,20260808,吴红平,G,DE,22500.0,0.0195,67500.0,0.0584,39.81,67500.0,20260616,20260807
001277.SZ,20260808,谢立智,G,IN,6500.0,0.0143,,0.1876,,394068.0,20260806,20260806
603153.SH,20260808,上海见理企业咨询合伙企业(有限合伙),C,DE,233400.0,0.0578,,,,3780151.0,20260526,20260806
603153.SH,20260808,上海见叶企业咨询合伙企业(有限合伙),C,DE,471600.0,0.1168,,,,4631751.0,20260526,20260806
603153.SH,20260808,上海见筠企业咨询合伙企业(有限合伙),C,DE,490532.0,0.1215,4659819.0,1.154,,4659819.0,20260526,20260806
603153.SH,20260808,上海见盛企业咨询合伙企业(有限合伙),C,DE,274200.0,0.0679,5061151.0,1.2534,,5061151.0,20260526,20260806
603153.SH,20260808,上海见鑫企业咨询合伙企业(有限合伙),C,DE,367100.0,0.0909,6174151.0,1.5291,,6174151.0,20260526,20260806
603153.SH,20260808,上海见慧企业咨询合伙企业(有限合伙),C,DE,380000.0,0.0941,8337251.0,2.0648,,8337251.0,20260526,20260806
603668.SH,20260808,陈庆昌,G,DE,1993912.0,0.3942,0.0,,,0.0,20260806,20260806
603668.SH,20260808,陈庆堂,G,DE,2079913.0,0.4112,94270000.0,18.6379,,94270000.0,20260805,20260805
688097.SH,20260808,黄良之,G,DE,26103.0,0.0059,,,65.7928,100918.0,20260525,20260617
688097.SH,20260808,蒋健,G,DE,28869.0,0.0065,,,70.5,86608.0,20260605,20260605
002024.SZ,20260808,黄巍,G,IN,121000.0,0.0013,,,1.2397,326700.0,20260527,20260807
002024.SZ,20260808,周斌,G,IN,162700.0,0.0018,,,1.2299,419700.0,20260527,20260807
002698.SZ,20260808,联创未来(武汉)智能制造产业投资合伙企业(有限合伙),C,DE,8173031.0,0.9682,83823082.0,9.93,,83823082.0,20260730,20260807
688097.SH,20260808,苏州众二股权投资合伙企业(有限合伙),C,DE,2684489.0,0.601,110672890.0,24.7786,,110672890.0,20260616,20260807
000009.SZ,20260808,深圳市承兴投资有限公司,C,IN,21921200.0,0.851,557192266.0,21.63,,557192266.0,20260803,20260807
002637.SZ,20260808,方银军,P,DE,281800.0,0.0606,23520040.0,5.0583,,23520040.0,20260803,20260806
920422.BJ,20260808,熊新国,G,DE,766910.0,1.1581,1858090.0,2.8058,,9733090.0,20260730,20260807
601133.SH,20260808,无锡荣基企业管理合伙企业(有限合伙),C,DE,2032400.0,0.3876,12967600.0,2.4729,,12967600.0,20260806,20260806
002266.SZ,20260808,叶标,P,DE,52192700.0,1.0778,492291617.0,10.1659,,492291617.0,20260723,20260806
002558.SZ,20260808,上海腾澎投资合伙企业(有限合伙),C,DE,18935561.0,0.9963,176639115.0,9.294,,176639115.0,20260716,20260807
002873.SZ,20260808,上海新天智药生物技术有限公司,C,DE,4655000.0,1.9421,61480566.0,25.65,,61480566.0,20260803,20260806
920504.BJ,20260808,应芸,G,DE,25000.0,0.1463,,,17.0571,75000.0,20260803,20260806
920493.BJ,20260808,银杏华清投资基金管理(北京)有限公司,C,DE,37067.0,0.083,529269.0,1.1857,,529269.0,20260805,20260807
920493.BJ,20260808,清控银杏南通创业投资基金合伙企业(有限合伙),C,DE,59900.0,0.1342,1663851.0,3.7275,,1663851.0,20260805,20260807
603057.SH,20260808,宁国筑巢企业管理咨询服务合伙企业(有限合伙),C,DE,82100.0,0.0199,,,22.1,2657543.0,20260807,20260807
688063.SH,20260808,派锂(宁波)创业投资合伙企业(有限合伙),C,DE,54021.0,0.022,12268166.0,5.0001,,12268166.0,20260806,20260806
688692.SH,20260808,中电金投控股有限公司,C,IN,2217000.0,2.9893,4481758.0,6.043,,9115700.0,20260806,20260806
688060.SH,20260808,张奎,G,DE,120000.0,0.1994,3520000.0,5.8481,,3520000.0,20260806,20260806
688147.SH,20260808,无锡聚海盈管理咨询合伙企业(有限合伙),C,DE,4644600.0,1.0,32377521.0,6.971,96.6874,32377521.0,20260731,20260807
600797.SH,20260808,浙江网新集团有限公司,C,DE,3100000.0,0.3017,61650000.0,5.9998,,61650000.0,20260617,20260806
600875.SH,20260808,李建华,G,DE,15500.0,0.0007,46500.0,0.0017,,46500.0,20260506,20260805
603057.SH,20260808,宁国衔泥企业管理咨询服务合伙企业(有限合伙),C,DE,178000.0,0.0432,,,22.75,2561643.0,20260731,20260805
002800.SZ,20260808,王普宇,P,DE,217700.0,0.1473,3246600.0,2.196,11.26,3246600.0,20260731,20260731
002800.SZ,20260808,王普宇,P,DE,200000.0,0.1353,3464300.0,2.3432,11.1,3464300.0,20260729,20260729
002800.SZ,20260808,王普宇,P,DE,726000.0,0.4911,3664300.0,2.4785,10.51,3664300.0,20260727,20260727
301008.SZ,20260808,吴红平,G,DE,22500.0,0.0195,67500.0,0.0584,39.81,67500.0,20260616,20260807
603668.SH,20260808,陈庆堂,G,DE,2079913.0,0.4112,94270000.0,18.6379,,94270000.0,20260805,20260805
688063.SH,20260808,派锂(宁波)创业投资合伙企业(有限合伙),C,DE,54021.0,0.022,12268166.0,5.0001,,12268166.0,20260806,20260806
002800.SZ,20260808,王普宇,P,DE,217700.0,0.1473,3246600.0,2.196,11.26,3246600.0,20260731,20260731
002800.SZ,20260808,王普宇,P,DE,200000.0,0.1353,3464300.0,2.3432,11.1,3464300.0,20260729,20260729
002800.SZ,20260808,王普宇,P,DE,726000.0,0.4911,3664300.0,2.4785,10.51,3664300.0,20260727,20260727
603153.SH,20260808,上海见理企业咨询合伙企业(有限合伙),C,DE,233400.0,0.0578,,,,3780151.0,20260526,20260806
603153.SH,20260808,上海见叶企业咨询合伙企业(有限合伙),C,DE,471600.0,0.1168,,,,4631751.0,20260526,20260806
688097.SH,20260808,黄良之,G,DE,26103.0,0.0059,,,65.7928,100918.0,20260525,20260617
688097.SH,20260808,蒋健,G,DE,28869.0,0.0065,,,70.5,86608.0,20260605,20260605
002800.SZ,20260808,王普宇,P,DE,1143700.0,0.7736,3246600.0,2.196,,3246600.0,20260727,20260731
002024.SZ,20260808,黄巍,G,IN,121000.0,0.0013,,,1.2397,326700.0,20260527,20260807
002024.SZ,20260808,周斌,G,IN,162700.0,0.0018,,,1.2299,419700.0,20260527,20260807
002698.SZ,20260808,联创未来(武汉)智能制造产业投资合伙企业(有限合伙),C,DE,8173031.0,0.9682,83823082.0,9.93,,83823082.0,20260730,20260807
688097.SH,20260808,苏州众二股权投资合伙企业(有限合伙),C,DE,2684489.0,0.601,110672890.0,24.7786,,110672890.0,20260616,20260807
920422.BJ,20260808,熊新国,G,DE,766910.0,1.1581,1858090.0,2.8058,,9733090.0,20260730,20260807
920504.BJ,20260808,应芸,G,DE,25000.0,0.1463,,,17.0571,75000.0,20260803,20260806
603057.SH,20260808,宁国筑巢企业管理咨询服务合伙企业(有限合伙),C,DE,82100.0,0.0199,,,22.1,2657543.0,20260807,20260807
688063.SH,20260808,派锂(宁波)创业投资合伙企业(有限合伙),C,DE,54021.0,0.022,12268166.0,5.0001,,12268166.0,20260325,20260806
688692.SH,20260808,中电金投控股有限公司,C,IN,2217000.0,2.9893,4481758.0,6.043,,9115700.0,20260806,20260806
688060.SH,20260808,张奎,G,DE,120000.0,0.1994,3520000.0,5.8481,,3520000.0,20260806,20260806
688147.SH,20260808,无锡聚海盈管理咨询合伙企业(有限合伙),C,DE,4644600.0,1.0,32377521.0,6.971,96.6874,32377521.0,20260731,20260807
603057.SH,20260808,宁国衔泥企业管理咨询服务合伙企业(有限合伙),C,DE,178000.0,0.0432,,,22.75,2561643.0,20260731,20260805
301008.SZ,20260808,吴红平,G,DE,22500.0,0.0195,67500.0,0.0584,39.81,67500.0,20260616,20260807
000009.SZ,20260808,深圳市承兴投资有限公司,C,IN,21921200.0,0.851,557192266.0,21.63,,557192266.0,20260803,20260807
002637.SZ,20260808,方银军,P,DE,281800.0,0.0606,23520040.0,5.0583,,23520040.0,20260803,20260806
920422.BJ,20260808,熊新国,G,DE,766910.0,1.1581,1858090.0,2.8058,,9733090.0,20260730,20260807
601133.SH,20260808,无锡荣基企业管理合伙企业(有限合伙),C,DE,2032400.0,0.3876,12967600.0,2.4729,,12967600.0,20260806,20260806
002266.SZ,20260808,叶标,P,DE,52192700.0,1.0778,492291617.0,10.1659,,492291617.0,20260723,20260806
002558.SZ,20260808,上海腾澎投资合伙企业(有限合伙),C,DE,18935561.0,0.9963,176639115.0,9.294,,176639115.0,20260716,20260807
002873.SZ,20260808,上海新天智药生物技术有限公司,C,DE,4655000.0,1.9421,61480566.0,25.65,,61480566.0,20260803,20260806
920504.BJ,20260808,应芸,G,DE,25000.0,0.1463,,,17.0571,75000.0,20260803,20260806
920493.BJ,20260808,银杏华清投资基金管理(北京)有限公司,C,DE,37067.0,0.083,529269.0,1.1857,,529269.0,20260805,20260807
920493.BJ,20260808,清控银杏南通创业投资基金合伙企业(有限合伙),C,DE,59900.0,0.1342,1663851.0,3.7275,,1663851.0,20260805,20260807
600328.SH,20260808,王以飞,G,IN,21300.0,0.0015,,,,49040.0,20260521,20260807
600328.SH,20260808,刘伟国,G,IN,19000.0,0.0013,,,,98684.0,20260525,20260803
600328.SH,20260808,程序,G,IN,18000.0,0.0012,,,,66526.0,20260515,20260515
600328.SH,20260808,许明,G,IN,13500.0,0.0009,,,,67763.0,20260519,20260605
600328.SH,20260808,赵生强,G,IN,14200.0,0.001,,,,58740.0,20260518,20260527
600328.SH,20260808,邵正军,G,IN,15400.0,0.0011,,,,15400.0,20260520,20260521
600328.SH,20260808,郭国庆,G,IN,14600.0,0.001,,,,59140.0,20260518,20260707
600328.SH,20260808,陈云泉,G,IN,14500.0,0.001,,,,93184.0,20260519,20260526
600328.SH,20260808,王广斌,G,IN,15300.0,0.001,,,,93984.0,20260604,20260623
600328.SH,20260808,周杰,G,IN,26200.0,0.0018,,,,144470.0,20260518,20260707
920792.BJ,20260808,毕一明,G,DE,19813.0,0.0195,4464825.0,4.3934,11.6709,17909411.0,20260508,20260807
920014.BJ,20260808,王昊,G,DE,1151700.0,1.7177,335266.0,0.5,9.068,4941066.0,20260710,20260807
301008.SZ,20260808,吴红平,G,DE,22500.0,0.0195,67500.0,0.0584,39.81,67500.0,20260616,20260807
001277.SZ,20260808,谢立智,G,IN,6500.0,0.0143,,0.1876,,394068.0,20260806,20260806
603153.SH,20260808,上海见理企业咨询合伙企业(有限合伙),C,DE,233400.0,0.0578,,,,3780151.0,20260526,20260806
603153.SH,20260808,上海见叶企业咨询合伙企业(有限合伙),C,DE,471600.0,0.1168,,,,4631751.0,20260526,20260806
603153.SH,20260808,上海见筠企业咨询合伙企业(有限合伙),C,DE,490532.0,0.1215,4659819.0,1.154,,4659819.0,20260526,20260806
603153.SH,20260808,上海见盛企业咨询合伙企业(有限合伙),C,DE,274200.0,0.0679,5061151.0,1.2534,,5061151.0,20260526,20260806
603153.SH,20260808,上海见鑫企业咨询合伙企业(有限合伙),C,DE,367100.0,0.0909,6174151.0,1.5291,,6174151.0,20260526,20260806
603153.SH,20260808,上海见慧企业咨询合伙企业(有限合伙),C,DE,380000.0,0.0941,8337251.0,2.0648,,8337251.0,20260526,20260806
603668.SH,20260808,陈庆昌,G,DE,1993912.0,0.3942,0.0,,,0.0,20260806,20260806
603668.SH,20260808,陈庆堂,G,DE,2079913.0,0.4112,94270000.0,18.6379,,94270000.0,20260805,20260805
600797.SH,20260808,浙江网新集团有限公司,C,DE,3100000.0,0.3017,61650000.0,5.9998,,61650000.0,20260617,20260806
600875.SH,20260808,李建华,G,DE,15500.0,0.0007,46500.0,0.0017,,46500.0,20260506,20260805
300183.SZ,20260807,广东南海产业集团有限公司,C,IN,2734600.0,0.737,13175275.0,3.551,,13175275.0,20260729,20260806
301332.SZ,20260807,磐茂(上海)投资中心(有限合伙),C,DE,4450000.0,1.6803,58168875.0,21.9638,,58168875.0,20260806,20260807
688702.SH,20260807,国家集成电路产业投资基金股份有限公司,C,DE,4100000.0,2.0198,41000200.0,20.198,,41000200.0,20260721,20260806
002999.SZ,20260807,刘勇峰,G,DE,10000.0,0.0029,78594.0,0.0229,,344375.0,20260511,20260511
603350.SH,20260807,盛晓兰,G,IN,15000.0,0.034,15000.0,0.034,,15000.0,20260805,20260806
000858.SZ,20260807,四川省宜宾五粮液集团有限公司,C,IN,1295300.0,0.0334,803914577.0,20.7114,77.2009,803914577.0,20260521,20260806
603083.SH,20260807,上海康令科技合伙企业(有限合伙),C,DE,1455300.0,0.5281,4395176.0,1.1935,,4395176.0,20260513,20260707
603083.SH,20260807,Cambridge Industries Company Limited,C,DE,2483000.0,0.901,29542735.0,8.0225,,29542735.0,20260529,20260624
301380.SZ,20260807,陈坤,P,DE,341900.0,0.4235,15429624.0,19.1106,,15429624.0,20260805,20260805
603052.SH,20260807,施惠庆,G,DE,90000.0,0.0479,53443328.0,28.4428,,53443328.0,20260803,20260806
002811.SZ,20260807,深圳市亚泰一兆投资有限公司,C,DE,2767500.0,0.9793,130200417.0,47.0538,,130200417.0,20260730,20260805
000932.SZ,20260807,湖南钢铁集团有限公司,C,IN,20913000.0,0.3052,2367866563.0,34.5542,,2367866563.0,20260723,20260806
002278.SZ,20260807,王祥伟,P,DE,100000.0,0.0301,22461561.0,6.7502,11.12,22461561.0,20260511,20260511
603823.SH,20260807,百合花控股有限公司,C,DE,3125120.0,0.7506,259777741.0,62.3914,,259777741.0,20260714,20260806
300599.SZ,20260807,黄锦禧,G,DE,2272000.0,0.7189,68130700.0,21.5591,,68130700.0,20260804,20260805
688113.SH,20260807,黄冰溶,G,DE,17500.0,0.0272,4350087.0,6.755,,4350087.0,20260506,20260805
688113.SH,20260807,张辉,G,DE,53060.0,0.0824,2802440.0,4.3518,,2802440.0,20260506,20260805
688113.SH,20260807,李辉,G,DE,22444.0,0.0349,4413161.0,6.853,,4413161.0,20260506,20260805
688115.SH,20260807,深圳市鸿盛泰壹号创业投资合伙企业(有限合伙),C,DE,466700.0,0.5,5345400.0,5.7269,,5345400.0,20260806,20260806
920415.BJ,20260807,刘瑾,G,DE,22500.0,0.0208,,,9.2409,67500.0,20260804,20260805
920415.BJ,20260807,潘小玲,G,DE,87950.0,0.0813,,,9.3123,263850.0,20260805,20260805
920415.BJ,20260807,刘德永,G,DE,284679.0,0.263,,,9.172,909321.0,20260731,20260805
920415.BJ,20260807,牟轶,G,DE,62500.0,0.0577,,,9.3319,187500.0,20260805,20260805
300700.SZ,20260807,段志明,G,DE,2763200.0,0.7775,1318274.0,0.3709,,40316364.0,20260803,20260806
300417.SZ,20260807,杨伟光,G,DE,390000.0,0.4666,1755235.0,2.0998,10.54,8190940.0,20260803,20260806
300650.SZ,20260807,苏芳,P,DE,952700.0,0.5593,12070180.0,7.0857,,12070180.0,20260731,20260806
300127.SZ,20260807,成都市银河工业(集团)有限公司,C,DE,708100.0,0.3068,95596430.0,41.4167,28.37,95596430.0,20260622,20260806
300563.SZ,20260807,陈宏,G,DE,122500.0,0.0967,0.0,,24.1,367500.0,20260806,20260806
301580.SZ,20260807,苏州君联欣康创业投资合伙企业(有限合伙),C,DE,213280.0,0.2116,3681619.0,3.6523,,3681619.0,20260709,20260806
301580.SZ,20260807,康拓有限公司,C,DE,1320320.0,1.3098,5227539.0,5.186,,5227539.0,20260709,20260806
301312.SZ,20260807,邱鹏,G,DE,600000.0,0.7078,12285605.0,14.4922,,53684960.0,20260807,20260807
301312.SZ,20260807,关巍,G,DE,400000.0,0.4718,8807092.0,10.3889,,38450128.0,20260807,20260807
301312.SZ,20260807,黄剑锋,G,DE,200000.0,0.2359,3487787.0,4.1142,,16191934.0,20260807,20260807
300263.SZ,20260807,李明强,G,DE,5960000.0,0.611,400.0,0.0,,29881600.0,20260703,20260807
300263.SZ,20260807,田国华,G,DE,70000.0,0.0072,700.0,0.0001,16.59,212800.0,20260702,20260807
300263.SZ,20260807,张源远,G,DE,95000.0,0.0097,0.0,,15.83,285000.0,20260702,20260807
300263.SZ,20260807,李江文,G,DE,198000.0,0.0203,844.0,0.0001,16.19,597375.0,20260702,20260807
601966.SH,20260807,玲珑集团有限公司,C,IN,878400.0,0.06,604202922.0,41.2847,,604202922.0,20260720,20260806
600446.SH,20260807,赵剑,G,DE,1117500.0,0.1187,60676238.0,6.4462,,60676238.0,20260506,20260805
600731.SH,20260807,湖南海利高新技术产业集团有限公司,C,IN,5538600.0,1.0225,138463149.0,25.5617,,138463149.0,20260730,20260805
603269.SH,20260807,金敖大,G,DE,2854900.0,0.6609,51082701.0,11.8262,,51082701.0,20260805,20260805
600866.SH,20260807,宁夏伊品投资集团有限公司,C,DE,19000000.0,1.1436,147147329.0,8.8564,,147147329.0,20260730,20260805
002923.SZ,20260807,李希,P,DE,2720000.0,1.0539,76505382.0,29.6435,,76505382.0,20260804,20260805
300183.SZ,20260807,广东南海产业集团有限公司,C,IN,2734600.0,0.737,13175275.0,3.551,,13175275.0,20260729,20260806
301332.SZ,20260807,磐茂(上海)投资中心(有限合伙),C,DE,4450000.0,1.6803,58168875.0,21.9638,,58168875.0,20260806,20260807
688702.SH,20260807,国家集成电路产业投资基金股份有限公司,C,DE,4100000.0,2.0198,41000200.0,20.198,,41000200.0,20260721,20260806
002999.SZ,20260807,刘勇峰,G,DE,10000.0,0.0029,78594.0,0.0229,,344375.0,20260511,20260511
603350.SH,20260807,盛晓兰,G,IN,15000.0,0.034,15000.0,0.034,,15000.0,20260805,20260806
000858.SZ,20260807,四川省宜宾五粮液集团有限公司,C,IN,1295300.0,0.0334,803914577.0,20.7114,77.2009,803914577.0,20260521,20260806
603083.SH,20260807,上海康令科技合伙企业(有限合伙),C,DE,1455300.0,0.5281,4395176.0,1.1935,,4395176.0,20260513,20260707
603083.SH,20260807,Cambridge Industries Company Limited,C,DE,2483000.0,0.901,29542735.0,8.0225,,29542735.0,20260529,20260624
301380.SZ,20260807,陈坤,P,DE,341900.0,0.4235,15429624.0,19.1106,,15429624.0,20260805,20260805
603052.SH,20260807,施惠庆,G,DE,90000.0,0.0479,53443328.0,28.4428,,53443328.0,20260803,20260806
002811.SZ,20260807,深圳市亚泰一兆投资有限公司,C,DE,2767500.0,0.9793,130200417.0,47.0538,,130200417.0,20260730,20260805
000932.SZ,20260807,湖南钢铁集团有限公司,C,IN,20913000.0,0.3052,2367866563.0,34.5542,,2367866563.0,20260723,20260806
002278.SZ,20260807,王祥伟,P,DE,100000.0,0.0301,22461561.0,6.7502,11.12,22461561.0,20260511,20260511
603823.SH,20260807,百合花控股有限公司,C,DE,3125120.0,0.7506,259777741.0,62.3914,,259777741.0,20260714,20260806
300599.SZ,20260807,黄锦禧,G,DE,2272000.0,0.7189,68130700.0,21.5591,,68130700.0,20260804,20260805
688113.SH,20260807,黄冰溶,G,DE,17500.0,0.0272,4350087.0,6.755,,4350087.0,20260506,20260805
688113.SH,20260807,张辉,G,DE,53060.0,0.0824,2802440.0,4.3518,,2802440.0,20260506,20260805
688113.SH,20260807,李辉,G,DE,22444.0,0.0349,4413161.0,6.853,,4413161.0,20260506,20260805
688115.SH,20260807,深圳市鸿盛泰壹号创业投资合伙企业(有限合伙),C,DE,466700.0,0.5,5345400.0,5.7269,,5345400.0,20260806,20260806
920415.BJ,20260807,刘瑾,G,DE,22500.0,0.0208,,,9.2409,67500.0,20260804,20260805
920415.BJ,20260807,潘小玲,G,DE,87950.0,0.0813,,,9.3123,263850.0,20260805,20260805
920415.BJ,20260807,刘德永,G,DE,284679.0,0.263,,,9.172,909321.0,20260731,20260805
920415.BJ,20260807,牟轶,G,DE,62500.0,0.0577,,,9.3319,187500.0,20260805,20260805
300700.SZ,20260807,段志明,G,DE,2763200.0,0.7775,1318274.0,0.3709,,40316364.0,20260803,20260806
300417.SZ,20260807,杨伟光,G,DE,390000.0,0.4666,1755235.0,2.0998,10.54,8190940.0,20260803,20260806
300650.SZ,20260807,苏芳,P,DE,952700.0,0.5593,12070180.0,7.0857,,12070180.0,20260731,20260806
300127.SZ,20260807,成都市银河工业(集团)有限公司,C,DE,708100.0,0.3068,95596430.0,41.4167,28.37,95596430.0,20260622,20260806
300563.SZ,20260807,陈宏,G,DE,122500.0,0.0967,0.0,,24.1,367500.0,20260806,20260806
301580.SZ,20260807,苏州君联欣康创业投资合伙企业(有限合伙),C,DE,213280.0,0.2116,3681619.0,3.6523,,3681619.0,20260709,20260806
301580.SZ,20260807,康拓有限公司,C,DE,1320320.0,1.3098,5227539.0,5.186,,5227539.0,20260709,20260806
301312.SZ,20260807,邱鹏,G,DE,600000.0,0.7078,12285605.0,14.4922,,53684960.0,20260807,20260807
301312.SZ,20260807,关巍,G,DE,400000.0,0.4718,8807092.0,10.3889,,38450128.0,20260807,20260807
301312.SZ,20260807,黄剑锋,G,DE,200000.0,0.2359,3487787.0,4.1142,,16191934.0,20260807,20260807
300263.SZ,20260807,李明强,G,DE,5960000.0,0.611,400.0,0.0,,29881600.0,20260703,20260807
300263.SZ,20260807,田国华,G,DE,70000.0,0.0072,700.0,0.0001,16.59,212800.0,20260702,20260807
300263.SZ,20260807,张源远,G,DE,95000.0,0.0097,0.0,,15.83,285000.0,20260702,20260807
300263.SZ,20260807,李江文,G,DE,198000.0,0.0203,844.0,0.0001,16.19,597375.0,20260702,20260807
601966.SH,20260807,玲珑集团有限公司,C,IN,878400.0,0.06,604202922.0,41.2847,,604202922.0,20260720,20260806
600446.SH,20260807,赵剑,G,DE,1117500.0,0.1187,60676238.0,6.4462,,60676238.0,20260506,20260805
600731.SH,20260807,湖南海利高新技术产业集团有限公司,C,IN,5538600.0,1.0225,138463149.0,25.5617,,138463149.0,20260730,20260805
603269.SH,20260807,金敖大,G,DE,2854900.0,0.6609,51082701.0,11.8262,,51082701.0,20260805,20260805
600866.SH,20260807,宁夏伊品投资集团有限公司,C,DE,19000000.0,1.1436,147147329.0,8.8564,,147147329.0,20260730,20260805
002923.SZ,20260807,李希,P,DE,2720000.0,1.0539,76505382.0,29.6435,,76505382.0,20260804,20260805
301312.SZ,20260807,邱鹏,G,DE,600000.0,0.7078,12285605.0,14.4922,,53684960.0,20260807,20260807
301312.SZ,20260807,关巍,G,DE,400000.0,0.4718,8807092.0,10.3889,,38450128.0,20260807,20260807
301312.SZ,20260807,黄剑锋,G,DE,200000.0,0.2359,3487787.0,4.1142,,16191934.0,20260807,20260807
300263.SZ,20260807,李明强,G,DE,5960000.0,0.611,400.0,0.0,,29881600.0,20260703,20260807
300263.SZ,20260807,田国华,G,DE,70000.0,0.0072,700.0,0.0001,16.59,212800.0,20260702,20260807
300263.SZ,20260807,张源远,G,DE,95000.0,0.0097,0.0,,15.83,285000.0,20260702,20260807
300263.SZ,20260807,李江文,G,DE,198000.0,0.0203,844.0,0.0001,16.19,597375.0,20260702,20260807
603350.SH,20260807,盛晓兰,G,IN,15000.0,0.034,15000.0,0.034,,15000.0,20260805,20260806
300417.SZ,20260807,杨伟光,G,DE,390000.0,0.4666,1755235.0,2.0998,10.54,8190940.0,20260803,20260806
300563.SZ,20260807,陈宏,G,DE,122500.0,0.0967,0.0,,24.1,367500.0,20260806,20260806
300700.SZ,20260807,段志明,G,DE,2763200.0,0.7775,1318274.0,0.3709,,40316364.0,20260803,20260806
300263.SZ,20260807,李明强,G,DE,5960000.0,0.611,400.0,0.0,,29881600.0,20260703,20260807
300263.SZ,20260807,田国华,G,DE,70000.0,0.0072,700.0,0.0001,16.59,212800.0,20260702,20260807
300263.SZ,20260807,张源远,G,DE,95000.0,0.0097,0.0,,15.83,285000.0,20260702,20260807
300263.SZ,20260807,李江文,G,DE,198000.0,0.0203,844.0,0.0001,16.19,597375.0,20260702,20260807
300417.SZ,20260807,杨伟光,G,DE,390000.0,0.4666,1755235.0,2.0998,10.54,8190940.0,20260803,20260806
300650.SZ,20260807,苏芳,P,DE,952700.0,0.5593,12070180.0,7.0857,,12070180.0,20260731,20260806
300127.SZ,20260807,成都市银河工业(集团)有限公司,C,DE,708100.0,0.3068,95596430.0,41.4167,28.37,95596430.0,20260622,20260806
300563.SZ,20260807,陈宏,G,DE,122500.0,0.0967,0.0,,24.1,367500.0,20260806,20260806
301580.SZ,20260807,苏州君联欣康创业投资合伙企业(有限合伙),C,DE,213280.0,0.2116,3681619.0,3.6523,,3681619.0,20260709,20260806
301580.SZ,20260807,康拓有限公司,C,DE,1320320.0,1.3098,5227539.0,5.186,,5227539.0,20260709,20260806
301312.SZ,20260807,邱鹏,G,DE,600000.0,0.7078,12285605.0,14.4922,,53684960.0,20260807,20260807
301312.SZ,20260807,关巍,G,DE,400000.0,0.4718,8807092.0,10.3889,,38450128.0,20260807,20260807
301312.SZ,20260807,黄剑锋,G,DE,200000.0,0.2359,3487787.0,4.1142,,16191934.0,20260807,20260807
300263.SZ,20260807,李明强,G,DE,5960000.0,0.611,400.0,0.0,,29881600.0,20260703,20260807
300263.SZ,20260807,田国华,G,DE,70000.0,0.0072,700.0,0.0001,16.59,212800.0,20260702,20260807
300263.SZ,20260807,张源远,G,DE,95000.0,0.0097,0.0,,15.83,285000.0,20260702,20260807
300263.SZ,20260807,李江文,G,DE,198000.0,0.0203,844.0,0.0001,16.19,597375.0,20260702,20260807
300183.SZ,20260807,广东南海产业集团有限公司,C,IN,2734600.0,0.737,13175275.0,3.551,,13175275.0,20260729,20260806
301332.SZ,20260807,磐茂(上海)投资中心(有限合伙),C,DE,4450000.0,1.6803,58168875.0,21.9638,,58168875.0,20260806,20260807
600446.SH,20260807,赵剑,G,DE,1117500.0,0.1187,60676238.0,6.4462,,60676238.0,20260506,20260805
603269.SH,20260807,金敖大,G,DE,2854900.0,0.6609,51082701.0,11.8262,,51082701.0,20260805,20260805
688702.SH,20260807,国家集成电路产业投资基金股份有限公司,C,DE,4100000.0,2.0198,41000200.0,20.198,,41000200.0,20260721,20260806
002999.SZ,20260807,刘勇峰,G,DE,10000.0,0.0029,78594.0,0.0229,,344375.0,20260511,20260511
603350.SH,20260807,盛晓兰,G,IN,15000.0,0.034,15000.0,0.034,,15000.0,20260805,20260806
000858.SZ,20260807,四川省宜宾五粮液集团有限公司,C,IN,1295300.0,0.0334,803914577.0,20.7114,77.2009,803914577.0,20260521,20260806
000932.SZ,20260807,湖南钢铁集团有限公司,C,IN,20913000.0,0.3052,2367866563.0,34.5542,,2367866563.0,20260723,20260806
300599.SZ,20260807,黄锦禧,G,DE,2272000.0,0.7189,68130700.0,21.5591,,68130700.0,20260804,20260805
688113.SH,20260807,黄冰溶,G,DE,17500.0,0.0272,4350087.0,6.755,,4350087.0,20260506,20260805
688113.SH,20260807,张辉,G,DE,53060.0,0.0824,2802440.0,4.3518,,2802440.0,20260506,20260805
688113.SH,20260807,李辉,G,DE,22444.0,0.0349,4413161.0,6.853,,4413161.0,20260506,20260805
002999.SZ,20260807,刘勇峰,G,DE,10000.0,0.0029,78594.0,0.0229,,344375.0,20260511,20260511
603350.SH,20260807,盛晓兰,G,IN,15000.0,0.034,15000.0,0.034,,15000.0,20260805,20260806
000858.SZ,20260807,四川省宜宾五粮液集团有限公司,C,IN,2411300.0,0.0621,803914577.0,20.7114,82.7082,803914577.0,,20260806
603083.SH,20260807,上海康令科技合伙企业(有限合伙),C,DE,1455300.0,0.5281,4395176.0,1.1935,,4395176.0,20260513,20260707
603083.SH,20260807,Cambridge Industries Company Limited,C,DE,2483000.0,0.901,29542735.0,8.0225,,29542735.0,20260529,20260624
301380.SZ,20260807,陈坤,P,DE,341900.0,0.4235,15429624.0,19.1106,,15429624.0,20260805,20260805
603052.SH,20260807,施惠庆,G,DE,90000.0,0.0479,53443328.0,28.4428,,53443328.0,20260803,20260806
002811.SZ,20260807,深圳市亚泰一兆投资有限公司,C,DE,2767500.0,0.9793,130200417.0,47.0538,,130200417.0,20260730,20260805
000932.SZ,20260807,湖南钢铁集团有限公司,C,IN,20913000.0,0.3052,2367866563.0,34.5542,,2367866563.0,20260806,20260806
002278.SZ,20260807,王祥伟,P,DE,100000.0,0.0301,22461561.0,6.7502,11.12,22461561.0,20260511,20260511
603823.SH,20260807,百合花控股有限公司,C,DE,3125120.0,0.7506,259777741.0,62.3914,,259777741.0,20260714,20260806
300599.SZ,20260807,黄锦禧,G,DE,2272000.0,0.7189,68130700.0,21.5591,,68130700.0,20260804,20260805
688113.SH,20260807,黄冰溶,G,DE,17500.0,0.0272,4350087.0,6.755,,4350087.0,20260506,20260805
688113.SH,20260807,张辉,G,DE,53060.0,0.0824,2802440.0,4.3518,,2802440.0,20260506,20260805
688113.SH,20260807,李辉,G,DE,22444.0,0.0349,4413161.0,6.853,,4413161.0,20260506,20260805
920415.BJ,20260807,刘瑾,G,DE,22500.0,0.0208,,,9.2409,67500.0,20260804,20260805
920415.BJ,20260807,潘小玲,G,DE,87950.0,0.0813,,,9.3123,263850.0,20260805,20260805
920415.BJ,20260807,刘德永,G,DE,284679.0,0.263,,,9.172,909321.0,20260731,20260805
920415.BJ,20260807,牟轶,G,DE,62500.0,0.0577,,,9.3319,187500.0,20260805,20260805
688115.SH,20260807,深圳市鸿盛泰壹号创业投资合伙企业(有限合伙),C,DE,466700.0,0.5,5345400.0,5.7269,,5345400.0,20260806,20260806
920415.BJ,20260807,刘瑾,G,DE,22500.0,0.0208,,,9.2409,67500.0,20260804,20260805
920415.BJ,20260807,潘小玲,G,DE,87950.0,0.0813,,,9.3123,263850.0,20260805,20260805
920415.BJ,20260807,刘德永,G,DE,284679.0,0.263,,,9.172,909321.0,20260731,20260805
920415.BJ,20260807,牟轶,G,DE,62500.0,0.0577,,,9.3319,187500.0,20260805,20260805
601966.SH,20260807,玲珑集团有限公司,C,IN,878400.0,0.06,604202922.0,41.2847,,604202922.0,20260720,20260806
600446.SH,20260807,赵剑,G,DE,1117500.0,0.1187,60676238.0,6.4462,,60676238.0,20260506,20260805
600731.SH,20260807,湖南海利高新技术产业集团有限公司,C,IN,5538600.0,1.0225,138463149.0,25.5617,,138463149.0,20260730,20260805
603269.SH,20260807,金敖大,G,DE,2854900.0,0.6609,51082701.0,11.8262,,51082701.0,20260805,20260805
600866.SH,20260807,宁夏伊品投资集团有限公司,C,DE,19000000.0,1.1436,147147329.0,8.8564,,147147329.0,20260730,20260805
002923.SZ,20260807,李希,P,DE,2720000.0,1.0539,76505382.0,29.6435,,76505382.0,20260804,20260805
300144.SZ,20260806,QIAO LONG HUANG,P,DE,43000000.0,1.6656,42836643.0,1.6593,6.23,42836643.0,20260805,20260805
300482.SZ,20260806,王继华,G,IN,1156000.0,0.2688,,,17.3392,50750740.0,20260728,20260806
300144.SZ,20260806,刘萍,P,IN,43000000.0,1.6656,70910758.0,2.7468,6.23,70910758.0,20260805,20260805
301312.SZ,20260806,黄剑锋,G,DE,546929.0,0.6452,3687787.0,4.3501,,16391934.0,20260630,20260806
301312.SZ,20260806,关巍,G,DE,673920.0,0.795,9207092.0,10.8608,,38850128.0,20260630,20260806
301312.SZ,20260806,邱鹏,G,DE,914180.0,1.0784,12885605.0,15.2,,54284960.0,20260630,20260806
300165.SZ,20260806,广州立多虚拟现实科技合伙企业(有限合伙),C,DE,49600.0,0.0118,24775537.0,5.8914,5.0607,24775537.0,20260805,20260805
002498.SZ,20260806,青岛汉河集团股份有限公司,C,DE,20943440.0,0.6295,2193464576.0,65.9332,,2193464576.0,20260623,20260804
002531.SZ,20260806,REAL FUN HOLDINGS LIMITED,C,DE,18995353.0,1.0631,340380377.0,19.0499,,340380377.0,20260804,20260804
603161.SH,20260806,张宇,P,DE,40540.0,0.0213,9679846.0,5.0747,,9679846.0,20260729,20260804
002693.SZ,20260806,姚忠,G,DE,40500.0,0.0099,0.0,,,121500.0,20260804,20260804
920876.BJ,20260806,新余市慧创投资管理合伙企业(有限合伙),C,DE,464900.0,1.1845,6418043.0,16.3524,,6418043.0,20260724,20260804
002419.SZ,20260806,五龙贸易有限公司,C,DE,1386200.0,0.1215,57062811.0,5.0001,,57062811.0,20260430,20260804
603303.SH,20260806,浙江横润科技有限公司,C,DE,268900.0,0.0564,386016.0,0.0809,,386016.0,20260701,20260804
300144.SZ,20260806,QIAO LONG HUANG,P,DE,43000000.0,1.6656,42836643.0,1.6593,6.23,42836643.0,20260805,20260805
300482.SZ,20260806,王继华,G,IN,1156000.0,0.2688,,,17.3392,50750740.0,20260728,20260806
300144.SZ,20260806,刘萍,P,IN,43000000.0,1.6656,70910758.0,2.7468,6.23,70910758.0,20260805,20260805
301312.SZ,20260806,黄剑锋,G,DE,546929.0,0.6452,3687787.0,4.3501,,16391934.0,20260630,20260806
301312.SZ,20260806,关巍,G,DE,673920.0,0.795,9207092.0,10.8608,,38850128.0,20260630,20260806
301312.SZ,20260806,邱鹏,G,DE,914180.0,1.0784,12885605.0,15.2,,54284960.0,20260630,20260806
300165.SZ,20260806,广州立多虚拟现实科技合伙企业(有限合伙),C,DE,49600.0,0.0118,24775537.0,5.8914,5.0607,24775537.0,20260805,20260805
002498.SZ,20260806,青岛汉河集团股份有限公司,C,DE,20943440.0,0.6295,2193464576.0,65.9332,,2193464576.0,20260623,20260804
002531.SZ,20260806,REAL FUN HOLDINGS LIMITED,C,DE,18995353.0,1.0631,340380377.0,19.0499,,340380377.0,20260804,20260804
603161.SH,20260806,张宇,P,DE,40540.0,0.0213,9679846.0,5.0747,,9679846.0,20260729,20260804
002693.SZ,20260806,姚忠,G,DE,40500.0,0.0099,0.0,,,121500.0,20260804,20260804
920876.BJ,20260806,新余市慧创投资管理合伙企业(有限合伙),C,DE,464900.0,1.1845,6418043.0,16.3524,,6418043.0,20260724,20260804
002419.SZ,20260806,五龙贸易有限公司,C,DE,1386200.0,0.1215,57062811.0,5.0001,,57062811.0,20260430,20260804
603303.SH,20260806,浙江横润科技有限公司,C,DE,268900.0,0.0564,386016.0,0.0809,,386016.0,20260701,20260804
300482.SZ,20260806,王继华,G,IN,1156000.0,0.2688,,,17.3392,50750740.0,20260728,20260806
301312.SZ,20260806,黄剑锋,G,DE,546929.0,0.6452,3687787.0,4.3501,,16391934.0,20260630,20260806
301312.SZ,20260806,关巍,G,DE,673920.0,0.795,9207092.0,10.8608,,38850128.0,20260630,20260806
301312.SZ,20260806,邱鹏,G,DE,914180.0,1.0784,12885605.0,15.2,,54284960.0,20260630,20260806
300482.SZ,20260806,王继华,G,IN,1156000.0,0.2688,,1.6031,17.3392,50750740.0,20260728,20260806
300165.SZ,20260806,广州立多虚拟现实科技合伙企业(有限合伙),C,DE,49600.0,0.0118,24775537.0,5.8914,5.0607,24775537.0,20260805,20260805
002693.SZ,20260806,姚忠,G,DE,40500.0,0.0099,0.0,,,121500.0,20260804,20260804
300144.SZ,20260806,QIAO LONG HUANG,P,DE,43000000.0,1.6656,42836643.0,1.6593,6.23,42836643.0,20260805,20260805
300482.SZ,20260806,王继华,G,IN,1156000.0,0.2688,,1.6031,17.3392,50750740.0,20260728,20260806
300144.SZ,20260806,刘萍,P,IN,43000000.0,1.6656,70910758.0,2.7468,6.23,70910758.0,20260805,20260805
301312.SZ,20260806,黄剑锋,G,DE,546929.0,0.6452,3687787.0,4.3501,,16391934.0,20260630,20260806
301312.SZ,20260806,关巍,G,DE,673920.0,0.795,9207092.0,10.8608,,38850128.0,20260630,20260806
301312.SZ,20260806,邱鹏,G,DE,914180.0,1.0784,12885605.0,15.2,,54284960.0,20260630,20260806
301312.SZ,20260806,黄剑锋,G,DE,546929.0,0.6452,3687787.0,4.3501,,16391934.0,20260630,20260806
301312.SZ,20260806,关巍,G,DE,673920.0,0.795,9207092.0,10.8608,,38850128.0,20260630,20260806
301312.SZ,20260806,邱鹏,G,DE,914180.0,1.0784,12885605.0,15.2,,54284960.0,20260630,20260806
002531.SZ,20260806,REAL FUN HOLDINGS LIMITED,C,DE,18995353.0,1.0631,340380377.0,19.0499,,340380377.0,20260804,20260804
603161.SH,20260806,张宇,P,DE,40540.0,0.0213,9679846.0,5.0747,,9679846.0,20260729,20260804
002693.SZ,20260806,姚忠,G,DE,40500.0,0.0099,0.0,,,121500.0,20260804,20260804
920876.BJ,20260806,新余市慧创投资管理合伙企业(有限合伙),C,DE,464900.0,1.1845,6418043.0,16.3524,,6418043.0,20260724,20260804
002419.SZ,20260806,五龙贸易有限公司,C,DE,1386200.0,0.1215,57062811.0,5.0001,,57062811.0,20260430,20260804
603303.SH,20260806,浙江横润科技有限公司,C,DE,268900.0,0.0564,386016.0,0.0809,,386016.0,20260701,20260804
002498.SZ,20260806,青岛汉河集团股份有限公司,C,DE,20943440.0,0.6295,2193464576.0,65.9332,,2193464576.0,20260623,20260804
300506.SZ,20260805,中国新兴集团有限责任公司,C,DE,73100.0,0.0099,71206697.0,9.692,5.74,71206697.0,20260803,20260804
301332.SZ,20260805,磐茂(上海)投资中心(有限合伙),C,DE,6615600.0,2.498,62618875.0,23.644,,62618875.0,20260716,20260805
300010.SZ,20260805,朱雅特,G,IN,139300.0,0.0084,,,2.16,159600.0,20260730,20260730
300010.SZ,20260805,赵伯奇,G,IN,1784000.0,0.1073,,,2.8111,1784000.0,20260507,20260608
300738.SZ,20260805,广州市昊盟计算机科技有限公司,C,DE,20622681.0,2.0939,251302826.0,25.5157,,251302826.0,20260804,20260805
920284.BJ,20260805,杭一,G,DE,823496.0,1.228,1712369.0,2.5535,,9319966.0,20260527,20260803
603618.SH,20260805,浙江富春江通信集团有限公司,C,DE,10987800.0,1.5893,127700000.0,18.4704,,127700000.0,20260618,20260804
603668.SH,20260805,秋晟天马1号私募证券投资基金,C,DE,2935609.0,0.5804,0.0,,,0.0,20260731,20260804
603260.SH,20260805,宁波合盛集团有限公司,C,DE,17126365.0,1.4487,427960309.0,36.2001,,427960309.0,20260622,20260804
920033.BJ,20260805,海南迈顺投资合伙企业(有限合伙),C,DE,253996.0,0.3066,14248313.0,17.2014,15.4123,14248313.0,20260716,20260803
002726.SZ,20260805,蓝润发展控股集团有限公司,C,DE,8276600.0,0.6084,272270762.0,20.0153,,272270762.0,20260715,20260803
300599.SZ,20260805,黄锦禧,G,DE,5431900.0,1.7189,70402700.0,22.2781,,70402700.0,20260731,20260803
002871.SZ,20260805,范庆伟,G,DE,976000.0,0.6539,29639000.0,19.8564,,121484000.0,20260804,20260804
688172.SH,20260805,北京电控产业投资有限公司,C,IN,173255.0,0.0145,9489666.0,0.7916,,9489666.0,20260804,20260804
002923.SZ,20260805,李希,P,DE,4100000.0,1.5886,79225382.0,30.6974,,79225382.0,20260715,20260803
920976.BJ,20260805,广州湘军一号投资合伙企业(有限合伙),C,DE,59500.0,0.1349,3340500.0,7.5715,20.0308,3340500.0,20260731,20260731
600103.SH,20260805,福建省能源集团有限责任公司,C,DE,22400000.0,1.0125,155600000.0,7.0333,,155600000.0,20251208,20260804
300506.SZ,20260805,中国新兴集团有限责任公司,C,DE,73100.0,0.0099,71206697.0,9.692,5.74,71206697.0,20260803,20260804
301332.SZ,20260805,磐茂(上海)投资中心(有限合伙),C,DE,6615600.0,2.498,62618875.0,23.644,,62618875.0,20260716,20260805
300010.SZ,20260805,朱雅特,G,IN,139300.0,0.0084,,,2.16,159600.0,20260730,20260730
300010.SZ,20260805,赵伯奇,G,IN,1784000.0,0.1073,,,2.8111,1784000.0,20260507,20260608
300738.SZ,20260805,广州市昊盟计算机科技有限公司,C,DE,20622681.0,2.0939,251302826.0,25.5157,,251302826.0,20260804,20260805
920284.BJ,20260805,杭一,G,DE,823496.0,1.228,1712369.0,2.5535,,9319966.0,20260527,20260803
603618.SH,20260805,浙江富春江通信集团有限公司,C,DE,10987800.0,1.5893,127700000.0,18.4704,,127700000.0,20260618,20260804
603668.SH,20260805,秋晟天马1号私募证券投资基金,C,DE,2935609.0,0.5804,0.0,,,0.0,20260731,20260804
603260.SH,20260805,宁波合盛集团有限公司,C,DE,17126365.0,1.4487,427960309.0,36.2001,,427960309.0,20260622,20260804
920033.BJ,20260805,海南迈顺投资合伙企业(有限合伙),C,DE,253996.0,0.3066,14248313.0,17.2014,15.4123,14248313.0,20260716,20260803
002726.SZ,20260805,蓝润发展控股集团有限公司,C,DE,8276600.0,0.6084,272270762.0,20.0153,,272270762.0,20260715,20260803
300599.SZ,20260805,黄锦禧,G,DE,5431900.0,1.7189,70402700.0,22.2781,,70402700.0,20260731,20260803
002871.SZ,20260805,范庆伟,G,DE,976000.0,0.6539,29639000.0,19.8564,,121484000.0,20260804,20260804
688172.SH,20260805,北京电控产业投资有限公司,C,IN,173255.0,0.0145,9489666.0,0.7916,,9489666.0,20260804,20260804
002923.SZ,20260805,李希,P,DE,4100000.0,1.5886,79225382.0,30.6974,,79225382.0,20260715,20260803
920976.BJ,20260805,广州湘军一号投资合伙企业(有限合伙),C,DE,59500.0,0.1349,3340500.0,7.5715,20.0308,3340500.0,20260731,20260731
600103.SH,20260805,福建省能源集团有限责任公司,C,DE,22400000.0,1.0125,155600000.0,7.0333,,155600000.0,20251208,20260804
002871.SZ,20260805,范庆伟,G,DE,976000.0,0.6539,29639000.0,19.8564,,121484000.0,20260804,20260804
920284.BJ,20260805,杭一,G,DE,823496.0,1.228,1712369.0,2.5535,,9319966.0,20260527,20260803
300506.SZ,20260805,中国新兴集团有限责任公司,C,DE,73100.0,0.0099,71206697.0,9.692,5.74,71206697.0,20260803,20260804
301332.SZ,20260805,磐茂(上海)投资中心(有限合伙),C,DE,6615600.0,2.498,62618875.0,23.644,,62618875.0,20260716,20260805
300010.SZ,20260805,朱雅特,G,IN,139300.0,0.0084,,,2.16,159600.0,20260730,20260730
300010.SZ,20260805,赵伯奇,G,IN,1784000.0,0.1073,,,2.8111,1784000.0,20260507,20260608
300738.SZ,20260805,广州市昊盟计算机科技有限公司,C,DE,20622681.0,2.0939,251302826.0,25.5157,,251302826.0,20260804,20260805
920033.BJ,20260805,海南迈顺投资合伙企业(有限合伙),C,DE,253996.0,0.3066,14248313.0,17.2014,15.4123,14248313.0,20260716,20260803
920284.BJ,20260805,杭一,G,DE,823496.0,1.228,1712369.0,2.5535,,9319966.0,20260527,20260803
603618.SH,20260805,浙江富春江通信集团有限公司,C,DE,10987800.0,1.5893,127700000.0,18.4704,,127700000.0,20260618,20260804
603668.SH,20260805,秋晟天马1号私募证券投资基金,C,DE,2935609.0,0.5804,0.0,,,0.0,20260731,20260804
603260.SH,20260805,宁波合盛集团有限公司,C,DE,17126365.0,1.4487,427960309.0,36.2001,,427960309.0,20260622,20260804
920033.BJ,20260805,海南迈顺投资合伙企业(有限合伙),C,DE,253996.0,0.3066,14248313.0,17.2014,15.4123,14248313.0,20260716,20260803
002726.SZ,20260805,蓝润发展控股集团有限公司,C,DE,8276600.0,0.6084,272270762.0,20.0153,,272270762.0,20260715,20260803
300599.SZ,20260805,黄锦禧,G,DE,5431900.0,1.7189,70402700.0,22.2781,,70402700.0,20260731,20260803
002871.SZ,20260805,范庆伟,G,DE,976000.0,0.6539,29639000.0,81.3873,,121484000.0,20260804,20260804
688172.SH,20260805,北京电控产业投资有限公司,C,IN,173255.0,0.0145,9489666.0,0.7916,,9489666.0,20260804,20260804
002923.SZ,20260805,李希,P,DE,4100000.0,1.5886,79225382.0,30.6974,,79225382.0,20260715,20260803
920976.BJ,20260805,广州湘军一号投资合伙企业(有限合伙),C,DE,59500.0,0.1349,3340500.0,7.5715,20.0308,3340500.0,20260731,20260731
600103.SH,20260805,福建省能源集团有限责任公司,C,DE,22400000.0,1.0125,155600000.0,7.0333,,155600000.0,20251208,20260804
