ts_code,ann_date,holder_name,holder_type,in_de,change_vol,change_ratio,after_share,after_ratio,avg_price,total_share,begin_date,close_date
600189.SH,20260814,中国吉林森林工业集团有限责任公司,C,IN,800000.0,0.1119,219084380.0,30.6327,None,219084380.0,20260514,20260813
002655.SZ,20260814,上海韦豪创芯投资管理有限公司,C,IN,21100.0,0.0058,34153400.0,9.3863,None,34153400.0,20260813,20260813
600177.SH,20260814,宁波雅戈尔控股有限公司,C,IN,45662794.0,1.014,1861027499.0,41.3246,None,1861027499.0,20260610,20260813
002109.SZ,20260814,陕西兴化集团有限责任公司,C,IN,3875300.0,0.3036,236487389.0,18.5296,2.9121,236487389.0,20260522,20260812
301429.SZ,20260814,王斌,G,IN,25400.0,0.0577,62600.0,0.1422,None,11588400.0,20260710,20260813
301429.SZ,20260814,张勇,G,IN,30700.0,0.0697,57300.0,0.1302,None,11583100.0,20260710,20260813
301429.SZ,20260814,唐道远,G,IN,151300.0,0.3437,350300.0,0.7958,None,42020500.0,20260710,20260813
688488.SH,20260814,傅和亮,G,IN,730052.0,0.1735,3480977.0,0.8273,15.4848,3480977.0,20260304,20260731
603520.SH,20260814,胡思慧,P,IN,6883035.0,1.57,6883035.0,1.57,None,6883035.0,20260629,20260812
002655.SZ,20260813,上海韦豪创芯投资管理有限公司,C,IN,1857500.0,0.5105,34132300.0,9.3805,None,34132300.0,20260811,20260811
000009.SZ,20260813,深圳市承兴投资有限公司,C,IN,23607594.0,0.9164,580799860.0,22.5464,None,580799860.0,20260810,20260812
600340.SH,20260812,王文学,G,IN,989300.0,0.0254,None,None,None,None,20260519,20260811
600340.SH,20260812,赵威,G,IN,765100.0,0.0197,None,None,None,None,20260519,20260811
600340.SH,20260812,钟坚,G,IN,156000.0,0.004,None,None,None,None,20260519,20260811
600340.SH,20260812,陈怀洲,G,IN,511000.0,0.0131,None,None,None,None,20260519,20260811
600340.SH,20260812,黎毓珊,G,IN,2200.0,0.0001,None,None,None,None,20260519,20260811
600340.SH,20260812,庄永,G,IN,9500.0,0.0002,None,None,None,None,20260519,20260811
601916.SH,20260812,浙江省海港投资运营集团有限公司,C,IN,271000000.0,1.2579,271000000.0,0.9867,None,271000000.0,20260309,20260810
000656.SZ,20260812,郭伟,G,IN,871200.0,0.0115,1382300.0,0.0182,None,1382300.0,20260722,20260811
603328.SH,20260812,四川九洲投资控股集团有限公司,C,IN,6684500.0,0.6695,309517295.0,31.0,None,309517295.0,20260811,20260811
601600.SH,20260812,中国铝业集团有限公司及其一致行动人,C,IN,47600702.0,0.3605,None,None,None,None,20260720,20260811
002192.SZ,20260812,张长虹,P,IN,287813.0,0.1111,4616338.0,1.7816,None,4616338.0,20260727,20260730
002192.SZ,20260812,计阳配偶,P,IN,3800.0,0.0015,None,None,None,None,20260713,20260713
002655.SZ,20260812,上海韦豪创芯投资管理有限公司,C,IN,4667500.0,1.2828,32274800.0,8.87,None,32274800.0,20260810,20260810
002655.SZ,20260812,上海韦豪创芯投资管理有限公司,C,IN,767700.0,0.211,27607300.0,7.5873,None,27607300.0,20260807,20260807
603328.SH,20260811,四川九洲投资控股集团有限公司,C,IN,3299976.0,0.3305,302832795.0,30.3305,11.4675,302832795.0,20260810,20260810
002870.SZ,20260811,宁波均胜电子股份有限公司,C,IN,140000.0,0.1094,39621600.0,30.9729,28.9148,39621600.0,20250408,20250408
600197.SH,20260811,新疆伊力特集团有限公司,C,IN,4378200.0,0.9253,208427627.0,44.0488,None,208427627.0,20260721,20260807
002024.SZ,20260808,黄巍,G,IN,121000.0,0.0013,None,None,1.2397,326700.0,20260527,20260807
002024.SZ,20260808,周斌,G,IN,162700.0,0.0018,None,None,1.2299,419700.0,20260527,20260807
688692.SH,20260808,中电金投控股有限公司,C,IN,2217000.0,2.9893,4481758.0,6.043,None,9115700.0,20260806,20260806
000009.SZ,20260808,深圳市承兴投资有限公司,C,IN,21921200.0,0.851,557192266.0,21.63,None,557192266.0,20260803,20260807
600328.SH,20260808,王以飞,G,IN,21300.0,0.0015,None,None,None,49040.0,20260521,20260807
600328.SH,20260808,刘伟国,G,IN,19000.0,0.0013,None,None,None,98684.0,20260525,20260803
600328.SH,20260808,程序,G,IN,18000.0,0.0012,None,None,None,66526.0,20260515,20260515
600328.SH,20260808,许明,G,IN,13500.0,0.0009,None,None,None,67763.0,20260519,20260605
600328.SH,20260808,赵生强,G,IN,14200.0,0.001,None,None,None,58740.0,20260518,20260527
600328.SH,20260808,邵正军,G,IN,15400.0,0.0011,None,None,None,15400.0,20260520,20260521
600328.SH,20260808,郭国庆,G,IN,14600.0,0.001,None,None,None,59140.0,20260518,20260707
600328.SH,20260808,陈云泉,G,IN,14500.0,0.001,None,None,None,93184.0,20260519,20260526
600328.SH,20260808,王广斌,G,IN,15300.0,0.001,None,None,None,93984.0,20260604,20260623
600328.SH,20260808,周杰,G,IN,26200.0,0.0018,None,None,None,144470.0,20260518,20260707
001277.SZ,20260808,谢立智,G,IN,6500.0,0.0143,None,0.1876,None,394068.0,20260806,20260806
603350.SH,20260807,盛晓兰,G,IN,15000.0,0.034,15000.0,0.034,None,15000.0,20260805,20260806
300183.SZ,20260807,广东南海产业集团有限公司,C,IN,2734600.0,0.737,13175275.0,3.551,None,13175275.0,20260729,20260806
603350.SH,20260807,盛晓兰,G,IN,15000.0,0.034,15000.0,0.034,None,15000.0,20260805,20260806
000858.SZ,20260807,四川省宜宾五粮液集团有限公司,C,IN,1295300.0,0.0334,803914577.0,20.7114,77.2009,803914577.0,20260521,20260806
000932.SZ,20260807,湖南钢铁集团有限公司,C,IN,20913000.0,0.3052,2367866563.0,34.5542,None,2367866563.0,20260723,20260806
603350.SH,20260807,盛晓兰,G,IN,15000.0,0.034,15000.0,0.034,None,15000.0,20260805,20260806
000858.SZ,20260807,四川省宜宾五粮液集团有限公司,C,IN,2411300.0,0.0621,803914577.0,20.7114,82.7082,803914577.0,None,20260806
000932.SZ,20260807,湖南钢铁集团有限公司,C,IN,20913000.0,0.3052,2367866563.0,34.5542,None,2367866563.0,20260806,20260806
601966.SH,20260807,玲珑集团有限公司,C,IN,878400.0,0.06,604202922.0,41.2847,None,604202922.0,20260720,20260806
600731.SH,20260807,湖南海利高新技术产业集团有限公司,C,IN,5538600.0,1.0225,138463149.0,25.5617,None,138463149.0,20260730,20260805
300482.SZ,20260806,王继华,G,IN,1156000.0,0.2688,None,None,17.3392,50750740.0,20260728,20260806
300482.SZ,20260806,王继华,G,IN,1156000.0,0.2688,None,1.6031,17.3392,50750740.0,20260728,20260806
300482.SZ,20260806,王继华,G,IN,1156000.0,0.2688,None,1.6031,17.3392,50750740.0,20260728,20260806
300144.SZ,20260806,刘萍,P,IN,43000000.0,1.6656,70910758.0,2.7468,6.23,70910758.0,20260805,20260805
300010.SZ,20260805,朱雅特,G,IN,139300.0,0.0084,None,None,2.16,159600.0,20260730,20260730
300010.SZ,20260805,赵伯奇,G,IN,1784000.0,0.1073,None,None,2.8111,1784000.0,20260507,20260608
688172.SH,20260805,北京电控产业投资有限公司,C,IN,173255.0,0.0145,9489666.0,0.7916,None,9489666.0,20260804,20260804
688720.SH,20260804,向文胜,G,IN,15000.0,0.0192,None,None,None,465000.0,20260803,20260803
920163.BJ,20260804,张伟,G,IN,18000.0,0.0297,None,None,9.7923,152000.0,20260701,20260803
688720.SH,20260804,向文胜,G,IN,15000.0,0.0192,None,None,None,465000.0,20260803,20260803
600365.SH,20260804,通化盛科信息科技有限公司,C,IN,977600.0,0.2288,977600.0,0.2288,None,977600.0,20260729,20260803
688328.SH,20260804,林广满,G,IN,179741.0,0.1903,None,None,None,602009.0,20260803,20260803
920163.BJ,20260804,张伟,G,IN,18000.0,0.0297,None,None,9.7923,152000.0,20260701,20260803
600818.SH,20260803,北海科源创业服务有限公司,C,IN,2069500.0,0.8697,2069500.0,0.6438,None,2069500.0,20260715,20260721
600818.SH,20260803,北海永亨科技有限公司,C,IN,2510300.0,1.0549,2510300.0,0.7809,None,2510300.0,20260713,20260724
600818.SH,20260803,北海红芯芯片技术有限公司,C,IN,2818300.0,1.1844,2818300.0,0.8768,None,2818300.0,20260713,20260722
600818.SH,20260803,北海永亨海融投资有限公司,C,IN,2683700.0,1.1278,2683700.0,0.8349,None,2683700.0,20260713,20260724
600818.SH,20260803,北海银河供应链管理有限公司,C,IN,1000000.0,0.4202,1000000.0,0.3111,None,1000000.0,20260717,20260727
600818.SH,20260803,广西永亨投资集团有限公司,C,IN,2153900.0,0.9052,2153900.0,0.6701,None,2153900.0,20260715,20260721
600818.SH,20260803,北京乾瑞翔科技有限公司,C,IN,3097900.0,1.3019,3097900.0,0.9637,None,3097900.0,20260722,20260730
600818.SH,20260803,北海科源创业服务有限公司,C,IN,2069500.0,0.8697,2069500.0,0.6438,None,2069500.0,20260715,20260721
600818.SH,20260803,北海永亨科技有限公司,C,IN,2510300.0,1.0549,2510300.0,0.7809,None,2510300.0,20260713,20260724
600818.SH,20260803,北海红芯芯片技术有限公司,C,IN,2818300.0,1.1844,2818300.0,0.8768,None,2818300.0,20260713,20260722
600818.SH,20260803,北海永亨海融投资有限公司,C,IN,2683700.0,1.1278,2683700.0,0.8349,None,2683700.0,20260713,20260724
600818.SH,20260803,北海银河供应链管理有限公司,C,IN,1000000.0,0.4202,1000000.0,0.3111,None,1000000.0,20260717,20260727
600818.SH,20260803,广西永亨投资集团有限公司,C,IN,2153900.0,0.9052,2153900.0,0.6701,None,2153900.0,20260715,20260721
600818.SH,20260803,北京乾瑞翔科技有限公司,C,IN,3097900.0,1.3019,3097900.0,0.9637,None,3097900.0,20260722,20260730
002601.SZ,20260803,陈建立,G,IN,130000.0,0.0065,None,None,16.0708,2507000.0,20260608,20260730
002601.SZ,20260803,许冉,G,IN,2093600.0,0.1053,127093600.0,6.3943,14.5659,502093600.0,20260608,20260730
002601.SZ,20260803,王旭东,G,IN,131500.0,0.0066,131500.0,0.0066,16.3027,131500.0,20260608,20260730
002601.SZ,20260803,张海涛,P,IN,419900.0,0.0211,None,None,16.663,1243900.0,20260608,20260730
002601.SZ,20260803,张刚,G,IN,123700.0,0.0062,123700.0,0.0062,16.3185,123700.0,20260608,20260730
002601.SZ,20260803,孙亮,G,IN,130000.0,0.0065,None,None,15.5323,131000.0,20260608,20260730
002601.SZ,20260803,吴彭森,G,IN,125300.0,0.0063,None,None,16.0295,2190300.0,20260608,20260730
688720.SH,20260801,向文胜,G,IN,240000.0,0.3069,None,None,None,450000.0,20260731,20260731
603927.SH,20260801,邢立,G,IN,20000.0,0.0024,None,None,None,None,20260731,20260731
603927.SH,20260801,孙静,G,IN,55100.0,0.0066,None,None,None,None,20260730,20260731
603927.SH,20260801,王欣,G,IN,66000.0,0.0079,None,None,None,None,20260729,20260730
603927.SH,20260801,邢立,G,IN,20000.0,0.0024,None,None,None,None,20260731,20260731
920519.BJ,20260801,汪希领,G,IN,17000.0,0.0214,None,None,9.4881,840894.0,20260721,20260730
920519.BJ,20260801,王育斌,G,IN,49000.0,0.0617,2993157.0,3.7713,9.4295,11810631.0,20260707,20260731
920914.BJ,20260801,江苏远航时代控股集团有限公司,C,IN,10500.0,0.0105,39616905.0,39.7743,None,39616905.0,20260729,20260731
688720.SH,20260801,向文胜,G,IN,240000.0,0.3069,None,None,None,450000.0,20260731,20260731
000009.SZ,20260801,深圳市承兴投资有限公司,C,IN,41270788.0,1.6021,535271066.0,20.779,None,535271066.0,20260730,20260731
603927.SH,20260801,孙静,G,IN,55100.0,0.0066,None,None,None,None,20260730,20260731
603927.SH,20260801,王欣,G,IN,66000.0,0.0079,None,None,None,None,20260729,20260730
603927.SH,20260801,邢立,G,IN,20000.0,0.0024,None,None,None,None,20260731,20260731
688549.SH,20260801,衢州恒芯企业管理合伙企业(有限合伙),C,IN,296087.0,0.0502,951157.0,0.1614,None,108908157.0,20260703,20260731
600805.SH,20260801,江苏悦达集团有限公司,C,IN,908000.0,0.1068,290172449.0,34.1269,4.2731,290172449.0,20260731,20260731
002079.SZ,20260801,苏州通博电子器材有限公司,C,IN,3424800.0,0.4222,195413055.0,24.0916,None,195413055.0,20260716,20260730
601137.SH,20260801,博威集团有限公司,C,IN,4973200.0,14.9961,239609181.0,40.5523,None,239609181.0,20260324,20260730
688720.SH,20260731,赵建龙,G,IN,10000.0,0.0128,None,None,None,671542.0,20260730,20260730
688720.SH,20260731,陈小华,G,IN,10000.0,0.0128,None,None,None,1250396.0,20260730,20260730
300929.SZ,20260731,王凤仙,P,IN,1229400.0,0.9807,6836200.0,5.4532,None,6836200.0,20260729,20260730
300929.SZ,20260731,王根九,P,IN,1035300.0,0.8259,12316580.0,9.8249,None,12316580.0,20260729,20260731
002655.SZ,20260731,上海韦豪创芯投资管理有限公司,C,IN,308600.0,0.0848,26839600.0,7.3763,None,26839600.0,20260729,20260729
688091.SH,20260731,周劲松,G,IN,3000.0,0.0015,40130058.0,19.4143,None,40130058.0,20260730,20260730
000593.SZ,20260731,刘鑫,P,IN,1643500.0,0.4585,17983500.0,5.0166,None,17983500.0,None,20260730
688720.SH,20260731,赵建龙,G,IN,10000.0,0.0128,None,None,None,671542.0,20260730,20260730
688720.SH,20260731,陈小华,G,IN,10000.0,0.0128,None,None,None,1250396.0,20260730,20260730
603223.SH,20260731,SONG JIANBO,P,IN,95900.0,0.0136,36099149.0,5.1145,None,36099149.0,20260724,20260730
688091.SH,20260731,周劲松,G,IN,3000.0,0.0015,40130058.0,19.4143,None,40130058.0,20260730,20260730
300192.SZ,20260730,苏州科德教育科技股份有限公司“跃迁者”第一期员工持股计划,C,IN,886700.0,0.1947,None,None,11.28,None,None,20260730
300192.SZ,20260730,苏州科德教育科技股份有限公司“跃迁者”第一期员工持股计划,C,IN,886700.0,0.1947,None,None,11.28,None,None,20260730
688800.SH,20260730,苏州瑞可达连接系统股份有限公司-2026年第二期员工持股计划,C,IN,2242145.0,0.7775,2242145.0,0.7775,60.2035,2242145.0,None,20260729
920914.BJ,20260730,江苏远航时代控股集团有限公司,C,IN,56200.0,0.0564,39606405.0,39.7638,18.0327,39606405.0,20260728,20260728
600731.SH,20260730,湖南海利高新技术产业集团有限公司,C,IN,1617700.0,0.2986,132924549.0,24.5392,None,132924549.0,20260729,20260729
002353.SZ,20260729,路伟,G,IN,22300.0,0.0032,None,None,None,217300.0,20260527,20260728
002353.SZ,20260729,李慧涛,G,IN,22500.0,0.0033,None,None,None,196400.0,20260527,20260728
002353.SZ,20260729,李志勇,G,IN,22100.0,0.0032,None,None,None,733649.0,20260527,20260728
603927.SH,20260729,蔡宏,G,IN,90000.0,0.0108,None,None,None,None,20260728,20260728
300183.SZ,20260729,广东南海产业集团有限公司,C,IN,3894600.0,1.0497,10440675.0,2.814,None,10440675.0,20260723,20260728
301306.SZ,20260729,中投国联(北京)投资基金有限公司-中投国联匠心九号私募证券投资基金,C,IN,122100.0,0.2096,4342100.0,7.4526,81.85,4342100.0,20260729,20260729
300183.SZ,20260729,广东南海产业集团有限公司,C,IN,3894600.0,1.0497,69391275.0,18.7024,None,69391275.0,20260723,20260728
301269.SZ,20260729,中电金投控股有限公司,C,IN,4717200.0,0.861,75154400.0,13.7174,None,75154400.0,20260430,20260729
603927.SH,20260729,左春,G,IN,114000.0,0.0137,None,None,None,None,20260727,20260727
002054.SZ,20260729,陈秋有,G,IN,2000000.0,0.5208,2000000.0,0.5208,None,2000000.0,20260727,20260727
600279.SH,20260729,重庆物流集团有限公司,C,IN,737900.0,0.0622,737900.0,0.0622,4.1108,737900.0,20260728,20260728
002054.SZ,20260729,陈秋有,G,IN,2000000.0,0.5208,2000000.0,0.5208,None,2000000.0,20260727,20260727
001205.SZ,20260729,万达控股集团有限公司,C,IN,703400.0,0.4225,23072218.0,13.8585,None,23072218.0,20260722,20260728
002353.SZ,20260729,路伟,G,IN,22300.0,0.0032,None,None,None,217300.0,20260527,20260728
002353.SZ,20260729,李慧涛,G,IN,22500.0,0.0033,None,None,None,196400.0,20260527,20260728
002353.SZ,20260729,李志勇,G,IN,22100.0,0.0032,None,None,None,733649.0,20260527,20260728
603927.SH,20260729,蔡宏,G,IN,90000.0,0.0108,None,None,None,None,20260728,20260728
603927.SH,20260729,左春,G,IN,114000.0,0.0137,None,None,None,None,20260727,20260727
600279.SH,20260729,重庆物流集团有限公司,C,IN,737900.0,0.0622,737900.0,0.0622,4.1108,737900.0,20260728,20260728
002377.SZ,20260729,科元控股集团有限公司,C,IN,3650000.0,0.4184,114126271.0,13.0815,None,114126271.0,20260713,20260728
688692.SH,20260729,中电金投控股有限公司,C,IN,11758.0,0.0159,2264758.0,3.0537,None,6898700.0,20260728,20260728
601766.SH,20260729,中国中车集团有限公司,C,IN,4730000.0,0.0194,14770171250.0,51.466,None,14770171250.0,20260728,20260728
300407.SZ,20260728,佳都科技集团股份有限公司,C,IN,3340400.0,1.2894,42179252.0,16.2808,None,42179252.0,20260722,20260724
603231.SH,20260728,山东万得福实业集团有限公司,C,IN,197000.0,0.1854,197000.0,0.1854,14.034,82945091.0,20260727,20260727
601717.SH,20260728,张海斌,G,IN,100000.0,0.0065,None,None,None,861200.0,20260724,20260724
601717.SH,20260728,张海斌,G,IN,100000.0,0.0065,None,None,None,861200.0,20260724,20260724
600202.SH,20260728,哈尔滨电碳厂有限责任公司,C,IN,2958400.0,0.7717,None,None,None,None,20260626,20260727
300627.SZ,20260727,朴东国,G,IN,180000.0,0.0274,14919146.0,2.2689,None,14919146.0,20260720,20260724
300929.SZ,20260727,王凤仙,P,IN,2882600.0,2.2995,5606800.0,4.4725,None,5606800.0,20260723,20260727
300929.SZ,20260727,王根九,P,IN,1459360.0,1.1641,11281280.0,8.9991,None,11281280.0,20260723,20260727
301439.SZ,20260727,威海市明博线缆科技有限公司,C,IN,1407244.0,0.7679,1407244.0,0.7679,None,207262129.0,20260722,20260724
603927.SH,20260725,张志华,G,IN,50000.0,0.006,5313806.0,0.6394,None,5313806.0,20260724,20260724
603135.SH,20260725,谷峰兰,G,IN,100000.0,0.0159,75476185.0,11.9891,8.35,75476185.0,20260724,20260724
002120.SZ,20260725,上海罗颉思投资管理有限公司,C,IN,1451510.0,0.0516,1534873469.0,54.5223,None,1534873469.0,20260706,20260724
603656.SH,20260725,阳光新能源开发股份有限公司,C,IN,1234700.0,0.6749,47158826.0,25.7775,None,47158826.0,20260715,20260722
603129.SH,20260725,浙江春风动力股份有限公司2026年员工持股计划,C,IN,20300.0,0.0132,None,None,219.48,None,None,20260724
603927.SH,20260725,张志华,G,IN,50000.0,0.006,5313806.0,0.6394,None,5313806.0,20260724,20260724
603135.SH,20260725,谷峰兰,G,IN,100000.0,0.0159,75476185.0,11.9891,8.35,75476185.0,20260724,20260724
002120.SZ,20260725,上海罗颉思投资管理有限公司,C,IN,1451509.0,0.0516,1534873468.0,54.5223,None,1534873468.0,20260706,20260724
688105.SH,20260725,南京诺唯赞投资管理有限公司,C,IN,2697522.0,0.5218,213737019.0,41.343,None,213737019.0,20260623,20260723
000009.SZ,20260725,深圳市承兴投资有限公司,C,IN,286500.0,0.0111,494000278.0,19.1769,None,494000278.0,20260330,20260723
002192.SZ,20260725,张长虹,P,IN,650008.0,0.2509,4328525.0,1.6705,61.8131,4328525.0,20260722,20260724
920168.BJ,20260725,刘威,G,IN,6700.0,0.0238,6700.0,0.0238,14.8392,17920745.0,20260723,20260723
600600.SH,20260725,青岛啤酒集团有限公司,香港鑫海盛投资发展有限公司,C,IN,40000.0,0.0056,405172055.0,29.7004,None,405172055.0,20260724,20260724
603129.SH,20260725,浙江春风动力股份有限公司2026年员工持股计划,C,IN,20300.0,0.0132,None,None,219.48,None,None,20260724
603927.SH,20260725,张志华,G,IN,50000.0,0.006,5313806.0,0.6394,None,5313806.0,20260724,20260724
603135.SH,20260725,谷峰兰,G,IN,100000.0,0.0159,75476185.0,11.9891,8.35,75476185.0,20260724,20260724
002120.SZ,20260725,上海罗颉思投资管理有限公司,C,IN,1451509.0,0.0516,1534873468.0,54.5223,None,1534873468.0,20260706,20260724
600169.SH,20260725,太原重型机械集团有限公司,C,IN,7616360.0,0.2285,1722499966.0,51.678,2.3627,1722499966.0,20251107,20260724
000598.SZ,20260725,信环绿色控股(北京)有限责任公司,C,IN,29856600.0,1.0007,242221496.0,8.1184,None,242221496.0,20260717,20260723
688105.SH,20260725,南京诺唯赞投资管理有限公司,C,IN,2697522.0,0.5218,213737019.0,41.343,None,213737019.0,20260623,20260723
002079.SZ,20260725,苏州通博电子器材有限公司,C,IN,620400.0,0.0765,191988255.0,23.6748,None,191988255.0,20260715,20260715
920168.BJ,20260725,刘威,G,IN,6700.0,0.0238,6700.0,0.0238,14.8392,17920745.0,20260723,20260723
600187.SH,20260724,丁宏伟,G,IN,490000.0,0.0304,490000.0,0.0304,1.4,490000.0,20260723,20260723
920640.BJ,20260724,雷杰,G,IN,5000.0,0.0028,None,None,25.28,5000.0,20260722,20260722
920640.BJ,20260724,党作红,G,IN,5000.0,0.0028,None,None,25.7,102000.0,20260722,20260722
920640.BJ,20260724,朱克元,G,IN,10000.0,0.0055,None,None,24.85,10000.0,20260722,20260722
920640.BJ,20260724,蔡亚娟,G,IN,20000.0,0.0111,None,None,25.5,58101.0,20260722,20260722
920640.BJ,20260724,常国亮,G,IN,5000.0,0.0028,None,None,25.5,5000.0,20260722,20260722
920640.BJ,20260724,付景超,G,IN,20000.0,0.0111,None,None,25.4,31000.0,20260722,20260722
301089.SZ,20260724,马冠军,G,IN,500.0,0.0006,None,None,22.5,500.0,20260630,20260723
301089.SZ,20260724,杨西宁,G,IN,72000.0,0.0796,None,None,22.2575,34527650.0,20260630,20260723
688157.SH,20260724,熊开阔,G,IN,11810.0,0.0063,11810.0,0.0063,None,11810.0,20260723,20260723
301089.SZ,20260724,邵艳行,P,IN,27400.0,0.0303,None,None,22.4664,31200.0,20260630,20260723
301089.SZ,20260724,马冠军,G,IN,500.0,0.0006,None,None,22.5,500.0,20260630,20260723
301089.SZ,20260724,杨西宁,G,IN,72000.0,0.0796,None,None,22.2575,34527650.0,20260630,20260723
920640.BJ,20260724,雷杰,G,IN,5000.0,0.0028,None,None,25.28,5000.0,20260722,20260722
920640.BJ,20260724,党作红,G,IN,5000.0,0.0028,None,None,25.7,102000.0,20260722,20260722
920640.BJ,20260724,朱克元,G,IN,10000.0,0.0055,None,None,24.85,10000.0,20260722,20260722
920640.BJ,20260724,蔡亚娟,G,IN,20000.0,0.0111,None,None,25.5,58101.0,20260722,20260722
920640.BJ,20260724,常国亮,G,IN,5000.0,0.0028,None,None,25.5,5000.0,20260722,20260722
920640.BJ,20260724,付景超,G,IN,20000.0,0.0111,None,None,25.4,31000.0,20260722,20260722
601717.SH,20260724,张海斌,G,IN,10000.0,0.0006,None,None,15.4,761200.0,20260723,20260723
688157.SH,20260724,熊开阔,G,IN,11810.0,0.0063,11810.0,0.0063,None,11810.0,20260723,20260723
601717.SH,20260724,贾浩,G,IN,200000.0,0.013,None,None,15.58,2642300.0,20260721,20260721
600187.SH,20260724,丁宏伟,G,IN,490000.0,0.0304,490000.0,0.0304,1.4,490000.0,20260723,20260723
601717.SH,20260724,李开顺,G,IN,53000.0,0.0034,None,None,15.2189,334000.0,20260720,20260722
601717.SH,20260724,付奇,G,IN,48000.0,0.0031,None,None,15.5333,525000.0,20260721,20260721
920640.BJ,20260724,雷杰,G,IN,5000.0,0.0028,None,None,25.28,5000.0,20260722,20260722
920640.BJ,20260724,党作红,G,IN,5000.0,0.0028,None,None,25.7,102000.0,20260722,20260722
920640.BJ,20260724,朱克元,G,IN,10000.0,0.0055,None,None,24.85,10000.0,20260722,20260722
920640.BJ,20260724,蔡亚娟,G,IN,20000.0,0.0111,None,None,25.5,58101.0,20260722,20260722
920640.BJ,20260724,常国亮,G,IN,5000.0,0.0028,None,None,25.5,5000.0,20260722,20260722
920640.BJ,20260724,付景超,G,IN,20000.0,0.0111,None,None,25.4,31000.0,20260722,20260722
601717.SH,20260724,张海斌,G,IN,10000.0,0.0006,None,None,15.4,761200.0,20260723,20260723
002557.SZ,20260724,陈先保,G,IN,1128600.0,0.2238,1594600.0,0.3162,19.2088,1594600.0,20260625,20260723
688157.SH,20260724,熊开阔,G,IN,11810.0,0.0063,11810.0,0.0063,None,11810.0,20260723,20260723
601717.SH,20260724,贾浩,G,IN,200000.0,0.013,None,None,15.58,2642300.0,20260721,20260721
600187.SH,20260724,丁宏伟,G,IN,490000.0,0.0304,490000.0,0.0304,1.4,490000.0,20260723,20260723
603223.SH,20260724,SONG JIANBO,P,IN,712200.0,0.1009,36003249.0,5.1009,None,36003249.0,20260720,20260723
601717.SH,20260724,李开顺,G,IN,53000.0,0.0034,None,None,15.2189,334000.0,20260720,20260722
601717.SH,20260724,付奇,G,IN,48000.0,0.0031,None,None,15.5333,525000.0,20260721,20260721
601588.SH,20260724,北京北辰实业集团有限责任公司,C,IN,11506000.0,0.4326,1209178303.0,35.9124,1.6738,1209178303.0,20260414,20260723
003008.SZ,20260723,仵博,P,IN,4091677.0,5.2644,4091677.0,5.2644,None,4091677.0,20260611,20260708
003008.SZ,20260723,陕西华富新能源有限公司,C,IN,479300.0,0.6167,479300.0,0.6167,None,479300.0,20260720,20260720
003008.SZ,20260723,陕西华富新能源有限公司,C,IN,720100.0,0.9265,1199400.0,1.5432,None,1199400.0,20260721,20260721
000932.SZ,20260723,湖南钢铁集团有限公司,C,IN,38436200.0,0.5609,2346953563.0,34.2491,3.4863,2346953563.0,20260629,20260722
688386.SH,20260723,张云,G,IN,85500.0,0.094,25450407.0,27.9675,58.5977,25450407.0,20260722,20260722
000695.SZ,20260723,旭阳集团有限公司,C,IN,800000.0,0.3607,46356000.0,20.8989,None,46356000.0,20260722,20260722
003015.SZ,20260723,陈鑫帅,G,IN,387400.0,0.1566,387400.0,0.1566,13.2244,387400.0,20260630,20260722
002096.SZ,20260723,刘刚,G,IN,400.0,0.0,109000.0,0.0088,None,109000.0,20260616,20260721
002096.SZ,20260723,王志强,G,IN,77000.0,0.0062,92000.0,0.0074,None,92000.0,20260616,20260721
002096.SZ,20260723,蔡峰,G,IN,103800.0,0.0084,113800.0,0.0092,None,113800.0,20260616,20260721
002096.SZ,20260723,张健辉,G,IN,10900.0,0.0009,118000.0,0.0095,None,118000.0,20260616,20260721
002096.SZ,20260723,邓小英,G,IN,103700.0,0.0084,301600.0,0.0243,None,301600.0,20260616,20260721
002096.SZ,20260723,付军,G,IN,76400.0,0.0062,400000.0,0.0322,None,400000.0,20260616,20260721
002146.SZ,20260723,王晓辉,G,IN,320000.0,0.0082,420100.0,0.0107,None,420100.0,20260715,20260722
002146.SZ,20260723,王冰,G,IN,2400.0,0.0001,1378400.0,0.0352,None,1378400.0,20260715,20260722
002146.SZ,20260723,隆小康,G,IN,16100.0,0.0004,1166100.0,0.0298,None,1166100.0,20260715,20260722
002146.SZ,20260723,穆旸,G,IN,31000.0,0.0008,31000.0,0.0008,1.1003,31000.0,20260630,20260722
002146.SZ,20260723,吴秋云,G,IN,40600.0,0.001,40600.0,0.001,1.0948,40600.0,20260630,20260722
002146.SZ,20260723,邹家立,G,IN,30000.0,0.0008,23850000.0,0.6097,None,23850000.0,20260715,20260722
600338.SH,20260723,西藏珠峰资源股份有限公司-2026年员工持股计划,C,IN,3930000.0,0.4299,None,None,11.55,None,None,20260723
003015.SZ,20260723,徐一佳,G,IN,8000.0,0.0032,None,None,12.5013,233231.0,20260630,20260722
003015.SZ,20260723,彭磊,G,IN,83100.0,0.0336,83100.0,0.0336,12.637,83100.0,20260630,20260722
300185.SZ,20260723,山东国惠资本有限公司,C,IN,1397600.0,0.0363,605430300.0,15.7399,2.73,605430300.0,20260721,20260721
002278.SZ,20260723,上海畅怡投资管理有限公司,C,IN,528400.0,0.1473,528400.0,0.1473,6.976,528400.0,20260721,20260721
002096.SZ,20260723,宋龙梅,G,IN,54800.0,0.0044,54800.0,0.0044,9.4197,54800.0,20260615,20260721
002096.SZ,20260723,胡良伟,G,IN,26600.0,0.0021,26600.0,0.0021,9.3985,26600.0,20260615,20260721
002096.SZ,20260723,邹七平,G,IN,11200.0,0.0009,11200.0,0.0009,8.8839,11200.0,20260615,20260721
003015.SZ,20260723,陈鑫帅,G,IN,387400.0,0.1566,387400.0,0.1566,13.2244,387400.0,20260630,20260722
002096.SZ,20260723,刘刚,G,IN,400.0,0.0,109000.0,0.0088,None,109000.0,20260616,20260721
002096.SZ,20260723,王志强,G,IN,77000.0,0.0062,92000.0,0.0074,None,92000.0,20260616,20260721
002096.SZ,20260723,蔡峰,G,IN,103800.0,0.0084,113800.0,0.0092,None,113800.0,20260616,20260721
002096.SZ,20260723,刘小钧,P,IN,40800.0,0.0033,106300.0,0.0086,None,106300.0,20260616,20260721
002096.SZ,20260723,张健辉,G,IN,10900.0,0.0009,118000.0,0.0095,None,118000.0,20260616,20260721
002096.SZ,20260723,邓小英,G,IN,103700.0,0.0084,301600.0,0.0243,None,301600.0,20260616,20260721
002096.SZ,20260723,付军,G,IN,76400.0,0.0062,400000.0,0.0322,None,400000.0,20260616,20260721
002146.SZ,20260723,王晓辉,G,IN,320000.0,0.0082,420100.0,0.0107,None,420100.0,20260715,20260722
002146.SZ,20260723,王冰,G,IN,2400.0,0.0001,1378400.0,0.0352,None,1378400.0,20260715,20260722
600810.SH,20260723,中国平煤神马控股集团有限公司,C,IN,3602000.0,0.3333,447049364.0,41.3646,None,447049364.0,20260720,20260722
002146.SZ,20260723,隆小康,G,IN,16100.0,0.0004,1166100.0,0.0298,None,1166100.0,20260715,20260722
002146.SZ,20260723,穆旸,G,IN,31000.0,0.0008,31000.0,0.0008,1.1003,31000.0,20260630,20260722
002146.SZ,20260723,吴秋云,G,IN,40600.0,0.001,40600.0,0.001,1.0948,40600.0,20260630,20260722
002146.SZ,20260723,邹家立,G,IN,30000.0,0.0008,23850000.0,0.6097,None,23850000.0,20260715,20260722
003015.SZ,20260723,徐一佳,G,IN,8000.0,0.0032,None,None,12.5013,233231.0,20260630,20260722
003015.SZ,20260723,彭磊,G,IN,83100.0,0.0336,83100.0,0.0336,12.637,83100.0,20260630,20260722
300185.SZ,20260723,山东国惠资本有限公司,C,IN,1397600.0,0.0363,605430300.0,15.7399,2.73,605430300.0,20260721,20260721
002278.SZ,20260723,上海畅怡投资管理有限公司,C,IN,528400.0,0.1473,528400.0,0.1473,6.976,528400.0,20260721,20260721
002096.SZ,20260723,张震宇,P,IN,53800.0,0.0043,53800.0,0.0043,9.29,53800.0,20260615,20260721
002096.SZ,20260723,宋龙梅,G,IN,54800.0,0.0044,54800.0,0.0044,9.4197,54800.0,20260615,20260721
002096.SZ,20260723,胡良伟,G,IN,26600.0,0.0021,26600.0,0.0021,9.3985,26600.0,20260615,20260721
002096.SZ,20260723,邹七平,G,IN,11200.0,0.0009,11200.0,0.0009,8.8839,11200.0,20260615,20260721
600338.SH,20260723,西藏珠峰资源股份有限公司-2026年员工持股计划,C,IN,3930000.0,0.4299,None,None,11.55,None,None,20260723
688350.SH,20260722,钱鑫,G,IN,2864800.0,1.9999,5729600.0,3.9999,18.83,5729600.0,20260721,20260721
300183.SZ,20260722,广东南海产业集团有限公司,C,IN,3337175.0,0.8994,6546075.0,1.7643,9.6359,6546075.0,20260721,20260722
300407.SZ,20260722,佳都科技集团股份有限公司,C,IN,2152000.0,0.8307,38838852.0,14.9915,None,38838852.0,20260717,20260721
000988.SZ,20260722,王霞,G,IN,20000.0,0.002,None,None,96.67,30000.0,20260721,20260721
000988.SZ,20260722,张勤,G,IN,20000.0,0.002,None,None,101.13,116000.0,20260721,20260721
000988.SZ,20260722,熊文,G,IN,20000.0,0.002,None,None,95.27,153300.0,20260721,20260721
000988.SZ,20260722,刘含树,G,IN,29900.0,0.003,None,None,95.27,180000.0,20260721,20260721
000988.SZ,20260722,马新强,G,IN,50000.0,0.005,None,None,99.37,350000.0,20260721,20260721
002416.SZ,20260722,周友盟,G,IN,2210100.0,0.1806,None,None,9.193,3130000.0,20260714,20260721
000656.SZ,20260722,郭伟,G,IN,511100.0,0.0067,511100.0,0.0067,1.2279,None,20260706,20260721
300286.SZ,20260722,朱芳,G,IN,263000.0,0.1266,None,None,18.99,12240752.0,20260721,20260721
300286.SZ,20260722,周中,G,IN,130000.0,0.0626,9929497.0,4.779,19.18,39327988.0,20260721,20260721
300407.SZ,20260722,佳都科技集团股份有限公司,C,IN,2152000.0,0.8307,38838852.0,14.9915,None,38838852.0,20260717,20260721
001205.SZ,20260722,万达控股集团有限公司,C,IN,654000.0,0.3928,22368818.0,13.436,12.6074,22368818.0,20260720,20260721
002416.SZ,20260722,米泽东,G,IN,344700.0,0.0282,None,None,8.9836,715480.0,20260714,20260721
920519.BJ,20260722,汪希领,G,IN,15000.0,0.0189,None,None,9.2513,823894.0,20260720,20260720
001322.SZ,20260722,佛山市乐华恒业实业投资有限公司,C,IN,161100.0,0.0205,480161100.0,61.1194,6.2017,480161100.0,20260721,20260721
688557.SH,20260722,董新军,G,IN,16118.0,0.0109,None,None,None,62083.0,20260303,20260720
688557.SH,20260722,林茂,G,IN,28830.0,0.0194,None,None,None,598050.0,20260303,20260720
688557.SH,20260722,沈长鹏,G,IN,29225.0,0.0197,None,None,None,700181.0,20260303,20260720
688557.SH,20260722,张小艺,G,IN,69300.0,0.0675,None,None,None,1476214.0,20260303,20260303
688117.SH,20260722,四川赛诺投资有限公司,C,IN,2005462.0,0.9102,68959062.0,31.2966,24.895,68959062.0,20260717,20260721
688557.SH,20260722,董新军,G,IN,16118.0,0.0109,None,None,None,62083.0,20260303,20260720
688557.SH,20260722,林茂,G,IN,28830.0,0.0194,None,None,None,598050.0,20260303,20260720
688557.SH,20260722,沈长鹏,G,IN,29225.0,0.0197,None,None,None,700181.0,20260303,20260720
688557.SH,20260722,张小艺,G,IN,69300.0,0.0675,None,None,None,1476214.0,20260303,20260303
688117.SH,20260722,四川赛诺投资有限公司,C,IN,2005462.0,0.9102,68959062.0,31.2966,24.895,68959062.0,20260717,20260721
603659.SH,20260722,张小全,G,IN,153000.0,0.0072,None,None,None,None,20260521,20260521
603659.SH,20260722,熊高权,G,IN,153000.0,0.0072,None,None,None,None,20260521,20260521
603659.SH,20260722,刘勇标,G,IN,340000.0,0.0159,None,None,None,None,20260528,20260528
603659.SH,20260722,刘芳,G,IN,190400.0,0.0089,None,None,None,None,20260527,20260527
603659.SH,20260722,王晓明,G,IN,442000.0,0.0207,None,None,None,None,20260522,20260522
603659.SH,20260722,韩钟伟,G,IN,110000.0,0.0051,None,None,None,None,20260630,20260630
603659.SH,20260722,韩钟伟,G,IN,340000.0,0.0159,None,None,None,None,20260522,20260522
688350.SH,20260722,钱鑫,G,IN,2864800.0,1.9999,5729600.0,3.9999,18.83,5729600.0,20260721,20260721
000595.SZ,20260722,宁夏电力投资集团有限公司,C,IN,4750000.0,0.4172,214416551.0,18.8307,None,214416551.0,20260702,20260721
000656.SZ,20260722,杨鹏,G,IN,599000.0,0.0079,599000.0,0.0079,1.2589,None,20260706,20260721
000656.SZ,20260722,李根,G,IN,666500.0,0.0088,666500.0,0.0088,1.1851,None,20260706,20260721
000656.SZ,20260722,郭伟,G,IN,511100.0,0.0067,511100.0,0.0067,1.2279,None,20260706,20260721
600052.SH,20260722,浙江野风创业投资有限公司,C,IN,80000.0,0.0095,1530000.0,0.1812,None,1530000.0,20260626,20260721
300286.SZ,20260722,朱芳,G,IN,263000.0,0.1266,None,None,18.99,12240752.0,20260721,20260721
300286.SZ,20260722,周中,G,IN,130000.0,0.0626,9929497.0,4.779,19.18,39327988.0,20260721,20260721
600052.SH,20260722,野风集团有限公司,C,IN,568000.0,0.0673,5160000.0,0.6112,None,5160000.0,20260629,20260630
002798.SZ,20260722,成都水华智能科技集团有限公司,C,IN,2048400.0,0.3964,25235521.0,4.8835,None,25235521.0,20260720,20260721
000988.SZ,20260722,王霞,G,IN,20000.0,0.002,None,None,96.67,30000.0,20260721,20260721
000988.SZ,20260722,张勤,G,IN,20000.0,0.002,None,None,101.13,116000.0,20260721,20260721
000988.SZ,20260722,熊文,G,IN,20000.0,0.002,None,None,95.27,153300.0,20260721,20260721
000988.SZ,20260722,刘含树,G,IN,29900.0,0.003,None,None,95.27,180000.0,20260721,20260721
000988.SZ,20260722,马新强,G,IN,50000.0,0.005,None,None,99.37,350000.0,20260721,20260721
001205.SZ,20260722,万达控股集团有限公司,C,IN,654000.0,0.3928,22368818.0,13.436,12.6074,22368818.0,20260720,20260721
000695.SZ,20260722,旭阳集团有限公司,C,IN,2300000.0,1.0369,45556000.0,20.5382,None,45556000.0,20260721,20260721
002568.SZ,20260722,喻晨,G,IN,296300.0,0.0389,None,None,16.8687,342100.0,20260629,20260720
002568.SZ,20260722,刘嘉瑞,G,IN,605000.0,0.0794,605000.0,0.0794,16.6749,605000.0,20260629,20260720
002568.SZ,20260722,马良,G,IN,581500.0,0.0763,581500.0,0.0763,17.1702,581500.0,20260629,20260720
002416.SZ,20260722,方华,P,IN,19100.0,0.0016,19100.0,0.0016,9.377,19100.0,20260714,20260721
002416.SZ,20260722,张尧,P,IN,54000.0,0.0044,54000.0,0.0044,9.318,54000.0,20260714,20260721
002416.SZ,20260722,王斌,P,IN,107300.0,0.0088,107300.0,0.0088,9.323,107300.0,20260714,20260721
002416.SZ,20260722,崔国峰,P,IN,39000.0,0.0032,39000.0,0.0032,9.025,39000.0,20260714,20260721
002416.SZ,20260722,陈亮,P,IN,7000.0,0.0006,None,None,9.2057,177300.0,20260714,20260721
002416.SZ,20260722,吴海南,G,IN,130900.0,0.0107,130900.0,0.0107,9.181,130900.0,20260714,20260721
002416.SZ,20260722,李振,G,IN,215700.0,0.0176,215700.0,0.0176,9.534,215700.0,20260714,20260721
002416.SZ,20260722,米泽东,G,IN,344700.0,0.0282,None,None,8.9836,715480.0,20260714,20260721
002416.SZ,20260722,周友盟,G,IN,2210100.0,0.1806,None,None,9.193,3130000.0,20260714,20260721
920519.BJ,20260722,汪希领,G,IN,15000.0,0.0189,None,None,9.2513,823894.0,20260720,20260720
002072.SZ,20260722,王文选,P,IN,3387300.0,0.9216,3445300.0,0.9374,None,3445300.0,20260716,20260720
001322.SZ,20260722,佛山市乐华恒业实业投资有限公司,C,IN,161100.0,0.0205,480161100.0,61.1194,6.2017,480161100.0,20260721,20260721
600197.SH,20260721,新疆伊力特集团有限公司,C,IN,385800.0,0.0815,204049427.0,43.1235,None,204049427.0,20260424,20260720
002661.SZ,20260721,南县中香泰食品有限公司,C,IN,911700.0,0.287,31319920.0,9.8581,None,31319920.0,20260708,20260717
603927.SH,20260721,孙静,G,IN,30000.0,0.0036,5751136.0,0.692,12.99,5751136.0,20260506,20260720
603927.SH,20260721,王欣,G,IN,20000.0,0.0024,2470897.0,0.2973,13.0,2470897.0,20260506,20260720
603927.SH,20260721,张志华,G,IN,40000.0,0.0048,5263806.0,0.6334,12.91,5263806.0,20260506,20260720
603927.SH,20260721,孙熙杰,G,IN,89700.0,0.0108,4858722.0,0.5847,12.8506,4858722.0,20260506,20260720
603927.SH,20260721,左春,G,IN,37200.0,0.0045,8109264.0,0.9758,13.0699,8109264.0,20260506,20260720
603098.SH,20260721,刘爱森,G,IN,3831349.0,0.7111,140469505.0,26.0708,14.437,140469505.0,20260126,20260720
603306.SH,20260721,臧琨,G,IN,22600.0,0.0069,22600.0,0.0069,64.23,22600.0,20260720,20260720
002615.SZ,20260721,邵巧蓉,G,IN,30000.0,0.0099,None,None,6.75,630000.0,20260630,20260720
301004.SZ,20260721,浙江嘉韶云华投资管理有限公司,C,IN,346700.0,0.2547,69252950.0,50.8811,33.383,69252950.0,20260609,20260721
600197.SH,20260721,新疆伊力特集团有限公司,C,IN,385800.0,0.0816,204049427.0,43.1235,None,204049427.0,20260424,20260720
002661.SZ,20260721,南县中香泰食品有限公司,C,IN,911700.0,0.286,31319920.0,9.8581,None,31319920.0,20260708,20260717
300014.SZ,20260721,刘建华,G,IN,100000.0,0.0047,None,None,52.99,20314393.0,20260721,20260721
605138.SH,20260721,宁波盛泰纺织有限公司,C,IN,1117600.0,0.2012,183754624.0,33.0749,None,183754624.0,20260709,20260720
002615.SZ,20260721,吕丽珍,G,IN,644900.0,0.2135,None,None,6.9788,21936400.0,20260630,20260720
600188.SH,20260721,山东能源集团有限公司,C,IN,997790.0,0.0167,None,None,20.28,None,20260720,20260720
601009.SH,20260721,江苏交通控股有限公司,C,IN,9991795.0,0.0808,1854535105.0,15.0,None,1854535105.0,20260701,20260717
601009.SH,20260721,江苏交通控股有限公司,C,IN,2371700.0,0.0192,1844543310.0,14.9192,None,1844543310.0,20260625,20260630
601009.SH,20260721,江苏交通控股有限公司,C,IN,3135800.0,0.0254,1842171610.0,14.9,None,1842171610.0,20260202,20260202
601009.SH,20260721,江苏交通控股有限公司,C,IN,20833612.0,0.1685,1839035810.0,14.8746,None,1839035810.0,20260105,20260130
601009.SH,20260721,江苏交通控股有限公司,C,IN,15920858.0,0.1288,1818202198.0,14.7061,None,1818202198.0,20251205,20251229
601009.SH,20260721,江苏交通控股有限公司,C,IN,20967438.0,0.1696,1802281340.0,14.5774,None,1802281340.0,20251103,20251128
601009.SH,20260721,江苏交通控股有限公司,C,IN,25053786.0,0.2026,1781313902.0,14.4078,None,1781313902.0,20251009,20251031
601009.SH,20260721,江苏交通控股有限公司,C,IN,24397970.0,0.1973,1756260116.0,14.2051,None,1756260116.0,20250923,20250930
600495.SH,20260721,中兵投资管理有限责任公司,C,IN,4968660.0,0.4112,7899760.0,0.6539,None,7899760.0,20260710,20260720
601127.SH,20260721,其他团队核心成员,P,IN,1786500.0,0.1147,None,None,56.0034,None,20260715,20260717
002943.SZ,20260721,杨佳葳,G,IN,126800.0,0.0671,11111800.0,5.8839,39.7043,44066800.0,20260701,20260720
600197.SH,20260721,新疆伊力特集团有限公司,C,IN,385800.0,0.0815,204049427.0,43.1235,None,204049427.0,20260424,20260720
601882.SH,20260721,宁波海天股份有限公司,C,IN,424200.0,0.0813,204704000.0,39.2153,None,204704000.0,20260720,20260720
002615.SZ,20260721,邵巧蓉,G,IN,30000.0,0.0099,None,None,6.75,630000.0,20260630,20260720
002615.SZ,20260721,欧阳波,G,IN,320000.0,0.1059,None,None,6.41,14413800.0,20260630,20260720
002615.SZ,20260721,吕丽珍,G,IN,644900.0,0.2135,None,None,6.9788,21936400.0,20260630,20260720
000695.SZ,20260721,旭阳集团有限公司,C,IN,2370000.0,1.0685,43256000.0,19.5013,None,43256000.0,20260720,20260720
600188.SH,20260721,山东能源集团有限公司,C,IN,997790.0,0.0167,5304897211.0,0.0099,20.28,5304897211.0,20260720,20260720
002661.SZ,20260721,南县中香泰食品有限公司,C,IN,911700.0,0.287,31319920.0,9.8581,None,31319920.0,20260708,20260717
688116.SH,20260721,王鸣光,G,IN,1386.0,0.0004,None,None,None,None,20260617,20260617
603927.SH,20260721,孙静,G,IN,30000.0,0.0036,5751136.0,0.692,12.99,5751136.0,20260506,20260720
603927.SH,20260721,王欣,G,IN,20000.0,0.0024,2470897.0,0.2973,13.0,2470897.0,20260506,20260720
603927.SH,20260721,张志华,G,IN,40000.0,0.0048,5263806.0,0.6334,12.91,5263806.0,20260506,20260720
603927.SH,20260721,孙熙杰,G,IN,89700.0,0.0108,4858722.0,0.5847,12.8506,4858722.0,20260506,20260720
603927.SH,20260721,左春,G,IN,37200.0,0.0045,8109264.0,0.9758,13.0699,8109264.0,20260506,20260720
603098.SH,20260721,刘爱森,G,IN,3831349.0,0.7111,140469505.0,26.0708,14.437,140469505.0,20260126,20260720
600075.SH,20260721,新疆天业(集团)有限公司,C,IN,9736040.0,0.5701,735355150.0,43.0587,4.153,735355150.0,20260630,20260720
002102.SZ,20260721,梅平,G,IN,100000.0,0.0046,None,None,None,None,20250703,20260717
605138.SH,20260721,宁波盛泰纺织有限公司,C,IN,4126400.0,0.7427,183754624.0,33.0749,5.788,183754624.0,20260630,20260720
601009.SH,20260721,江苏交通控股有限公司,C,IN,122672959.0,0.9922,1854535105.0,15.0,None,1854535105.0,20250923,20260717
600770.SH,20260721,南通综艺投资有限公司,C,IN,2307400.0,0.1775,261263109.0,20.0972,5.7019,261263109.0,20260526,20260720
002714.SZ,20260721,增持主体委托设立的信托计划,C,IN,12644570.0,0.3854,None,None,39.5427,None,20260626,20260717
603306.SH,20260721,臧琨,G,IN,22600.0,0.0069,22600.0,0.0069,64.23,22600.0,20260720,20260720
601127.SH,20260720,周林,G,IN,57100.0,0.0037,None,None,54.9912,298515.0,20260715,20260717
601127.SH,20260720,康波,G,IN,12500.0,0.0008,None,None,55.2,66997.0,20260715,20260717
601127.SH,20260720,王平,G,IN,42700.0,0.0027,None,None,55.5035,200283.0,20260715,20260717
601717.SH,20260720,李开顺,G,IN,80000.0,0.0052,None,None,14.885,281000.0,20260717,20260717
601717.SH,20260720,王永强,G,IN,20000.0,0.0013,None,None,14.8,302300.0,20260717,20260717
601717.SH,20260720,张易辰,G,IN,13500.0,0.0009,None,None,14.7556,100500.0,20260717,20260717
601966.SH,20260720,玲珑集团有限公司,C,IN,923900.0,0.0631,603324522.0,41.2247,None,603324522.0,20260610,20260717
601127.SH,20260720,刘联,G,IN,21600.0,0.0014,None,None,56.4815,370648.0,20260715,20260717
601127.SH,20260720,周林,G,IN,57100.0,0.0037,None,None,54.9912,298515.0,20260715,20260717
601127.SH,20260720,尹先知,G,IN,36600.0,0.0024,None,None,53.8251,101848.0,20260715,20260717
601127.SH,20260720,康波,G,IN,12500.0,0.0008,None,None,55.2,66997.0,20260715,20260717
601127.SH,20260720,王平,G,IN,42700.0,0.0027,None,None,55.5035,200283.0,20260715,20260717
601127.SH,20260720,申薇,G,IN,21300.0,0.0014,None,None,56.8075,138248.0,20260715,20260717
601127.SH,20260720,刘玲,G,IN,18400.0,0.0012,None,None,55.9783,45892.0,20260715,20260717
601127.SH,20260720,其他团队核心成员,P,IN,1395900.0,0.0896,None,None,71.6742,None,20260715,20260717
601678.SH,20260720,滨州和宜产业投资合伙企业(有限合伙),C,IN,12988114.0,0.6503,239246686.0,10.0,None,239246686.0,20260427,20260717
601717.SH,20260720,李开顺,G,IN,80000.0,0.0052,None,None,14.885,281000.0,20260717,20260717
601717.SH,20260720,王永强,G,IN,20000.0,0.0013,None,None,14.8,302300.0,20260717,20260717
601717.SH,20260720,张易辰,G,IN,13500.0,0.0009,None,None,14.7556,100500.0,20260717,20260717
301518.SZ,20260720,江苏长顺集团有限公司,C,IN,220200.0,0.4119,1060551.0,1.984,30.1283,63327402.0,20260623,20260717
600761.SH,20260720,安徽叉车集团有限责任公司,C,IN,242000.0,0.0272,319793142.0,35.9039,16.5289,319793142.0,20260626,20260717
300627.SZ,20260720,朴东国,G,IN,970000.0,0.1478,4412287.0,0.6725,28.13,14739146.0,20260602,20260717
603050.SH,20260718,张长虹,G,IN,41000.0,0.0102,106000.0,0.0263,18.9,106000.0,20260716,20260716
600810.SH,20260718,中国平煤神马控股集团有限公司,C,IN,5494100.0,0.5084,443447364.0,41.0313,6.2089,443447364.0,20260717,20260717
600509.SH,20260718,中新建电力集团有限责任公司,C,IN,13743900.0,1.0,480072640.0,34.9297,None,480072640.0,20260706,20260717
601882.SH,20260718,宁波海天股份有限公司,C,IN,955000.0,0.183,204279800.0,39.1341,None,204279800.0,20260715,20260717
603223.SH,20260718,SONG JIANBO,P,IN,3715400.0,0.5264,35291049.0,5.0,None,35291049.0,20260717,20260717
603306.SH,20260718,赵子妍,G,IN,145300.0,0.0441,None,None,None,380900.0,20260717,20260717
000590.SZ,20260718,上海赛乐仙企业管理咨询有限公司,C,IN,2394710.0,1.0005,6050220.0,2.5277,None,6050220.0,20260610,20260717
000598.SZ,20260718,信环绿色控股(北京)有限责任公司,C,IN,29856814.0,1.0022,212364896.0,7.1282,None,212364896.0,20260709,20260716
002833.SZ,20260718,李茂洪,G,IN,34000.0,0.0116,42144062.0,14.3804,16.1706,167136249.0,20260715,20260715
603050.SH,20260718,张长虹,G,IN,41000.0,0.0102,106000.0,0.0263,18.9,106000.0,20260716,20260716
000695.SZ,20260718,旭阳集团有限公司,C,IN,4550000.0,2.0513,40886000.0,18.4328,None,40886000.0,20260716,20260717
002833.SZ,20260718,李茂洪,G,IN,446000.0,0.1522,42110062.0,14.3688,16.2135,167102249.0,20260714,20260714
600703.SH,20260718,林志强,G,IN,1050000.0,0.021,2800000.0,0.0561,13.0314,2800000.0,20260717,20260717
301023.SZ,20260717,宋益群,P,IN,79100.0,0.1528,79100.0,0.1528,28.37,79100.0,20260717,20260717
300929.SZ,20260717,王凤仙,P,IN,503400.0,0.4016,2724200.0,2.1731,None,2724200.0,20260716,20260717
300929.SZ,20260717,王根九,P,IN,643260.0,0.5131,9821920.0,7.8349,None,9821920.0,20260716,20260717
603949.SH,20260717,贺财霖,G,IN,4214724.0,2.0051,25701360.0,12.2268,None,25701360.0,20260716,20260716
002318.SZ,20260717,湖州一亩田企业管理有限公司,C,IN,629100.0,0.0659,1829100.0,0.1916,17.477,1829100.0,20260715,20260715
002568.SZ,20260717,刘晓东,G,IN,1208900.0,0.1586,92980226.0,11.8831,None,364921602.0,20260710,20260715
300907.SZ,20260716,海南康平控股集团有限公司,C,IN,1440000.0,1.5,42060000.0,43.8125,None,42060000.0,20260630,20260716
002079.SZ,20260716,苏州通博电子器材有限公司,C,IN,2016900.0,0.2487,191367855.0,23.5983,None,191367855.0,20260702,20260714
002079.SZ,20260716,苏州通博电子器材有限公司,C,IN,2016900.0,0.2487,191367855.0,23.5985,None,191367855.0,20260714,20260714
600703.SH,20260715,林志强,G,IN,750000.0,0.015,1750000.0,0.0351,14.9536,1750000.0,20260714,20260714
300151.SZ,20260715,刘力,G,IN,120000.0,0.0325,None,None,18.73,620000.0,20260714,20260714
300929.SZ,20260715,王健业,P,IN,1257611.0,1.0032,3591101.0,2.8646,None,3591101.0,20260713,20260715
300929.SZ,20260715,王凤仙,P,IN,544500.0,0.4343,2220800.0,1.7715,None,2220800.0,20260715,20260715
300929.SZ,20260715,王根九,P,IN,3657600.0,2.9177,9178660.0,7.3218,None,9178660.0,20260713,20260715
601882.SH,20260715,宁波海天股份有限公司,C,IN,1338800.0,0.2565,203324800.0,38.9511,18.42,203324800.0,20260714,20260714
002146.SZ,20260715,王冰,G,IN,1376000.0,0.0352,1376000.0,0.0352,None,1376000.0,20260630,20260714
002146.SZ,20260715,邹家立,G,IN,1630000.0,0.0417,23820000.0,0.609,None,23820000.0,20260630,20260714
002146.SZ,20260715,隆小康,G,IN,1150000.0,0.0294,1150000.0,0.0294,None,1150000.0,20260630,20260714
002146.SZ,20260715,王晓辉,G,IN,100100.0,0.0026,100100.0,0.0026,None,100100.0,20260630,20260714
603656.SH,20260715,阳光新能源开发股份有限公司,C,IN,1868400.0,1.0213,45924126.0,25.1026,None,45924126.0,20260610,20260714
300151.SZ,20260715,刘力,G,IN,120000.0,0.0325,None,None,18.73,620000.0,20260714,20260714
002655.SZ,20260715,上海韦豪创芯投资管理有限公司,C,IN,2473800.0,0.6799,26531000.0,7.2915,None,26531000.0,20260507,20260714
002072.SZ,20260715,王文选,P,IN,58000.0,0.0158,58000.0,0.0158,None,58000.0,20260713,20260713
002072.SZ,20260715,陕西旭强瑞清洁能源集团有限公司,C,IN,1002600.0,0.2728,22457200.0,6.1103,None,22457200.0,20260713,20260713
002083.SZ,20260715,高密安信投资管理股份有限公司,C,IN,1947110.0,0.3236,104130264.0,11.0037,None,104130264.0,20260714,20260714
603337.SH,20260715,胡彩芳,G,IN,276000.0,0.0583,19338941.0,4.0823,None,19338941.0,20260714,20260715
601882.SH,20260715,宁波海天股份有限公司,C,IN,1338800.0,0.2565,203324800.0,38.9511,18.42,203324800.0,20260714,20260714
600703.SH,20260715,林志强,G,IN,750000.0,0.015,1750000.0,0.0351,14.9536,1750000.0,20260714,20260714
002602.SZ,20260814,上海吉运盛商务信息咨询合伙企业(有限合伙),C,DE,52596100.0,0.7738,143461027.0,2.1107,13.56,143461027.0,20260616,20260629
688229.SH,20260814,冯云彪,G,DE,700000.0,1.5766,3740000.0,8.4234,None,3740000.0,20260701,20260813
920570.BJ,20260814,厉全明,G,DE,20000.0,0.0785,836842.0,3.2829,25.54,3407368.0,20260805,20260811
920570.BJ,20260814,海盐坤铂企业管理咨询合伙企业(有限合伙),C,DE,61563.0,0.2415,1797075.0,7.0499,25.6562,5482437.0,20260806,20260811
605366.SH,20260814,新余市锦宏科技合伙企业(有限合伙),C,DE,3260000.0,0.4218,2719859.0,0.3519,12.4986,2719859.0,20260518,20260813
603738.SH,20260814,喻信东,G,DE,3800000.0,0.9847,68765200.0,17.82,None,68765200.0,20260812,20260813
601121.SH,20260814,嘉兴宝润企业管理合伙企业(有限合伙),C,DE,600000.0,0.075,None,None,6.97,1991000.0,20260728,20260811
601121.SH,20260814,嘉兴宝益企业管理合伙企业(有限合伙),C,DE,110000.0,0.0138,None,None,6.63,2120000.0,20260708,20260709
605598.SH,20260814,海南隆湾投资控股有限公司,C,DE,500700.0,0.206,164547000.0,67.7101,None,164547000.0,20260703,20260703
603045.SH,20260814,陈松扬,P,DE,69634.0,0.0514,208966.0,0.1543,None,208966.0,20260715,20260720
603045.SH,20260814,王达武,G,DE,601500.0,0.4441,31583906.0,23.3186,None,31583906.0,20260715,20260813
002240.SZ,20260814,肖波,G,DE,10000.0,0.0011,50750.0,0.0056,49.0,233000.0,20260526,20260526
002240.SZ,20260814,王琪,G,DE,95000.0,0.0104,0.0,None,49.57,285000.0,20260514,20260609
002240.SZ,20260814,方轶,G,DE,34000.0,0.0037,34050.0,0.0037,50.0,238200.0,20260520,20260520
688222.SH,20260814,深圳市钧天投资企业(有限合伙),C,DE,3524092.0,0.8795,6543659.0,1.6331,37.0103,6543659.0,20260710,20260812
603520.SH,20260814,胡锦生,G,DE,10187133.0,2.3237,33804993.0,7.7108,None,33804993.0,20260713,20260812
300321.SZ,20260813,华盛百利投资发展(北京)有限公司,C,DE,6000.0,0.0068,5878323.0,6.6275,None,5878323.0,20260701,20260702
301370.SZ,20260813,泰康人寿保险有限责任公司-分红-团体分红-019L-FH001深,C,DE,446200.0,0.0948,5623291.0,1.1949,None,5623291.0,20260803,20260812
301370.SZ,20260813,泰康人寿保险有限责任公司-分红-个人分红-019L-FH002深,C,DE,1337900.0,0.2843,16870573.0,3.5849,None,16870573.0,20260803,20260812
301370.SZ,20260813,泰康人寿保险有限责任公司-传统-普通保险产品-019L-CT001深,C,DE,2677400.0,0.5689,33739546.0,7.1695,None,33739546.0,20260803,20260812
688073.SH,20260813,舟山兰旦企业管理合伙企业(有限合伙),C,DE,475290.0,0.523,1660626.0,1.8272,None,1660626.0,20260708,20260811
688073.SH,20260813,吴波,P,DE,24515.0,0.027,723870.0,0.7965,None,723870.0,20260609,20260811
688073.SH,20260813,舟山欣曦企业管理合伙企业(有限合伙),C,DE,82404.0,0.0907,2159651.0,2.3763,None,2159651.0,20260708,20260811
688479.SH,20260813,上海烽赢宏企业管理中心(有限合伙),C,DE,2415000.0,2.7911,4212600.0,4.8687,25.6834,4212600.0,20260806,20260811
688479.SH,20260813,上海屹赢友企业管理中心(有限合伙),C,DE,3623000.0,4.1873,4665000.0,5.3915,25.6835,4665000.0,20260806,20260811
300599.SZ,20260813,梁大军,G,DE,7500.0,0.0024,0.0,None,12.8653,22500.0,20260527,20260811
002826.SZ,20260813,周战,P,DE,658900.0,0.3567,8874925.0,4.8043,16.37,8874925.0,20260811,20260811
920571.BJ,20260813,何志强,G,DE,55725.0,0.0188,None,None,11.27,167175.0,20260615,20260615
920571.BJ,20260813,薛勇,G,DE,649738.0,0.2194,None,None,10.0282,1949216.0,20260609,20260811
603209.SH,20260813,山东日盈投资有限公司,C,DE,281300.0,0.0875,1608600.0,0.5004,None,1608600.0,20260810,20260811
603382.SH,20260813,福建赢石创业投资合伙企业(有限合伙),C,DE,923100.0,0.7993,9062547.0,7.8473,None,9062547.0,20260707,20260812
688479.SH,20260813,上海烽赢宏企业管理中心(有限合伙),C,DE,2415000.0,2.7911,4212600.0,4.8687,25.6834,4212600.0,20260806,20260811
688479.SH,20260813,上海屹赢友企业管理中心(有限合伙),C,DE,3623000.0,4.1873,4665000.0,5.3915,25.6835,4665000.0,20260806,20260811
920906.BJ,20260813,宁波万舜投资管理合伙企业(有限合伙),C,DE,120000.0,0.3598,None,None,16.5564,1240000.0,20260724,20260811
688603.SH,20260813,宁波市睿兴二期股权投资合伙企业(有限合伙),C,DE,848591.0,1.7895,0.0,None,146.7979,0.0,20260515,20260616
603072.SH,20260813,南通元龙创业投资合伙企业(有限合伙),C,DE,1648300.0,1.3058,9054990.0,7.1734,38.5573,9054990.0,20260514,20260811
002824.SZ,20260813,霍润,P,DE,500000.0,0.2211,19892787.0,8.7953,18.04,19892787.0,20260803,20260804
002824.SZ,20260813,霍润,P,DE,500000.0,0.2211,20392787.0,9.0163,None,20392787.0,20260616,20260616
688221.SH,20260813,CHANGJIN WANG,P,DE,2330767.0,0.6222,18728733.0,4.9999,None,18728733.0,20260806,20260811
600613.SH,20260813,张之君,P,DE,5340700.0,1.1142,9021650.0,1.6892,None,9021650.0,20260810,20260812
688685.SH,20260813,苏州至辉中安创业投资合伙企业(有限合伙),C,DE,497454.0,0.3387,0.0,None,48.9715,0.0,20260513,20260812
688685.SH,20260813,南京道丰投资管理中心(普通合伙),C,DE,6800.0,0.0046,48532.0,0.033,53.4124,48532.0,20260513,20260812
688685.SH,20260813,伊犁苏新投资基金合伙企业(有限合伙),C,DE,248160.0,0.169,3180576.0,2.1658,53.6345,3180576.0,20260513,20260812
300599.SZ,20260813,梁大军,G,DE,7500.0,0.0024,0.0,None,12.8653,22500.0,20260527,20260811
300599.SZ,20260813,梁大军,G,DE,7500.0,0.0024,0.0,None,12.8653,22500.0,20260527,20260811
600221.SH,20260813,天津渤海四号租赁有限公司,C,DE,20000000.0,0.0467,36214128.0,0.0838,None,36214128.0,20260731,20260811
600221.SH,20260813,安隆(天津)航空租赁有限公司,C,DE,66869300.0,0.1561,97924348.0,0.2266,None,97924348.0,20260731,20260811
688191.SH,20260812,陈晓娟,G,DE,280000.0,0.0854,3603849.0,1.0987,23.5234,3603849.0,20260610,20260810
300790.SZ,20260812,张品光,G,DE,4500000.0,0.9796,9911614.0,2.1576,17.47,53146457.0,20260729,20260811
300417.SZ,20260812,叶淑娟,P,DE,188000.0,0.2249,383385.0,0.4586,10.8,3925740.0,20260804,20260811
300826.SZ,20260812,刘键,G,DE,10000.0,0.0046,1558.0,0.0007,14.2116,186230.0,20260811,20260811
300826.SZ,20260812,刘键,G,DE,10000.0,0.0046,11558.0,0.0053,14.47,196230.0,20260810,20260810
300826.SZ,20260812,刘键,G,DE,20000.0,0.0091,21558.0,0.0098,13.8657,206230.0,20260807,20260807
300826.SZ,20260812,刘键,G,DE,20000.0,0.0091,41558.0,0.0189,13.315,226230.0,20260805,20260805
300276.SZ,20260812,陈巍,P,DE,4446000.0,0.4206,15770687.0,1.4918,None,76420746.0,20260811,20260811
300836.SZ,20260812,肖朝蓬,G,DE,1853500.0,2.9212,3066008.0,4.8322,40.29,20536533.0,20260810,20260810
301312.SZ,20260812,黄剑锋,G,DE,108684.0,0.1282,3379103.0,3.986,None,16083250.0,20260810,20260811
301312.SZ,20260812,关巍,G,DE,655402.0,0.7731,8151690.0,9.6158,None,37794726.0,20260810,20260811
301312.SZ,20260812,邱鹏,G,DE,956320.0,1.1281,11329285.0,13.3641,None,52728640.0,20260810,20260811
300836.SZ,20260812,肖朝蓬,G,DE,781400.0,1.2315,4919508.0,7.7534,48.45,22390033.0,20260720,20260807
300618.SZ,20260812,梁建坤,G,DE,300100.0,0.1101,40546132.0,14.8795,38.02,40546132.0,20260811,20260811
300618.SZ,20260812,梁建坤,G,DE,415803.0,0.1526,40846232.0,14.9896,39.52,40846232.0,20260810,20260810
300618.SZ,20260812,梁建坤,G,DE,66100.0,0.0243,41262035.0,15.1422,38.26,41262035.0,20260624,20260624
300922.SZ,20260812,潘建辉,P,DE,526260.0,0.417,2388619.0,1.8926,17.52,2388619.0,20260804,20260810
300826.SZ,20260812,刘键,G,DE,10000.0,0.0046,1558.0,0.0007,14.2116,186230.0,20260811,20260811
300826.SZ,20260812,刘键,G,DE,10000.0,0.0046,11558.0,0.0053,14.47,196230.0,20260810,20260810
300826.SZ,20260812,刘键,G,DE,20000.0,0.0091,21558.0,0.0098,13.8657,206230.0,20260807,20260807
300826.SZ,20260812,刘键,G,DE,20000.0,0.0091,41558.0,0.0189,13.315,226230.0,20260805,20260805
688755.SH,20260812,杭州清科致盛投资合伙企业(有限合伙),C,DE,283138.0,0.3545,5495907.0,6.8813,None,5495907.0,20260807,20260811
688191.SH,20260812,孙培翔,G,DE,210000.0,0.064,1694795.0,0.5167,26.906,1694795.0,20260612,20260807
603967.SH,20260812,楚旭日,G,DE,230000.0,0.0663,694000.0,0.2002,11.6144,694000.0,20260609,20260810
603803.SH,20260812,冯雪松,P,DE,4248830.0,1.0,0.0,None,None,0.0,20260616,20260811
000908.SZ,20260812,叶湘伦,P,DE,250000.0,0.0284,1877724.0,0.2134,None,1877724.0,20260703,20260703
002300.SZ,20260812,福建亿力集团有限公司,C,DE,2858500.0,0.3958,72233366.0,10.0005,None,72233366.0,20260810,20260810
920504.BJ,20260812,韩培养,P,DE,40000.0,0.234,20000.0,0.117,None,20000.0,20260810,20260810
920504.BJ,20260812,吕国平,P,DE,38000.0,0.2223,48000.0,0.2808,None,48000.0,20260810,20260810
920504.BJ,20260812,吕明媚,P,DE,10000.0,0.0585,800000.0,4.6806,None,800000.0,20260810,20260810
600052.SH,20260812,东阳市新岭科技有限公司,C,DE,3320600.0,0.3933,25325839.0,3.0,3.87,25325839.0,20260707,20260811
000949.SZ,20260812,中原资产管理有限公司,C,DE,12691901.0,0.7662,182186984.0,10.9987,None,182186984.0,20260709,20260811
600026.SH,20260812,倪艺丹,G,DE,13600.0,0.0004,None,None,None,40890.0,20260512,20260811
600026.SH,20260812,朱迈进,P,DE,25700.0,0.0007,None,None,None,77280.0,20260512,20260811
688607.SH,20260812,高鹏,G,DE,814473.0,1.0267,3087700.0,3.8923,None,3087700.0,20260707,20260811
688755.SH,20260812,杭州清科致盛投资合伙企业(有限合伙),C,DE,283138.0,0.3545,5495907.0,6.8813,None,5495907.0,20260807,20260811
688191.SH,20260812,胡志坤,G,DE,70000.0,0.0213,426020.0,0.1299,32.4773,426020.0,20260609,20260610
688191.SH,20260812,王书堂,G,DE,112000.0,0.0341,727913.0,0.2219,33.4938,727913.0,20260609,20260612
688191.SH,20260812,鲍春飞,G,DE,112000.0,0.0341,1150568.0,0.3508,17.7,1150568.0,20260731,20260731
688191.SH,20260812,张万征,G,DE,98000.0,0.0299,1233397.0,0.376,33.6195,1233397.0,20260611,20260612
688191.SH,20260812,孙培翔,G,DE,210000.0,0.064,1694795.0,0.5167,26.906,1694795.0,20260612,20260807
688191.SH,20260812,陈晓娟,G,DE,280000.0,0.0854,3603849.0,1.0987,23.5234,3603849.0,20260610,20260810
600400.SH,20260812,红豆集团有限公司,C,DE,81500000.0,3.5568,1271208418.0,55.478,None,1271208418.0,20230619,20260807
688122.SH,20260812,西北有色金属研究院,C,DE,2000000.0,0.3079,134151200.0,20.6493,54.0089,134151200.0,20260803,20260806
600667.SH,20260812,王毅勃,G,DE,38300.0,0.0018,None,None,19.016,163110.0,20260805,20260807
600067.SH,20260812,福建丰榕投资有限公司,C,DE,5560000.0,0.3995,487003466.0,34.9942,None,487003466.0,20260811,20260811
603967.SH,20260812,楚旭日,G,DE,230000.0,0.0663,694000.0,0.2002,11.6144,694000.0,20260609,20260810
603803.SH,20260812,冯雪松,P,DE,4248830.0,1.0,0.0,None,None,0.0,20260616,20260811
603260.SH,20260812,宁波合盛集团有限公司,C,DE,7881379.0,0.6667,420078930.0,35.5335,None,420078930.0,20260805,20260810
002192.SZ,20260812,计阳配偶,P,DE,1300.0,0.0005,None,None,None,None,20260714,20260714
688217.SH,20260812,浙江大健康产业股权投资基金(有限合伙),C,DE,56937.0,0.1019,5585464.0,9.9998,None,5585464.0,20260716,20260810
603912.SH,20260812,南京楷得投资有限公司,C,DE,6190000.0,1.1414,145028773.0,26.742,None,145028773.0,20260807,20260810
688229.SH,20260811,孟曦东,G,DE,441000.0,0.9932,2915610.0,6.5667,None,2915610.0,20260810,20260810
301322.SZ,20260811,广州创钰凯越创业投资基金合伙企业(有限合伙),C,DE,1149000.0,1.1942,564754.0,0.587,None,564754.0,20260810,20260810
301322.SZ,20260811,珠海创钰铭汇股权投资基金企业(有限合伙),C,DE,499000.0,0.5186,2325500.0,2.417,None,2325500.0,20260810,20260810
301322.SZ,20260811,广州创钰铭晨股权投资基金企业(有限合伙),C,DE,1205000.0,1.2524,3520934.0,3.6595,None,3520934.0,20260810,20260810
688293.SH,20260811,北京磐茂投资管理有限公司-磐信(上海)投资中心(有限合伙),C,DE,653694.0,0.5579,7109664.0,6.068,None,7109664.0,20260714,20260807
688293.SH,20260811,北京磐茂投资管理有限公司-磐信(上海)投资中心(有限合伙),C,DE,214000.0,0.188,7763358.0,6.8207,None,7763358.0,20260630,20260713
688293.SH,20260811,北京磐茂投资管理有限公司-磐信(上海)投资中心(有限合伙),C,DE,363800.0,0.3196,7977358.0,7.0087,None,7977358.0,20260604,20260629
603225.SH,20260811,屈凤琪,P,DE,13648500.0,0.818,82668238.0,4.9545,None,82668238.0,20260803,20260810
688180.SH,20260811,上海檀英投资合伙企业(有限合伙),C,DE,10040000.0,1.31,45459326.0,4.4278,None,45459326.0,20260616,20260810
688361.SH,20260811,国投(上海)科技成果转化创业投资基金企业(有限合伙),C,DE,2797053.0,0.7945,24470140.0,6.9507,None,24470140.0,20260519,20260810
688229.SH,20260811,上海元亨利汇咨询管理中心(有限合伙),C,DE,193390.0,0.4356,890000.0,2.0045,None,890000.0,20260804,20260805
688229.SH,20260811,孟曦东,G,DE,441000.0,0.9932,2915610.0,6.5667,None,2915610.0,20260810,20260810
688119.SH,20260811,国新双百壹号(杭州)股权投资合伙企业(有限合伙),C,DE,8134416.0,0.7231,70615584.0,6.2769,None,70615584.0,20260515,20260622
688213.SH,20260811,国家集成电路产业投资基金二期股份有限公司,C,DE,2816100.0,0.8705,24115503.0,7.4543,99.8453,24115503.0,20260630,20260810
688153.SH,20260811,深圳市贵人资本投资有限公司,C,DE,4732881.0,1.1318,20349214.0,4.8663,None,20349214.0,20260709,20260807
688180.SH,20260811,贺铭,P,DE,882600.0,0.1152,2647980.0,0.2579,38.0052,2647980.0,20260703,20260810
603291.SH,20260811,UW Holdings Limited,C,DE,8528006.0,2.015,12632983.0,2.985,None,12632983.0,20260623,20260807
002150.SZ,20260811,珠海悦宁管理咨询合伙企业(有限合伙),C,DE,95800.0,0.0267,7292148.0,2.034,None,7292148.0,20260806,20260806
920735.BJ,20260811,天津药物研究院有限公司,C,DE,1108049.0,0.9708,7742855.0,6.7841,27.4303,7742855.0,20260716,20260807
002150.SZ,20260811,珠海康东股权投资合伙企业(有限合伙),C,DE,17000.0,0.0047,10638433.0,2.9674,None,10638433.0,20260806,20260806
002150.SZ,20260811,珠海悦宁管理咨询合伙企业(有限合伙),C,DE,3548800.0,0.9899,3743348.0,1.0442,20.5,3743348.0,20260807,20260807
002150.SZ,20260811,珠海悦宁管理咨询合伙企业(有限合伙),C,DE,95800.0,0.0267,7292148.0,2.034,None,7292148.0,20260803,20260806
002870.SZ,20260811,赵玉昆,G,DE,959200.0,0.7394,16080800.0,12.3953,None,16080800.0,20260702,20260724
920735.BJ,20260811,天津药物研究院有限公司,C,DE,1108049.0,0.9708,7742855.0,6.7841,27.4303,7742855.0,20260716,20260807
000788.SZ,20260811,西南合成医药集团有限公司,C,DE,1071115.0,0.1797,125424602.0,21.0448,None,125424602.0,20260805,20260807
300369.SZ,20260811,车海辚,G,DE,20000.0,0.0025,70000.0,0.0087,8.28,340000.0,20260806,20260806
300369.SZ,20260811,叶晓虎,G,DE,116700.0,0.0144,4050.0,0.0005,8.12,366299.0,20260806,20260806
002150.SZ,20260811,珠海康东股权投资合伙企业(有限合伙),C,DE,17000.0,0.0047,10638433.0,2.9674,None,10638433.0,20260803,20260806
920592.BJ,20260811,信华信技术股份有限公司,C,DE,403975.0,0.8034,4856150.0,9.6571,21.2022,4856150.0,20260728,20260810
601065.SH,20260811,宁波信达汉石龙脊股权投资合伙企业(有限合伙),C,DE,1690000.0,0.2629,76271678.0,11.866,None,76271678.0,20260810,20260810
300251.SZ,20260810,上海汉涛信息咨询有限公司,C,DE,22576000.0,0.8134,124103406.0,4.4716,None,124103406.0,20260625,20260810
300558.SZ,20260810,杭州特瑞西创企业管理合伙企业(有限合伙),C,DE,495900.0,0.1175,28301161.0,6.7066,69.99,28301161.0,20260508,20260807
301093.SZ,20260810,肖锋,G,DE,94600.0,0.0465,40.0,0.0,69.31,283960.0,20260715,20260807
300558.SZ,20260810,杭州特瑞西创企业管理合伙企业(有限合伙),C,DE,495900.0,0.1175,28301161.0,6.7066,69.99,28301161.0,20260508,20260807
300619.SZ,20260810,张启发,G,DE,1180000.0,0.6196,7378458.0,3.8746,None,43084931.0,20260805,20260805
300619.SZ,20260810,张启发,G,DE,953900.0,0.5009,8558458.0,4.4942,None,44264931.0,20260804,20260804
301093.SZ,20260810,肖锋,G,DE,94600.0,0.0465,40.0,0.0,69.31,283960.0,20260715,20260807
301602.SZ,20260810,中信建投基金-招商银行-中信建投基金-共赢41号员工参与战略配售集合资产管理计划,C,DE,2119853.0,1.0167,3775669.0,1.8109,14.98,3775669.0,20260508,20260807
301008.SZ,20260808,吴红平,G,DE,22500.0,0.0195,67500.0,0.0584,39.81,67500.0,20260616,20260807
603668.SH,20260808,陈庆堂,G,DE,2079913.0,0.4112,94270000.0,18.6379,None,94270000.0,20260805,20260805
688063.SH,20260808,派锂(宁波)创业投资合伙企业(有限合伙),C,DE,54021.0,0.022,12268166.0,5.0001,None,12268166.0,20260806,20260806
002800.SZ,20260808,王普宇,P,DE,217700.0,0.1473,3246600.0,2.196,11.26,3246600.0,20260731,20260731
002800.SZ,20260808,王普宇,P,DE,200000.0,0.1353,3464300.0,2.3432,11.1,3464300.0,20260729,20260729
002800.SZ,20260808,王普宇,P,DE,726000.0,0.4911,3664300.0,2.4785,10.51,3664300.0,20260727,20260727
603153.SH,20260808,上海见理企业咨询合伙企业(有限合伙),C,DE,233400.0,0.0578,None,None,None,3780151.0,20260526,20260806
603153.SH,20260808,上海见叶企业咨询合伙企业(有限合伙),C,DE,471600.0,0.1168,None,None,None,4631751.0,20260526,20260806
688097.SH,20260808,黄良之,G,DE,26103.0,0.0059,None,None,65.7928,100918.0,20260525,20260617
688097.SH,20260808,蒋健,G,DE,28869.0,0.0065,None,None,70.5,86608.0,20260605,20260605
002800.SZ,20260808,王普宇,P,DE,1143700.0,0.7736,3246600.0,2.196,None,3246600.0,20260727,20260731
002698.SZ,20260808,联创未来(武汉)智能制造产业投资合伙企业(有限合伙),C,DE,8173031.0,0.9682,83823082.0,9.93,None,83823082.0,20260730,20260807
688097.SH,20260808,苏州众二股权投资合伙企业(有限合伙),C,DE,2684489.0,0.601,110672890.0,24.7786,None,110672890.0,20260616,20260807
920422.BJ,20260808,熊新国,G,DE,766910.0,1.1581,1858090.0,2.8058,None,9733090.0,20260730,20260807
920504.BJ,20260808,应芸,G,DE,25000.0,0.1463,None,None,17.0571,75000.0,20260803,20260806
603057.SH,20260808,宁国筑巢企业管理咨询服务合伙企业(有限合伙),C,DE,82100.0,0.0199,None,None,22.1,2657543.0,20260807,20260807
688063.SH,20260808,派锂(宁波)创业投资合伙企业(有限合伙),C,DE,54021.0,0.022,12268166.0,5.0001,None,12268166.0,20260325,20260806
688060.SH,20260808,张奎,G,DE,120000.0,0.1994,3520000.0,5.8481,None,3520000.0,20260806,20260806
688147.SH,20260808,无锡聚海盈管理咨询合伙企业(有限合伙),C,DE,4644600.0,1.0,32377521.0,6.971,96.6874,32377521.0,20260731,20260807
603057.SH,20260808,宁国衔泥企业管理咨询服务合伙企业(有限合伙),C,DE,178000.0,0.0432,None,None,22.75,2561643.0,20260731,20260805
301008.SZ,20260808,吴红平,G,DE,22500.0,0.0195,67500.0,0.0584,39.81,67500.0,20260616,20260807
002637.SZ,20260808,方银军,P,DE,281800.0,0.0606,23520040.0,5.0583,None,23520040.0,20260803,20260806
920422.BJ,20260808,熊新国,G,DE,766910.0,1.1581,1858090.0,2.8058,None,9733090.0,20260730,20260807
601133.SH,20260808,无锡荣基企业管理合伙企业(有限合伙),C,DE,2032400.0,0.3876,12967600.0,2.4729,None,12967600.0,20260806,20260806
002266.SZ,20260808,叶标,P,DE,52192700.0,1.0778,492291617.0,10.1659,None,492291617.0,20260723,20260806
002558.SZ,20260808,上海腾澎投资合伙企业(有限合伙),C,DE,18935561.0,0.9963,176639115.0,9.294,None,176639115.0,20260716,20260807
002873.SZ,20260808,上海新天智药生物技术有限公司,C,DE,4655000.0,1.9421,61480566.0,25.65,None,61480566.0,20260803,20260806
920504.BJ,20260808,应芸,G,DE,25000.0,0.1463,None,None,17.0571,75000.0,20260803,20260806
920493.BJ,20260808,银杏华清投资基金管理(北京)有限公司,C,DE,37067.0,0.083,529269.0,1.1857,None,529269.0,20260805,20260807
920493.BJ,20260808,清控银杏南通创业投资基金合伙企业(有限合伙),C,DE,59900.0,0.1342,1663851.0,3.7275,None,1663851.0,20260805,20260807
920792.BJ,20260808,毕一明,G,DE,19813.0,0.0195,4464825.0,4.3934,11.6709,17909411.0,20260508,20260807
920014.BJ,20260808,王昊,G,DE,1151700.0,1.7177,335266.0,0.5,9.068,4941066.0,20260710,20260807
301008.SZ,20260808,吴红平,G,DE,22500.0,0.0195,67500.0,0.0584,39.81,67500.0,20260616,20260807
603153.SH,20260808,上海见理企业咨询合伙企业(有限合伙),C,DE,233400.0,0.0578,None,None,None,3780151.0,20260526,20260806
603153.SH,20260808,上海见叶企业咨询合伙企业(有限合伙),C,DE,471600.0,0.1168,None,None,None,4631751.0,20260526,20260806
603153.SH,20260808,上海见筠企业咨询合伙企业(有限合伙),C,DE,490532.0,0.1215,4659819.0,1.154,None,4659819.0,20260526,20260806
603153.SH,20260808,上海见盛企业咨询合伙企业(有限合伙),C,DE,274200.0,0.0679,5061151.0,1.2534,None,5061151.0,20260526,20260806
603153.SH,20260808,上海见鑫企业咨询合伙企业(有限合伙),C,DE,367100.0,0.0909,6174151.0,1.5291,None,6174151.0,20260526,20260806
603153.SH,20260808,上海见慧企业咨询合伙企业(有限合伙),C,DE,380000.0,0.0941,8337251.0,2.0648,None,8337251.0,20260526,20260806
603668.SH,20260808,陈庆昌,G,DE,1993912.0,0.3942,0.0,None,None,0.0,20260806,20260806
603668.SH,20260808,陈庆堂,G,DE,2079913.0,0.4112,94270000.0,18.6379,None,94270000.0,20260805,20260805
600797.SH,20260808,浙江网新集团有限公司,C,DE,3100000.0,0.3017,61650000.0,5.9998,None,61650000.0,20260617,20260806
600875.SH,20260808,李建华,G,DE,15500.0,0.0007,46500.0,0.0017,None,46500.0,20260506,20260805
301312.SZ,20260807,邱鹏,G,DE,600000.0,0.7078,12285605.0,14.4922,None,53684960.0,20260807,20260807
301312.SZ,20260807,关巍,G,DE,400000.0,0.4718,8807092.0,10.3889,None,38450128.0,20260807,20260807
301312.SZ,20260807,黄剑锋,G,DE,200000.0,0.2359,3487787.0,4.1142,None,16191934.0,20260807,20260807
300263.SZ,20260807,李明强,G,DE,5960000.0,0.611,400.0,0.0,None,29881600.0,20260703,20260807
300263.SZ,20260807,田国华,G,DE,70000.0,0.0072,700.0,0.0001,16.59,212800.0,20260702,20260807
300263.SZ,20260807,张源远,G,DE,95000.0,0.0097,0.0,None,15.83,285000.0,20260702,20260807
300263.SZ,20260807,李江文,G,DE,198000.0,0.0203,844.0,0.0001,16.19,597375.0,20260702,20260807
300417.SZ,20260807,杨伟光,G,DE,390000.0,0.4666,1755235.0,2.0998,10.54,8190940.0,20260803,20260806
300563.SZ,20260807,陈宏,G,DE,122500.0,0.0967,0.0,None,24.1,367500.0,20260806,20260806
300700.SZ,20260807,段志明,G,DE,2763200.0,0.7775,1318274.0,0.3709,None,40316364.0,20260803,20260806
300263.SZ,20260807,李明强,G,DE,5960000.0,0.611,400.0,0.0,None,29881600.0,20260703,20260807
300263.SZ,20260807,田国华,G,DE,70000.0,0.0072,700.0,0.0001,16.59,212800.0,20260702,20260807
300263.SZ,20260807,张源远,G,DE,95000.0,0.0097,0.0,None,15.83,285000.0,20260702,20260807
300263.SZ,20260807,李江文,G,DE,198000.0,0.0203,844.0,0.0001,16.19,597375.0,20260702,20260807
300417.SZ,20260807,杨伟光,G,DE,390000.0,0.4666,1755235.0,2.0998,10.54,8190940.0,20260803,20260806
300650.SZ,20260807,苏芳,P,DE,952700.0,0.5593,12070180.0,7.0857,None,12070180.0,20260731,20260806
300127.SZ,20260807,成都市银河工业(集团)有限公司,C,DE,708100.0,0.3068,95596430.0,41.4167,28.37,95596430.0,20260622,20260806
300563.SZ,20260807,陈宏,G,DE,122500.0,0.0967,0.0,None,24.1,367500.0,20260806,20260806
301580.SZ,20260807,苏州君联欣康创业投资合伙企业(有限合伙),C,DE,213280.0,0.2116,3681619.0,3.6523,None,3681619.0,20260709,20260806
301580.SZ,20260807,康拓有限公司,C,DE,1320320.0,1.3098,5227539.0,5.186,None,5227539.0,20260709,20260806
301312.SZ,20260807,邱鹏,G,DE,600000.0,0.7078,12285605.0,14.4922,None,53684960.0,20260807,20260807
301312.SZ,20260807,关巍,G,DE,400000.0,0.4718,8807092.0,10.3889,None,38450128.0,20260807,20260807
301312.SZ,20260807,黄剑锋,G,DE,200000.0,0.2359,3487787.0,4.1142,None,16191934.0,20260807,20260807
300263.SZ,20260807,李明强,G,DE,5960000.0,0.611,400.0,0.0,None,29881600.0,20260703,20260807
300263.SZ,20260807,田国华,G,DE,70000.0,0.0072,700.0,0.0001,16.59,212800.0,20260702,20260807
300263.SZ,20260807,张源远,G,DE,95000.0,0.0097,0.0,None,15.83,285000.0,20260702,20260807
300263.SZ,20260807,李江文,G,DE,198000.0,0.0203,844.0,0.0001,16.19,597375.0,20260702,20260807
301332.SZ,20260807,磐茂(上海)投资中心(有限合伙),C,DE,4450000.0,1.6803,58168875.0,21.9638,None,58168875.0,20260806,20260807
600446.SH,20260807,赵剑,G,DE,1117500.0,0.1187,60676238.0,6.4462,None,60676238.0,20260506,20260805
603269.SH,20260807,金敖大,G,DE,2854900.0,0.6609,51082701.0,11.8262,None,51082701.0,20260805,20260805
688702.SH,20260807,国家集成电路产业投资基金股份有限公司,C,DE,4100000.0,2.0198,41000200.0,20.198,None,41000200.0,20260721,20260806
002999.SZ,20260807,刘勇峰,G,DE,10000.0,0.0029,78594.0,0.0229,None,344375.0,20260511,20260511
300599.SZ,20260807,黄锦禧,G,DE,2272000.0,0.7189,68130700.0,21.5591,None,68130700.0,20260804,20260805
688113.SH,20260807,黄冰溶,G,DE,17500.0,0.0272,4350087.0,6.755,None,4350087.0,20260506,20260805
688113.SH,20260807,张辉,G,DE,53060.0,0.0824,2802440.0,4.3518,None,2802440.0,20260506,20260805
688113.SH,20260807,李辉,G,DE,22444.0,0.0349,4413161.0,6.853,None,4413161.0,20260506,20260805
002999.SZ,20260807,刘勇峰,G,DE,10000.0,0.0029,78594.0,0.0229,None,344375.0,20260511,20260511
603083.SH,20260807,上海康令科技合伙企业(有限合伙),C,DE,1455300.0,0.5281,4395176.0,1.1935,None,4395176.0,20260513,20260707
603083.SH,20260807,Cambridge Industries Company Limited,C,DE,2483000.0,0.901,29542735.0,8.0225,None,29542735.0,20260529,20260624
301380.SZ,20260807,陈坤,P,DE,341900.0,0.4235,15429624.0,19.1106,None,15429624.0,20260805,20260805
603052.SH,20260807,施惠庆,G,DE,90000.0,0.0479,53443328.0,28.4428,None,53443328.0,20260803,20260806
002811.SZ,20260807,深圳市亚泰一兆投资有限公司,C,DE,2767500.0,0.9793,130200417.0,47.0538,None,130200417.0,20260730,20260805
002278.SZ,20260807,王祥伟,P,DE,100000.0,0.0301,22461561.0,6.7502,11.12,22461561.0,20260511,20260511
603823.SH,20260807,百合花控股有限公司,C,DE,3125120.0,0.7506,259777741.0,62.3914,None,259777741.0,20260714,20260806
300599.SZ,20260807,黄锦禧,G,DE,2272000.0,0.7189,68130700.0,21.5591,None,68130700.0,20260804,20260805
688113.SH,20260807,黄冰溶,G,DE,17500.0,0.0272,4350087.0,6.755,None,4350087.0,20260506,20260805
688113.SH,20260807,张辉,G,DE,53060.0,0.0824,2802440.0,4.3518,None,2802440.0,20260506,20260805
688113.SH,20260807,李辉,G,DE,22444.0,0.0349,4413161.0,6.853,None,4413161.0,20260506,20260805
920415.BJ,20260807,刘瑾,G,DE,22500.0,0.0208,None,None,9.2409,67500.0,20260804,20260805
920415.BJ,20260807,潘小玲,G,DE,87950.0,0.0813,None,None,9.3123,263850.0,20260805,20260805
920415.BJ,20260807,刘德永,G,DE,284679.0,0.263,None,None,9.172,909321.0,20260731,20260805
920415.BJ,20260807,牟轶,G,DE,62500.0,0.0577,None,None,9.3319,187500.0,20260805,20260805
688115.SH,20260807,深圳市鸿盛泰壹号创业投资合伙企业(有限合伙),C,DE,466700.0,0.5,5345400.0,5.7269,None,5345400.0,20260806,20260806
920415.BJ,20260807,刘瑾,G,DE,22500.0,0.0208,None,None,9.2409,67500.0,20260804,20260805
920415.BJ,20260807,潘小玲,G,DE,87950.0,0.0813,None,None,9.3123,263850.0,20260805,20260805
920415.BJ,20260807,刘德永,G,DE,284679.0,0.263,None,None,9.172,909321.0,20260731,20260805
920415.BJ,20260807,牟轶,G,DE,62500.0,0.0577,None,None,9.3319,187500.0,20260805,20260805
600446.SH,20260807,赵剑,G,DE,1117500.0,0.1187,60676238.0,6.4462,None,60676238.0,20260506,20260805
603269.SH,20260807,金敖大,G,DE,2854900.0,0.6609,51082701.0,11.8262,None,51082701.0,20260805,20260805
600866.SH,20260807,宁夏伊品投资集团有限公司,C,DE,19000000.0,1.1436,147147329.0,8.8564,None,147147329.0,20260730,20260805
002923.SZ,20260807,李希,P,DE,2720000.0,1.0539,76505382.0,29.6435,None,76505382.0,20260804,20260805
301312.SZ,20260806,黄剑锋,G,DE,546929.0,0.6452,3687787.0,4.3501,None,16391934.0,20260630,20260806
301312.SZ,20260806,关巍,G,DE,673920.0,0.795,9207092.0,10.8608,None,38850128.0,20260630,20260806
301312.SZ,20260806,邱鹏,G,DE,914180.0,1.0784,12885605.0,15.2,None,54284960.0,20260630,20260806
300165.SZ,20260806,广州立多虚拟现实科技合伙企业(有限合伙),C,DE,49600.0,0.0118,24775537.0,5.8914,5.0607,24775537.0,20260805,20260805
002693.SZ,20260806,姚忠,G,DE,40500.0,0.0099,0.0,None,None,121500.0,20260804,20260804
300144.SZ,20260806,QIAO LONG HUANG,P,DE,43000000.0,1.6656,42836643.0,1.6593,6.23,42836643.0,20260805,20260805
301312.SZ,20260806,黄剑锋,G,DE,546929.0,0.6452,3687787.0,4.3501,None,16391934.0,20260630,20260806
301312.SZ,20260806,关巍,G,DE,673920.0,0.795,9207092.0,10.8608,None,38850128.0,20260630,20260806
301312.SZ,20260806,邱鹏,G,DE,914180.0,1.0784,12885605.0,15.2,None,54284960.0,20260630,20260806
301312.SZ,20260806,黄剑锋,G,DE,546929.0,0.6452,3687787.0,4.3501,None,16391934.0,20260630,20260806
301312.SZ,20260806,关巍,G,DE,673920.0,0.795,9207092.0,10.8608,None,38850128.0,20260630,20260806
301312.SZ,20260806,邱鹏,G,DE,914180.0,1.0784,12885605.0,15.2,None,54284960.0,20260630,20260806
002531.SZ,20260806,REAL FUN HOLDINGS LIMITED,C,DE,18995353.0,1.0631,340380377.0,19.0499,None,340380377.0,20260804,20260804
603161.SH,20260806,张宇,P,DE,40540.0,0.0213,9679846.0,5.0747,None,9679846.0,20260729,20260804
002693.SZ,20260806,姚忠,G,DE,40500.0,0.0099,0.0,None,None,121500.0,20260804,20260804
920876.BJ,20260806,新余市慧创投资管理合伙企业(有限合伙),C,DE,464900.0,1.1845,6418043.0,16.3524,None,6418043.0,20260724,20260804
002419.SZ,20260806,五龙贸易有限公司,C,DE,1386200.0,0.1215,57062811.0,5.0001,None,57062811.0,20260430,20260804
603303.SH,20260806,浙江横润科技有限公司,C,DE,268900.0,0.0564,386016.0,0.0809,None,386016.0,20260701,20260804
002498.SZ,20260806,青岛汉河集团股份有限公司,C,DE,20943440.0,0.6295,2193464576.0,65.9332,None,2193464576.0,20260623,20260804
002871.SZ,20260805,范庆伟,G,DE,976000.0,0.6539,29639000.0,19.8564,None,121484000.0,20260804,20260804
920284.BJ,20260805,杭一,G,DE,823496.0,1.228,1712369.0,2.5535,None,9319966.0,20260527,20260803
300506.SZ,20260805,中国新兴集团有限责任公司,C,DE,73100.0,0.0099,71206697.0,9.692,5.74,71206697.0,20260803,20260804
301332.SZ,20260805,磐茂(上海)投资中心(有限合伙),C,DE,6615600.0,2.498,62618875.0,23.644,None,62618875.0,20260716,20260805
300738.SZ,20260805,广州市昊盟计算机科技有限公司,C,DE,20622681.0,2.0939,251302826.0,25.5157,None,251302826.0,20260804,20260805
920033.BJ,20260805,海南迈顺投资合伙企业(有限合伙),C,DE,253996.0,0.3066,14248313.0,17.2014,15.4123,14248313.0,20260716,20260803
920284.BJ,20260805,杭一,G,DE,823496.0,1.228,1712369.0,2.5535,None,9319966.0,20260527,20260803
603618.SH,20260805,浙江富春江通信集团有限公司,C,DE,10987800.0,1.5893,127700000.0,18.4704,None,127700000.0,20260618,20260804
603668.SH,20260805,秋晟天马1号私募证券投资基金,C,DE,2935609.0,0.5804,0.0,None,None,0.0,20260731,20260804
603260.SH,20260805,宁波合盛集团有限公司,C,DE,17126365.0,1.4487,427960309.0,36.2001,None,427960309.0,20260622,20260804
920033.BJ,20260805,海南迈顺投资合伙企业(有限合伙),C,DE,253996.0,0.3066,14248313.0,17.2014,15.4123,14248313.0,20260716,20260803
002726.SZ,20260805,蓝润发展控股集团有限公司,C,DE,8276600.0,0.6084,272270762.0,20.0153,None,272270762.0,20260715,20260803
300599.SZ,20260805,黄锦禧,G,DE,5431900.0,1.7189,70402700.0,22.2781,None,70402700.0,20260731,20260803
002871.SZ,20260805,范庆伟,G,DE,976000.0,0.6539,29639000.0,81.3873,None,121484000.0,20260804,20260804
002923.SZ,20260805,李希,P,DE,4100000.0,1.5886,79225382.0,30.6974,None,79225382.0,20260715,20260803
920976.BJ,20260805,广州湘军一号投资合伙企业(有限合伙),C,DE,59500.0,0.1349,3340500.0,7.5715,20.0308,3340500.0,20260731,20260731
600103.SH,20260805,福建省能源集团有限责任公司,C,DE,22400000.0,1.0125,155600000.0,7.0333,None,155600000.0,20251208,20260804
301273.SZ,20260804,宁波虎鼎致新创业投资合伙企业(有限合伙),C,DE,1443500.0,1.8751,3571400.0,4.6393,None,3571400.0,20260701,20260803
301172.SZ,20260804,成都高投创业投资有限公司,C,DE,823200.0,0.6436,0.0,None,None,0.0,20260525,20260804
301273.SZ,20260804,上海馨璞投资管理合伙企业(有限合伙),C,DE,83280.0,0.1082,13136700.0,17.0649,None,13136700.0,20260727,20260803
301586.SZ,20260804,霍尔果斯华控创业投资有限公司,C,DE,146500.0,0.2769,1603500.0,3.0306,None,1603500.0,20260731,20260803
300054.SZ,20260804,姚红,G,DE,51200.0,0.0069,17814.0,0.0024,104.32,255000.0,20260630,20260630
300054.SZ,20260804,黄金辉,G,DE,140000.0,0.0188,23921.0,0.0032,103.35,515682.0,20260630,20260630
300054.SZ,20260804,罗德日,G,DE,20000.0,0.0027,1158.0,0.0002,105.0,64630.0,20260630,20260630
300054.SZ,20260804,肖桂林,G,DE,217500.0,0.0293,21000.0,0.0028,101.3,736500.0,20260630,20260630
300054.SZ,20260804,杨平彩,G,DE,40000.0,0.0054,17225.0,0.0023,103.2,327500.0,20260630,20260630
603699.SH,20260804,陆斌,P,DE,5585000.0,0.7367,77960482.0,10.2831,None,77960482.0,20260601,20260803
603699.SH,20260804,陆斌,P,DE,5585000.0,0.7367,77960482.0,10.2831,None,77960482.0,20260601,20260803
603378.SH,20260804,上海润合同彩资产管理有限公司,C,DE,1907900.0,0.4452,17803691.0,4.154,None,17803691.0,20260629,20260803
002826.SZ,20260804,周战,G,DE,1241100.0,0.6718,9533825.0,5.161,None,9533825.0,20260730,20260730
002873.SZ,20260804,上海新天智药生物技术有限公司,C,DE,2300000.0,0.9596,66135566.0,27.5921,None,66135566.0,20260608,20260731
603258.SH,20260804,胡建平,G,DE,3507448.0,1.4533,14040452.0,5.8177,None,14040452.0,20260520,20260803
688755.SH,20260804,上海药明康德新药开发有限公司,C,DE,114355.0,0.1432,6792715.0,8.505,None,6792715.0,20260803,20260803
301160.SZ,20260803,唐卫国,G,DE,445864.0,0.4025,2869023.0,2.5899,35.61,12813683.0,20260720,20260731
301160.SZ,20260803,唐卫国,G,DE,445864.0,0.4025,2869023.0,2.5899,35.61,12813683.0,20260720,20260731
301037.SZ,20260801,杨美芹,G,DE,941800.0,1.385,2765332.0,4.0668,10.53,13903228.0,20260731,20260731
603052.SH,20260801,施惠庆,G,DE,1137600.0,0.6054,53533328.0,28.4907,None,53533328.0,20260722,20260731
002973.SZ,20260801,郭倍华,G,DE,3099900.0,0.9759,17923944.0,5.6426,None,106645174.0,20260723,20260731
603225.SH,20260801,屈凤琪,P,DE,5400000.0,0.3236,96316738.0,5.7725,None,96316738.0,20260729,20260731
603225.SH,20260801,屈凤琪,P,DE,5400000.0,0.3236,96316738.0,5.7725,None,96316738.0,20260729,20260731
603225.SH,20260801,桐乡市中聚投资有限公司,C,DE,10461800.0,0.627,136909780.0,8.2053,None,136909780.0,20260723,20260729
920906.BJ,20260801,贺宗贵,G,DE,108000.0,0.3238,3138442.0,9.409,None,12907769.0,20260714,20260731
002973.SZ,20260801,郭倍华,G,DE,3099900.0,0.9759,17923944.0,5.6426,None,106645174.0,20260723,20260731
688273.SH,20260801,陈江宁,G,DE,259815.0,0.2598,None,None,32.09,779446.0,20260514,20260730
301037.SZ,20260801,杨美芹,G,DE,5500.0,0.0081,3707132.0,21.8316,11.79,14845028.0,20260707,20260707
920906.BJ,20260801,宁波众宇投资管理合伙企业(有限合伙),C,DE,23000.0,0.069,534500.0,1.6024,None,1382000.0,20260714,20260731
920906.BJ,20260801,贺宗贵,G,DE,108000.0,0.3238,3138442.0,9.409,None,12907769.0,20260714,20260731
002150.SZ,20260801,珠海康东股权投资合伙企业(有限合伙),C,DE,1757388.0,0.4902,10655433.0,2.9722,None,10655433.0,20260515,20260731
002150.SZ,20260801,珠海悦宁管理咨询合伙企业(有限合伙),C,DE,1678600.0,0.4682,7387948.0,2.0608,None,7387948.0,20260515,20260731
920118.BJ,20260801,俞华杰,P,DE,530000.0,1.6912,3870000.0,12.3488,None,3870000.0,20260730,20260730
688307.SH,20260801,金凯东,G,DE,52886.0,0.0596,1208704.0,1.3616,None,1208704.0,20260508,20260514
301037.SZ,20260801,杨美芹,G,DE,941800.0,1.385,2765332.0,20.4466,10.53,13903228.0,20260731,20260731
603052.SH,20260801,施惠庆,G,DE,1137600.0,0.6054,53533328.0,28.4907,None,53533328.0,20260722,20260731
002973.SZ,20260801,安义珑欣企业管理合伙企业(有限合伙),C,DE,797700.0,0.2511,17373347.0,5.4693,None,17373347.0,20260723,20260731
002973.SZ,20260801,郭倍华,G,DE,3099900.0,0.9759,17923944.0,5.6426,None,106645174.0,20260723,20260731
688273.SH,20260801,陈江宁,G,DE,259815.0,0.2598,None,None,32.09,779446.0,20260514,20260730
605006.SH,20260801,上海东兴投资控股发展有限公司,C,DE,5893740.0,0.9017,84114351.0,12.8694,None,84114351.0,20260507,20260731
300700.SZ,20260731,段志明,G,DE,3024190.0,1.0797,4081474.0,1.4572,None,43079564.0,20260729,20260731
300681.SZ,20260731,魏标,G,DE,2600000.0,1.1265,99138.0,0.043,16.4,8196550.0,20260730,20260730
300425.SZ,20260731,成都环能德美投资有限公司,C,DE,6757000.0,0.9926,39878352.0,5.8581,None,39878352.0,20260512,20260731
300284.SZ,20260731,上海迎水投资管理有限公司-省心享迎水晋泰嘉裕16号私募证券投资基金,C,DE,3000000.0,0.2547,None,None,None,21428000.0,20260727,20260731
300985.SZ,20260731,王然,P,DE,2776400.0,1.4886,29752300.0,15.9519,None,29752300.0,20260731,20260731
300681.SZ,20260731,魏标,G,DE,2600000.0,1.1265,99138.0,0.043,16.4,8196550.0,20260730,20260730
300758.SZ,20260731,徐惠祥,G,DE,551000.0,0.1532,9801191.0,2.7245,10.28,45996762.0,20260527,20260716
920108.BJ,20260731,袁兴理,P,DE,52500.0,0.0719,13518750.0,18.527,None,13518750.0,20260706,20260728
920252.BJ,20260731,都伟云,周新芳,周志伟,钱旭及长兴天赋力股权投资合伙企业(有限合伙),C,DE,814072.0,1.1931,26527322.0,38.8786,None,60563892.0,20260618,20260729
000826.SZ,20260731,广州麒正企业管理合伙企业(有限合伙),C,DE,2702100.0,0.1896,68565488.0,4.8111,None,68565488.0,20260513,20260729
688681.SH,20260731,山东科汇投资股份有限公司,C,DE,426700.0,0.4077,24136515.0,23.0596,None,24136515.0,20260730,20260730
300599.SZ,20260731,黄锦禧,G,DE,1542700.0,0.4882,75834600.0,23.9969,None,75834600.0,20260529,20260729
688596.SH,20260731,風帆控股有限公司,C,DE,2690000.0,0.9251,48099260.0,16.5409,None,48099260.0,20260730,20260730
603326.SH,20260731,南京开盛咨询管理合伙企业(有限合伙),C,DE,120000.0,0.0376,3224200.0,1.0102,6.2876,3224200.0,20260611,20260728
600590.SH,20260731,泰豪集团有限公司,C,DE,12366723.0,1.466,103483277.0,12.2673,None,103483277.0,20260714,20260729
300864.SZ,20260730,南京南高管理咨询中心(有限合伙),C,DE,19800.0,0.0125,13407177.0,8.4904,25.03,13407177.0,20260428,20260727
300864.SZ,20260730,南京国环投资管理有限公司,C,DE,675877.0,0.428,39496997.0,25.0122,24.17,39496997.0,20260428,20260727
300864.SZ,20260730,南京两江管理咨询中心(有限合伙),C,DE,315000.0,0.1995,12729549.0,8.0612,24.72,12729549.0,20260428,20260727
301296.SZ,20260730,北京厚生投资管理中心(有限合伙)-苏州厚齐股权投资中心(有限合伙),C,DE,1098400.0,0.2572,25401219.0,5.9472,None,25401219.0,20260706,20260729
300753.SZ,20260730,李庆,G,DE,89381.0,0.1017,0.0,None,23.6396,268142.0,20260701,20260728
300235.SZ,20260730,陈克让,G,DE,780400.0,0.3842,5259092.0,2.589,None,23377567.0,20260713,20260729
300753.SZ,20260730,李庆,G,DE,89381.0,0.1017,0.0,None,23.6396,268142.0,20260701,20260728
300864.SZ,20260730,南京南高管理咨询中心(有限合伙),C,DE,1372500.0,0.8692,13407177.0,8.4904,25.03,13407177.0,20260428,20260727
300864.SZ,20260730,南京国环投资管理有限公司,C,DE,1951300.0,1.2357,39496997.0,25.0122,24.17,39496997.0,20260428,20260727
300864.SZ,20260730,南京两江管理咨询中心(有限合伙),C,DE,992200.0,0.6283,12729549.0,8.0612,24.72,12729549.0,20260428,20260727
300235.SZ,20260730,陈克让,G,DE,780400.0,0.3842,5259092.0,2.589,None,23377567.0,20260713,20260729
920786.BJ,20260730,黄立刚,P,DE,650000.0,0.4708,None,None,6.0228,5000000.0,20260716,20260728
920132.BJ,20260730,王健,G,DE,29000.0,0.0793,None,None,8.7794,689467.0,20260601,20260724
920132.BJ,20260730,范明,G,DE,96600.0,0.2642,None,None,11.3977,1259430.0,20260521,20260714
603986.SH,20260730,朱一明,G,DE,1341935.0,0.2009,34647376.0,5.0455,None,34647376.0,20260526,20260612
920807.BJ,20260730,佛山市源常壹东企业管理中心(有限合伙),C,DE,1191201.0,0.9641,None,None,12.6514,2659999.0,20260605,20260714
920807.BJ,20260730,陶洪亮,G,DE,15000.0,0.0121,None,None,12.6903,5227750.0,20260605,20260622
002454.SZ,20260730,陈睿,G,DE,31700.0,0.0051,88.0,0.0,9.83,133490.0,20260506,20260513
002454.SZ,20260730,黄国强,G,DE,80788.0,0.0129,35.0,0.0,10.37,339867.0,20260506,20260515
002454.SZ,20260730,纪安康,G,DE,250000.0,0.0285,16870.0,0.0019,10.08,1117479.0,20260506,20260729
001330.SZ,20260730,青岛金石暴风投资咨询有限公司,C,DE,4207000.0,0.3618,10930100.0,0.9399,None,10930100.0,20260714,20260728
001330.SZ,20260730,信石元影(深圳)投资中心(有限合伙),C,DE,6509800.0,0.5598,35177972.0,3.0252,None,35177972.0,20260714,20260728
001330.SZ,20260730,金石智娱股权投资(杭州)合伙企业(有限合伙),C,DE,323100.0,0.0278,2468696.0,0.2123,None,2468696.0,20260714,20260728
001330.SZ,20260730,中信证券投资有限公司,C,DE,2787500.0,0.2397,33631464.0,2.8922,None,33631464.0,20260714,20260728
002698.SZ,20260730,联创未来(武汉)智能制造产业投资合伙企业(有限合伙),C,DE,10259948.0,1.2154,91996113.0,10.8982,None,91996113.0,20260710,20260729
603061.SH,20260730,宁波旭诺创业投资基金管理合伙企业(有限合伙),C,DE,239598.0,0.2754,4349900.0,4.9999,None,4349900.0,20260729,20260729
003004.SZ,20260730,广西天福投资有限公司,C,DE,1421900.0,2.0684,28168100.0,40.9763,None,28168100.0,20260721,20260729
000933.SZ,20260730,商丘市普天工贸有限公司,C,DE,13760300.0,0.6122,142750955.0,6.3513,None,142750955.0,20260713,20260722
001330.SZ,20260730,青岛金石暴风投资咨询有限公司,C,DE,4207000.0,0.3618,10930100.0,0.9399,None,10930100.0,20260728,20260728
001330.SZ,20260730,信石元影(深圳)投资中心(有限合伙),C,DE,6509800.0,0.5598,35177972.0,3.0252,None,35177972.0,20260728,20260728
603161.SH,20260730,张宇,P,DE,1903537.0,0.9979,9720386.0,5.0959,None,9720386.0,20260724,20260728
001330.SZ,20260730,金石智娱股权投资(杭州)合伙企业(有限合伙),C,DE,323100.0,0.0278,2468696.0,0.2123,None,2468696.0,20260728,20260728
001330.SZ,20260730,中信证券投资有限公司,C,DE,2787500.0,0.2397,33631464.0,2.8922,None,33631464.0,20260728,20260728
688681.SH,20260730,山东科汇投资股份有限公司,C,DE,2713400.0,2.5923,24563215.0,23.4673,None,24563215.0,20260729,20260729
688229.SH,20260729,孟曦东,G,DE,350000.0,0.7883,3356610.0,7.5599,None,3356610.0,20260728,20260728
300068.SZ,20260729,朱保义,G,DE,3266775.0,0.3827,6884836.0,0.8065,None,49032656.0,20260521,20260706
300223.SZ,20260729,张敏,G,DE,236000.0,0.056,100591.0,0.0239,233.0,1110363.0,20260527,20260630
301358.SZ,20260729,湖南裕富创业投资管理合伙企业(有限合伙),C,DE,594200.0,0.0782,41572790.0,5.4705,None,41572790.0,20260529,20260624
300223.SZ,20260729,张敏,G,DE,236000.0,0.056,100591.0,0.0239,233.0,1110363.0,20260527,20260630
300700.SZ,20260729,段志明,G,DE,4657400.0,1.7211,7105664.0,2.6258,None,46103754.0,20260616,20260728
002867.SZ,20260729,许金卓,G,DE,45000.0,0.0042,63.0,0.0,12.19,334750.0,20260605,20260615
002867.SZ,20260729,陈寿平,G,DE,110000.0,0.0102,5525.0,0.0005,12.05,352100.0,20260630,20260727
603050.SH,20260729,张成锁,P,DE,4035000.0,1.0004,28230635.0,6.9996,None,28230635.0,20260722,20260727
002165.SZ,20260729,芮敬功,G,DE,165000.0,0.0227,1222579.0,0.168,None,6315314.0,20260612,20260727
001255.SZ,20260729,凌莉,G,DE,640000.0,0.8283,610000.0,0.7895,None,4360000.0,20260722,20260727
603061.SH,20260729,宁波旭诺创业投资基金管理合伙企业(有限合伙),C,DE,1279200.0,1.4703,4589498.0,5.2753,None,4589498.0,20260724,20260727
002165.SZ,20260729,芮敬功,G,DE,165000.0,0.0227,1222579.0,0.168,None,6315314.0,20260612,20260727
002165.SZ,20260729,江苏宝源投资管理有限公司,C,DE,5640600.0,0.7753,133674200.0,18.3723,None,133674200.0,20260612,20260723
000656.SZ,20260729,重庆市金科投资控股(集团)有限责任公司,C,DE,22500000.0,0.2965,220360900.0,2.9043,None,220360900.0,20260713,20260727
920273.BJ,20260729,陈小梅,G,DE,6399.0,0.0093,None,None,21.6154,61781.0,20260408,20260409
920273.BJ,20260729,黄朝胜,G,DE,4000.0,0.0058,None,None,19.15,344880.0,20260616,20260616
920273.BJ,20260729,李夏,G,DE,54200.0,0.0789,None,None,21.8688,356560.0,20260601,20260625
920273.BJ,20260729,彭湃,G,DE,118650.0,0.1728,None,None,21.6711,355950.0,20260408,20260408
920273.BJ,20260729,唐华林,G,DE,64206.0,0.0935,None,None,22.881,675274.0,20260408,20260609
920273.BJ,20260729,苟春鹏,G,DE,216650.0,0.3155,None,None,21.6913,649950.0,20260408,20260514
920273.BJ,20260729,长阳一致共赢投资管理服务部(有限合伙),C,DE,55500.0,0.0808,None,None,22.1118,1535400.0,20260605,20260625
920273.BJ,20260729,长阳众志成投资管理服务部(有限合伙),C,DE,577800.0,0.843,9494200.0,13.8525,20.9599,9494200.0,20260605,20260723
001255.SZ,20260729,海宁云格投资合伙企业(有限合伙),C,DE,900000.0,1.1648,6600000.0,8.5417,None,6600000.0,20260721,20260727
001255.SZ,20260729,凌莉,G,DE,640000.0,0.8283,610000.0,5.6427,None,4360000.0,20260722,20260727
002531.SZ,20260729,REAL FUN HOLDINGS LIMITED,C,DE,13872270.0,0.7764,359375730.0,20.113,None,359375730.0,20260727,20260728
688105.SH,20260729,国寿成达(上海)健康产业股权投资中心(有限合伙),C,DE,3865608.0,0.7477,25849153.0,5.0,None,25849153.0,20260724,20260727
603050.SH,20260729,张成锁,P,DE,4035000.0,1.0004,28230635.0,6.9996,None,28230635.0,20260722,20260727
002005.SZ,20260729,北京风炎私募基金管理有限公司-北京风炎臻选2号私募证券投资基金,C,DE,17571000.0,1.0029,102718957.0,5.863,None,102718957.0,20260610,20260727
603130.SH,20260729,丽水云中马投资管理合伙企业(有限合伙),C,DE,2486500.0,1.8082,4372541.0,3.1797,None,4372541.0,20260626,20260728
603050.SH,20260729,王永,G,DE,300000.0,0.0744,3396670.0,0.8422,None,3396670.0,20260526,20260526
688229.SH,20260729,孟曦东,G,DE,350000.0,0.7883,3356610.0,7.5599,None,3356610.0,20260728,20260728
688229.SH,20260729,上海元亨利汇咨询管理中心(有限合伙),C,DE,46610.0,0.105,1083390.0,2.4401,None,1083390.0,20260727,20260727
300619.SZ,20260728,张启发,G,DE,2389822.0,1.2549,17752291.0,9.3221,None,45218809.0,20260728,20260728
300619.SZ,20260728,佛山市宝月山企业管理有限公司,C,DE,3569648.0,1.8745,0.0,None,None,0.0,20260727,20260727
300619.SZ,20260728,张启发,G,DE,2389822.0,1.2549,17752291.0,9.3221,None,45218809.0,20260728,20260728
300681.SZ,20260728,贺文涛,G,DE,171270.0,0.0742,0.0,None,22.03,513810.0,20260716,20260727
300681.SZ,20260728,贺文涛,G,DE,171270.0,0.0742,0.0,None,22.03,513810.0,20260716,20260727
603226.SH,20260728,ASIA PACIFIC GROUP INTERNATIONAL LIMITED,C,DE,2303400.0,0.6479,67224366.0,18.9102,None,67224366.0,20260701,20260727
603226.SH,20260728,ASIA PACIFIC GROUP INTERNATIONALLIMITED,C,DE,2303400.0,0.6479,67224366.0,18.9102,None,67224366.0,20260701,20260727
920634.BJ,20260728,长沙新威凌企业管理合伙企业(有限合伙),C,DE,383800.0,0.947,5116200.0,12.624,None,5116200.0,20260609,20260727
002264.SZ,20260728,新华都科技股份有限公司-“领航员计划(五期)”员工持股计划,C,DE,4690500.0,0.7206,0.0,None,None,0.0,20250901,20260727
920570.BJ,20260728,沈国飞,G,DE,2000.0,0.0078,None,None,23.47,133520.0,20260723,20260723
920570.BJ,20260728,沈国飞,G,DE,2000.0,0.0078,None,None,23.47,133520.0,20260723,20260723
603158.SH,20260728,腾龙科技集团有限公司,C,DE,41000.0,0.0084,123044836.0,25.0718,None,123044836.0,20260526,20260727
920098.BJ,20260728,宁波合恩伟业创业投资合伙企业(有限合伙),C,DE,258005.0,0.4659,3808013.0,6.8767,14.3142,3808013.0,20260722,20260724
301273.SZ,20260727,上海馨璞投资管理合伙企业(有限合伙),C,DE,1585020.0,2.059,13219980.0,17.1731,None,13219980.0,20260724,20260724
300491.SZ,20260727,任献伟,P,DE,895100.0,0.568,5407700.0,3.4313,40.0,5407700.0,20260529,20260622
301633.SZ,20260727,深圳市松禾成长股权投资合伙企业(有限合伙),C,DE,556800.0,2.1826,1578700.0,6.1884,42.12,1578700.0,20260708,20260724
301633.SZ,20260727,深圳市力鼎基金管理有限责任公司-嘉兴力鼎五号投资合伙企业(有限合伙),C,DE,1664800.0,6.5259,455092.0,1.7839,48.8965,618400.0,20260603,20260727
301633.SZ,20260727,深圳市松禾成长股权投资合伙企业(有限合伙),C,DE,556800.0,2.1826,2135500.0,8.371,47.96,2135500.0,20260609,20260615
300581.SZ,20260727,西安汇聚科技有限责任公司,C,DE,4610528.0,0.8381,186476950.0,33.8981,None,186476950.0,20260616,20260723
603508.SH,20260725,赵建州,P,DE,3475317.0,0.9115,40011258.0,10.4941,None,40011258.0,20260715,20260723
688105.SH,20260725,国寿成达(上海)健康产业股权投资中心(有限合伙),C,DE,6388241.0,1.2357,29714761.0,5.7477,None,29714761.0,20260722,20260723
603926.SH,20260725,杭州德萨实业集团有限公司,C,DE,4659600.0,2.0186,81302242.0,35.2204,None,81302242.0,20260723,20260723
003009.SZ,20260725,国华军民融合产业发展基金(有限合伙),C,DE,1375600.0,0.8353,304229.0,0.1847,None,304229.0,20260707,20260723
003009.SZ,20260725,陕西电器研究所,C,DE,52900.0,0.0321,9858648.0,5.9863,None,9858648.0,20260707,20260723
002044.SZ,20260725,杭州灏月企业管理有限公司,C,DE,12200000.0,0.3149,281206397.0,7.2584,None,281206397.0,20260723,20260723
002044.SZ,20260725,杭州灏月企业管理有限公司,C,DE,6670000.0,0.1722,293406397.0,7.5733,None,293406397.0,20260721,20260721
688173.SH,20260725,重庆唯纯企业管理咨询有限公司,C,DE,1674479.0,0.4072,22277097.0,5.4174,19.2554,22277097.0,20260622,20260710
603508.SH,20260725,赵建州,P,DE,3475317.0,0.9115,40011258.0,10.4941,None,40011258.0,20260715,20260723
688105.SH,20260725,国寿成达(上海)健康产业股权投资中心(有限合伙),C,DE,6388241.0,1.2357,29714761.0,5.7477,None,29714761.0,20260722,20260723
603926.SH,20260725,杭州德萨实业集团有限公司,C,DE,4659600.0,2.0186,81302242.0,35.2204,None,81302242.0,20260723,20260723
920786.BJ,20260725,田胜利,P,DE,754650.0,0.5466,10452600.0,7.5715,None,10452600.0,20260716,20260723
300291.SZ,20260725,华录资本控股有限公司,C,DE,500000.0,0.0538,56787328.0,6.1071,7.09,56787328.0,20260424,20260723
603876.SH,20260724,陈魏新,G,DE,102600.0,0.011,310140.0,0.0334,24.3053,310140.0,20260506,20260721
688395.SH,20260724,张晓光,G,DE,450000.0,0.5196,15945200.0,18.413,None,15945200.0,20260428,20260723
301358.SZ,20260724,上海津晟新材料科技有限公司,C,DE,1029300.0,0.1347,59020328.0,7.7218,None,59020328.0,20260710,20260723
300506.SZ,20260724,中国新兴集团有限责任公司,C,DE,1616900.0,0.2201,71279797.0,9.7019,5.56,71279797.0,20260723,20260723
300506.SZ,20260724,中国新兴集团有限责任公司,C,DE,980000.0,0.1334,72896697.0,9.922,5.54,72896697.0,20260722,20260722
300506.SZ,20260724,中国新兴集团有限责任公司,C,DE,680000.0,0.0926,73876697.0,10.0554,5.44,73876697.0,20260721,20260721
300084.SZ,20260724,窦剑文,P,DE,1940000.0,0.4119,4788614.0,1.0168,None,33794456.0,20260512,20260723
301358.SZ,20260724,上海津晟新材料科技有限公司,C,DE,1029300.0,0.1347,59020328.0,7.7218,None,59020328.0,20260710,20260723
301552.SZ,20260724,长江证券资管-农业银行-长江资管星耀科力汽车员工参与创业板战略配售集合资产管理计划,C,DE,1837331.0,5.9384,0.0,5.9384,22.91,0.0,20260518,20260723
920807.BJ,20260724,佛山市海沃众远企业管理中心(有限合伙),C,DE,840000.0,0.438,None,None,13.4454,1786000.0,20260529,20260622
920807.BJ,20260724,杨成,G,DE,129500.0,0.1048,None,None,12.9735,3620500.0,20260528,20260623
688395.SH,20260724,张晓光,G,DE,450000.0,0.5196,15945200.0,18.413,None,15945200.0,20260428,20260723
688616.SH,20260724,杨培勇,P,DE,192334.0,0.1072,637666.0,0.3555,13.0847,637666.0,20260427,20260723
688020.SH,20260724,汪友涛,G,DE,7200.0,0.0087,22800.0,0.0277,117.9181,22800.0,20260424,20260424
688020.SH,20260724,王作凯,G,DE,8100.0,0.0098,35030.0,0.0425,117.4464,35030.0,20260424,20260424
688020.SH,20260724,高强,G,DE,6800.0,0.0083,20887.0,0.0254,117.7216,20887.0,20260424,20260424
688395.SH,20260724,张晓光,G,DE,450000.0,0.5196,15945200.0,18.413,None,15945200.0,20260428,20260723
920305.BJ,20260724,通鼎互联信息股份有限公司,C,DE,1877506.0,2.315,11360007.0,14.0073,0.8747,11360007.0,20260722,20260722
688400.SH,20260724,富联裕展科技(深圳)有限公司,C,DE,2943443.0,0.6434,7217638.0,1.5776,63.0,7217638.0,20260526,20260717
603876.SH,20260724,陈魏新,G,DE,102600.0,0.011,310140.0,0.0334,24.3053,310140.0,20260506,20260721
688700.SH,20260724,危勇军,G,DE,1300000.0,0.4357,6214095.0,2.0825,81.4662,6214095.0,20260515,20260603
603061.SH,20260724,宁波旭诺创业投资基金管理合伙企业(有限合伙),C,DE,1050100.0,1.207,5868698.0,6.7456,None,5868698.0,20260722,20260722
688616.SH,20260724,杨兴,G,DE,78994.0,0.044,1001006.0,0.558,14.5985,1001006.0,20260427,20260723
688616.SH,20260724,徐新如,G,DE,1080000.0,0.6021,0.0,None,13.0972,0.0,20260427,20260722
688616.SH,20260724,杨培勇,P,DE,192334.0,0.1072,637666.0,0.3555,13.0847,637666.0,20260427,20260723
605099.SH,20260724,淮安创享创业投资中心(有限合伙),C,DE,701285.0,0.1747,3554415.0,0.8854,None,3554415.0,20260508,20260723
688020.SH,20260724,汪友涛,G,DE,7200.0,0.0087,22800.0,0.0277,117.9181,22800.0,20260424,20260424
688020.SH,20260724,王作凯,G,DE,8100.0,0.0098,35030.0,0.0425,117.4464,35030.0,20260424,20260424
688020.SH,20260724,高强,G,DE,6800.0,0.0083,20887.0,0.0254,117.7216,20887.0,20260424,20260424
688328.SH,20260723,黄奕宏,G,DE,30000.0,0.0318,13329716.0,14.112,None,13329716.0,20260721,20260722
300985.SZ,20260723,王然,P,DE,1578520.0,0.8463,32528700.0,17.4405,None,32528700.0,20260616,20260723
300713.SZ,20260723,深圳合睿新盛信息技术合伙企业(有限合伙),C,DE,895200.0,1.0364,4377387.0,5.0678,18.53,4377387.0,20260507,20260520
301391.SZ,20260723,深圳佳和睿信科技有限责任公司,C,DE,170500.0,0.1837,8108999.0,8.7348,None,8108999.0,20260722,20260722
605365.SH,20260723,李永川,G,DE,10000000.0,1.992,80918900.0,16.1189,None,80918900.0,20260722,20260722
301005.SZ,20260723,泰州文超投资有限公司,C,DE,299980.0,0.1629,643426.0,0.3494,80.33,643426.0,20260424,20260723
301005.SZ,20260723,泰州誉威投资有限公司,C,DE,1588820.0,0.8629,1609113.0,0.8739,86.0,1609113.0,20260424,20260723
301391.SZ,20260723,深圳佳和睿信科技有限责任公司,C,DE,170500.0,0.1837,8108999.0,8.7348,None,8108999.0,20260722,20260722
301330.SZ,20260723,深圳精英和义投资企业(有限合伙),C,DE,1460250.0,0.7515,8341947.0,4.2929,26.76,12518262.0,20260608,20260710
301330.SZ,20260723,深圳精英士君投资企业(有限合伙),C,DE,1564957.0,0.8053,8141619.0,4.1898,26.64,12373899.0,20260608,20260710
688328.SH,20260723,舟山深科达股权投资有限公司,C,DE,100000.0,0.1059,4992000.0,5.285,None,4992000.0,20260721,20260722
688328.SH,20260723,黄奕奋,P,DE,135000.0,0.1429,7104984.0,7.522,None,7104984.0,20260721,20260722
688328.SH,20260723,黄奕宏,G,DE,30000.0,0.0318,13329716.0,14.112,None,13329716.0,20260721,20260722
688131.SH,20260723,新余诚众棠投资管理中心(有限合伙),C,DE,2121039.0,0.9947,1944169.0,0.9118,83.3445,1944169.0,20260529,20260722
688252.SH,20260723,宁波群志光电有限公司,C,DE,2089470.0,0.5108,28510305.0,6.9704,None,28510305.0,20260701,20260722
688109.SH,20260723,品茗科技股份有限公司2025年员工持股计划,C,DE,660000.0,0.8371,0.0,None,None,0.0,None,20260722
603488.SH,20260723,李智吉,G,DE,54600.0,0.0187,164000.0,0.0562,12.3984,164000.0,20260604,20260617
605365.SH,20260723,李永川,G,DE,10000000.0,1.992,80918900.0,16.1189,None,80918900.0,20260722,20260722
603488.SH,20260723,宋传秋,G,DE,563800.0,0.1931,1691726.0,0.5794,13.1,1691726.0,20260617,20260617
603488.SH,20260723,常呈建,P,DE,2919900.0,1.0,5736495.0,1.9646,12.8345,5736495.0,20260611,20260617
603665.SH,20260723,海南裕昊创业投资合伙企业(有限合伙),C,DE,7000.0,0.0044,8461573.0,5.2829,None,8461573.0,20260721,20260721
603665.SH,20260723,海南裕昊创业投资合伙企业(有限合伙),C,DE,900.0,0.0006,8468573.0,5.2873,None,8468573.0,20260720,20260720
603225.SH,20260723,桐乡市中聚投资有限公司,C,DE,6308100.0,0.3781,147371580.0,8.8323,None,147371580.0,20260720,20260722
688314.SH,20260723,赵若愚,G,DE,200000.0,0.245,644000.0,0.7889,45.9,644000.0,20260423,20260722
603488.SH,20260723,金培荣,P,DE,7610708.0,2.6065,11850580.0,4.0586,None,11850580.0,20260610,20260721
688717.SH,20260723,杭州百承企业管理合伙企业(有限合伙),C,DE,7644.0,0.0077,None,None,114.7881,None,20260429,20260429
688717.SH,20260723,上海中电投融和新能源投资管理中心(有限合伙),C,DE,1000000.0,1.0096,3793801.0,3.8303,113.8242,3793801.0,20260424,20260515
000688.SZ,20260723,甘肃建新实业集团有限公司,C,DE,1127100.0,0.0951,431006402.0,36.3699,None,431006402.0,20260623,20260709
000688.SZ,20260723,甘肃建新实业集团有限公司,C,DE,1127100.0,0.0951,431006402.0,36.3699,None,431006402.0,20260623,20260709
920098.BJ,20260723,宁波合恩伟业创业投资合伙企业(有限合伙),C,DE,1368395.0,2.4711,4066018.0,7.3426,None,4066018.0,20260608,20260721
300931.SZ,20260722,顾月江,G,DE,223256.0,0.1142,0.0,None,10.83,669769.0,20260722,20260722
300931.SZ,20260722,张建林,G,DE,297675.0,0.1523,0.0,None,13.75,893025.0,20260616,20260722
301038.SZ,20260722,深圳水规院投资股份有限公司,C,DE,1666500.0,0.747,24559500.0,11.0093,19.59,24559500.0,20260708,20260708
300843.SZ,20260722,胜蓝投资控股有限公司,C,DE,1240300.0,0.7728,84454100.0,52.6196,None,84454100.0,20260430,20260721
603186.SH,20260722,王超,G,DE,10000.0,0.0064,31200.0,0.0199,80.5,31200.0,20260421,20260720
603186.SH,20260722,俞高,G,DE,7200.0,0.0046,23700.0,0.0151,109.3544,23700.0,20260421,20260720
603186.SH,20260722,郭江程,G,DE,282000.0,0.1799,895481.0,0.5711,120.6878,895481.0,20260421,20260720
603186.SH,20260722,刘涛,G,DE,228400.0,0.1457,685646.0,0.4373,128.8273,685646.0,20260421,20260720
603052.SH,20260722,施惠庆,G,DE,2529872.0,1.3464,54670928.0,29.0962,None,54670928.0,20260625,20260721
300775.SZ,20260722,西安市西投投资(发展)有限公司,C,DE,110800.0,0.0208,524500.0,0.0987,38.45,524500.0,20260422,20260721
300931.SZ,20260722,顾月江,G,DE,223256.0,0.1142,0.0,None,10.83,669769.0,20260722,20260722
300931.SZ,20260722,张建林,G,DE,297675.0,0.1523,0.0,None,13.75,893025.0,20260616,20260722
301038.SZ,20260722,深圳水规院投资股份有限公司,C,DE,1666500.0,0.747,24559500.0,11.0093,19.59,24559500.0,20260708,20260708
300843.SZ,20260722,胜蓝投资控股有限公司,C,DE,1240300.0,0.7728,84454100.0,52.6196,None,84454100.0,20260430,20260721
300334.SZ,20260722,华益科技国际(英属维尔京群岛)有限公司,C,DE,1825000.0,0.6042,22340300.0,7.3967,None,22340300.0,20260702,20260708
300267.SZ,20260722,帅放文,G,DE,10776000.0,0.7576,202617727.0,14.245,4.38,842798906.0,20260423,20260722
688350.SH,20260722,江苏飞翔化工股份有限公司,C,DE,2864800.0,1.9999,10981110.0,7.666,18.83,10981110.0,20260716,20260721
920689.BJ,20260722,郑美娟,G,DE,7500.0,0.0198,None,None,19.9933,22500.0,20260603,20260720
920689.BJ,20260722,百意(威海)股权投资中心(有限合伙),C,DE,59000.0,0.1555,None,None,24.7911,2941000.0,20260608,20260703
603136.SH,20260722,陈东海,G,DE,50000.0,0.0185,10037991.0,3.716,8.8,10037991.0,20260422,20260721
603271.SH,20260722,齐鲁前海(青岛)创业投资基金合伙企业(有限合伙),C,DE,30000.0,0.0317,2370000.0,2.5059,43.2767,2370000.0,20260421,20260720
603271.SH,20260722,中原前海股权投资基金(有限合伙),C,DE,50000.0,0.0529,3950000.0,4.1765,43.27,3950000.0,20260421,20260720
603271.SH,20260722,前海股权投资基金(有限合伙),C,DE,120000.0,0.1269,9480000.0,10.0237,43.625,9480000.0,20260421,20260720
002120.SZ,20260722,韵达控股股份有限公司-2023年员工持股计划,C,DE,7000000.0,0.2487,0.0,None,None,0.0,None,20260721
603136.SH,20260722,陈东海,G,DE,50000.0,0.0185,10037991.0,3.716,8.8,10037991.0,20260422,20260721
603136.SH,20260722,陶平,G,DE,550000.0,0.2036,8701000.0,3.2211,11.2662,8701000.0,20260422,20260721
603629.SH,20260722,钱旭,G,DE,25000.0,0.0069,None,None,143.1573,259448.0,20260421,20260721
688776.SH,20260722,隆成(深圳)资产管理有限公司-成都天翊创业股权投资基金合伙企业(有限合伙),C,DE,1323785.0,1.2214,0.0,None,49.6725,0.0,20260710,20260720
688173.SH,20260722,郝跃国,G,DE,2198532.0,0.5346,7955048.0,1.9345,18.9063,7955048.0,20260623,20260706
603271.SH,20260722,齐鲁前海(青岛)创业投资基金合伙企业(有限合伙),C,DE,30000.0,0.0317,2370000.0,2.5059,43.2767,2370000.0,20260421,20260720
603271.SH,20260722,中原前海股权投资基金(有限合伙),C,DE,50000.0,0.0529,3950000.0,4.1765,43.27,3950000.0,20260421,20260720
605287.SH,20260722,红塔创新投资股份有限公司,C,DE,675100.0,0.4822,7630000.0,5.45,None,7630000.0,20260430,20260720
603271.SH,20260722,前海股权投资基金(有限合伙),C,DE,120000.0,0.1269,9480000.0,10.0237,43.625,9480000.0,20260421,20260720
688272.SH,20260722,上海兆韧投资管理合伙企业(有限合伙),C,DE,158838.0,0.209,0.0,None,39.501,0.0,20260513,20260720
603186.SH,20260722,王超,G,DE,10000.0,0.0064,31200.0,0.0199,80.5,31200.0,20260421,20260720
603186.SH,20260722,俞高,G,DE,7200.0,0.0046,23700.0,0.0151,109.3544,23700.0,20260421,20260720
603186.SH,20260722,郭江程,G,DE,282000.0,0.1799,895481.0,0.5711,120.6878,895481.0,20260421,20260720
603186.SH,20260722,刘涛,G,DE,228400.0,0.1457,685646.0,0.4373,128.8273,685646.0,20260421,20260720
603052.SH,20260722,施惠庆,G,DE,2529872.0,1.3464,54670928.0,29.0962,None,54670928.0,20260625,20260721
002120.SZ,20260722,韵达控股股份有限公司-2023年员工持股计划,C,DE,7000000.0,0.2487,0.0,None,None,0.0,None,20260721
603296.SH,20260721,海南勤沅创业投资合伙企业(有限合伙),C,DE,882260.0,0.1105,69229182.0,7.7537,77.8023,69229182.0,20260715,20260720
301235.SZ,20260721,阳光人寿保险股份有限公司-分红保险产品,C,DE,1043000.0,1.4338,354646.0,0.4875,55.78,354646.0,20260422,20260423
300518.SZ,20260721,五矿国际信托有限公司-五矿信托-优质远瞻股权投资单一资金信托2号,C,DE,1554300.0,0.7796,11189662.0,5.6124,None,11189662.0,20260708,20260720
301235.SZ,20260721,阳光人寿保险股份有限公司-分红保险产品,C,DE,1043000.0,1.4338,354646.0,0.4875,55.78,354646.0,20260422,20260423
603296.SH,20260721,海南勤沅创业投资合伙企业(有限合伙),C,DE,882260.0,0.1106,69229182.0,7.7537,77.8023,69229182.0,20260715,20260720
601500.SH,20260721,红豆集团有限公司,C,DE,200000.0,0.0126,257695060.0,16.2789,None,257695060.0,20260703,20260721
301629.SZ,20260721,深圳市西博创新投资有限公司-福州市西博汇鑫贰号创业投资合伙企业(有限合伙),C,DE,200000.0,1.0419,591466.0,3.0812,268.31,591466.0,20260717,20260717
301629.SZ,20260721,深圳市西博创新投资有限公司-福州市西博汇鑫贰号创业投资合伙企业(有限合伙),C,DE,53000.0,0.2761,791466.0,4.1231,329.34,791466.0,20260716,20260716
301629.SZ,20260721,深圳市西博创新投资有限公司-福州市西博汇鑫贰号创业投资合伙企业(有限合伙),C,DE,13000.0,0.0677,844466.0,4.3992,321.87,844466.0,20260715,20260715
300522.SZ,20260721,曹新兴,P,DE,7953.0,0.003,24897.0,0.0095,14.01,24897.0,20260511,20260513
300522.SZ,20260721,王玉婷,P,DE,21962.0,0.0083,66058.0,0.0251,13.38,66058.0,20260421,20260428
300522.SZ,20260721,万强,P,DE,20946.0,0.008,65454.0,0.0249,13.38,65454.0,20260421,20260428
300522.SZ,20260721,曹新春,P,DE,40000.0,0.0152,955580.0,0.3632,13.64,955580.0,20260507,20260507
603296.SH,20260721,海南华效创业投资合伙企业(有限合伙),C,DE,2727464.0,0.3415,61898715.0,6.9326,77.5492,61898715.0,20260715,20260720
603296.SH,20260721,海南创坚创业投资合伙企业(有限合伙),C,DE,495900.0,0.0621,66923508.0,7.4954,77.9261,66923508.0,20260715,20260720
603296.SH,20260721,海南勤沅创业投资合伙企业(有限合伙),C,DE,882260.0,0.1105,69229182.0,7.7537,77.8023,69229182.0,20260715,20260720
605208.SH,20260721,江苏磊昶营运管理合伙企业(有限合伙),C,DE,400000.0,0.1212,6714600.0,2.0351,None,6714600.0,20260720,20260720
002664.SZ,20260721,中信信托有限责任公司-中信银行信托组合投资项目1701期单一资金信托,C,DE,3980000.0,0.9886,81742000.0,20.3047,None,81742000.0,20260512,20260720
603719.SH,20260721,达永有限公司,C,DE,2432400.0,0.6112,60886826.0,15.2988,None,60886826.0,20260715,20260716
920455.BJ,20260721,李晓峰,P,DE,217343.0,0.2233,19363617.0,19.8986,7.5225,19363617.0,20260507,20260623
920455.BJ,20260721,李颖,P,DE,304245.0,0.3127,19517943.0,20.0572,7.5079,19517943.0,20260506,20260615
688428.SH,20260721,陈向阳,G,DE,62500.0,0.0229,1188833.0,0.0672,28.3014,1188833.0,20260717,20260717
688428.SH,20260721,赵仁滨,G,DE,50000.0,0.0183,443000.0,0.025,28.3,443000.0,20260717,20260717
688428.SH,20260721,崔霁松,G,DE,206250.0,0.0756,2085250.0,0.1179,28.3,2085250.0,20260717,20260717
605208.SH,20260721,连云港宏芝企业管理合伙企业(有限合伙),C,DE,200000.0,0.0606,1987000.0,0.6022,None,1987000.0,20260720,20260720
301338.SZ,20260720,舟山凯灵格创业投资合伙企业(有限合伙),C,DE,1064833.0,0.9811,7559307.0,6.9649,None,7559307.0,20260611,20260716
301338.SZ,20260720,舟山凯灵格创业投资合伙企业(有限合伙),C,DE,1064833.0,0.9812,7559307.0,6.9649,None,7559307.0,20260611,20260716
300051.SZ,20260720,万久根,P,DE,2574400.0,0.7007,18600800.0,5.0626,7.74,18600800.0,20260713,20260717
300951.SZ,20260720,宿迁市鸿德轩投资合伙企业(有限合伙),C,DE,2269900.0,1.4993,25416290.0,16.7881,None,25416290.0,20260717,20260717
301338.SZ,20260720,舟山凯灵格创业投资合伙企业(有限合伙),C,DE,1064833.0,0.9811,7559307.0,6.9649,None,7559307.0,20260611,20260716
603466.SH,20260718,张树玉,G,DE,28300.0,0.0048,None,None,None,84945.0,20260715,20260716
603466.SH,20260718,王正国,G,DE,15400.0,0.0026,None,None,None,46370.0,20260715,20260716
603466.SH,20260718,刘骏,G,DE,11600.0,0.002,None,None,None,35170.0,20260715,20260716
603466.SH,20260718,哈长虹,G,DE,41300.0,0.0069,None,None,None,124010.0,20260715,20260716
603466.SH,20260718,陈礼文,G,DE,17300.0,0.0029,None,None,None,52255.0,20260715,20260716
600917.SH,20260718,中国农业银行股份有限公司重庆市分行,C,DE,1038700.0,0.0665,109091099.0,6.9884,None,109091099.0,20260714,20260716
300424.SZ,20260718,李凤瑞,P,DE,200000.0,0.0815,1415935.0,0.5772,22.69,1415935.0,20260528,20260528
603466.SH,20260718,张树玉,G,DE,28300.0,0.0048,None,None,None,84945.0,20260715,20260716
920641.BJ,20260718,侯光辉,G,DE,100000.0,0.2207,None,None,12.0,331000.0,20260717,20260717
688325.SH,20260718,舟山微合企业管理合伙企业(有限合伙),C,DE,140692.0,0.1688,2173574.0,2.6084,None,2173574.0,20260715,20260717
603477.SH,20260718,四川和邦投资集团有限公司,C,DE,724900.0,0.1421,47258202.0,9.265,None,47258202.0,20260716,20260716
920046.BJ,20260718,倪成标,G,DE,77000.0,0.1377,None,None,25.4783,231000.0,20260430,20260717
920046.BJ,20260718,无锡亿能信息科技合伙企业(有限合伙),C,DE,244200.0,0.4366,1473500.0,2.6347,28.4306,5894000.0,20260617,20260708
920046.BJ,20260718,黄彩霞,G,DE,445000.0,0.7957,10683820.0,19.1031,26.7404,45735283.0,20260617,20260717
603466.SH,20260718,王正国,G,DE,15400.0,0.0026,None,None,None,46370.0,20260715,20260716
001314.SZ,20260718,深圳市睿窗科技合伙企业(有限合伙),C,DE,572500.0,0.4613,1511765.0,1.2182,None,1511765.0,20260622,20260716
001314.SZ,20260718,深圳市亿道合创企业管理咨询合伙企业(有限合伙),C,DE,260700.0,0.2101,1141491.0,0.9198,None,1141491.0,20260622,20260716
001314.SZ,20260718,深圳市亿嵘企业管理咨询合伙企业(有限合伙),C,DE,178300.0,0.1437,550917.0,0.4439,None,550917.0,20260622,20260716
001314.SZ,20260718,深圳市亿丰众创企业管理咨询合伙企业(有限合伙),C,DE,278900.0,0.2247,751787.0,0.6058,None,751787.0,20260622,20260716
603466.SH,20260718,刘骏,G,DE,11600.0,0.002,None,None,None,35170.0,20260715,20260716
603466.SH,20260718,哈长虹,G,DE,41300.0,0.0069,None,None,None,124010.0,20260715,20260716
688553.SH,20260718,黄乾益,P,DE,3727000.0,0.7345,33018681.0,6.5073,None,33018681.0,20260526,20260716
600545.SH,20260718,江苏金昇实业股份有限公司,C,DE,15250000.0,0.853,805135673.0,45.0322,None,805135673.0,20260701,20260716
603466.SH,20260718,陈礼文,G,DE,17300.0,0.0029,None,None,None,52255.0,20260715,20260716
688314.SH,20260718,西安合赢企业管理咨询合伙企业(有限合伙),C,DE,717333.0,0.8788,2400072.0,2.9402,None,2400072.0,20260511,20260716
603050.SH,20260718,张成锁,P,DE,3308474.0,0.8203,32265635.0,8.0,None,32265635.0,20260430,20260716
600917.SH,20260718,中国农业银行股份有限公司重庆市分行,C,DE,1038700.0,0.0665,109091099.0,6.9884,None,109091099.0,20260714,20260716
920089.BJ,20260717,虞阡,G,DE,182000.0,0.1631,None,None,9.8222,546455.0,20260710,20260715
920089.BJ,20260717,石耀琦,G,DE,182000.0,0.1631,None,None,9.8392,546000.0,20260710,20260715
920566.BJ,20260717,唐铣,G,DE,610000.0,0.543,7302277.0,6.4998,9.8415,32206575.0,20260702,20260716
300369.SZ,20260717,绿盟科技集团股份有限公司-2022年员工持股计划,C,DE,7713500.0,0.955,None,None,None,None,None,20260717
301023.SZ,20260717,宋益群,P,DE,629929.0,1.2169,0.0,None,None,0.0,20260605,20260715
301023.SZ,20260717,宋益群,P,DE,1382861.0,3.1763,629929.0,1.4469,None,629929.0,20260520,20260522
300761.SZ,20260717,林州昊鸣技术服务中心(有限合伙),C,DE,8205900.0,1.288,28498705.0,4.4733,None,28498705.0,20260710,20260717
301130.SZ,20260717,珠海横琴润汇易投资合伙企业(有限合伙),C,DE,714700.0,0.1932,66743.0,1.1309,None,66743.0,20260512,20260716
300650.SZ,20260717,黄国荣,G,DE,1207000.0,0.7086,2716880.0,1.5949,None,14488520.0,20260605,20260716
300628.SZ,20260717,厦门亿网联信息技术服务有限公司,C,DE,1650000.0,0.2273,59148257.0,8.1486,34.41,59148257.0,20260716,20260716
300369.SZ,20260717,绿盟科技集团股份有限公司-2022年员工持股计划,C,DE,7713500.0,0.955,None,None,None,None,None,20260717
600570.SH,20260717,恒生电子股份有限公司-2022年员工持股计划,C,DE,1642500.0,0.0867,0.0,None,None,0.0,None,20260717
920566.BJ,20260717,内江聚才企业管理咨询服务中心(有限合伙),C,DE,131725.0,0.1172,1706475.0,1.5189,10.1916,1706475.0,20260702,20260716
920237.BJ,20260717,高树勋,G,DE,18875.0,0.0202,None,None,19.5469,223180.0,20260423,20260702
920237.BJ,20260717,宜昌同创资产管理合伙企业(有限合伙),C,DE,841327.0,0.9024,5553876.0,5.957,16.1877,5553876.0,20260424,20260715
000029.SZ,20260717,深圳市投资控股有限公司,C,DE,1423100.0,0.1596,552824180.0,54.6453,None,552824180.0,20260715,20260715
920089.BJ,20260717,虞阡,G,DE,182000.0,0.1631,None,None,9.8222,546455.0,20260710,20260715
920089.BJ,20260717,石耀琦,G,DE,182000.0,0.1631,None,None,9.8392,546000.0,20260710,20260715
603955.SH,20260717,深圳市速源科技发展有限公司,C,DE,379900.0,0.2799,10065000.0,7.416,None,10065000.0,20260429,20260713
603120.SH,20260717,黄山高新毅达新安江专精特新创业投资基金(有限合伙),C,DE,452400.0,1.1937,2447500.0,6.4578,None,2447500.0,20260625,20260716
603120.SH,20260717,江苏毅达成果创新创业投资基金(有限合伙),C,DE,455000.0,1.2005,2072400.0,5.4681,None,2072400.0,20260625,20260714
920033.BJ,20260717,海南迈顺投资合伙企业(有限合伙),C,DE,1182104.0,1.4271,14502309.0,17.508,None,14502309.0,20260609,20260715
920735.BJ,20260717,天津药物研究院有限公司,C,DE,1042166.0,0.9131,8850904.0,7.7549,None,8850904.0,20260511,20260715
920701.BJ,20260717,陈跃林,P,DE,150000.0,0.1497,1250000.0,1.2474,None,1250000.0,20260716,20260716
920701.BJ,20260717,陈其林,P,DE,216060.0,0.2156,2723940.0,2.7183,None,2723940.0,20260709,20260716
920701.BJ,20260717,徐瑞根,G,DE,41000.0,0.0409,2899000.0,2.893,None,2899000.0,20260709,20260716
920566.BJ,20260717,王波宇,G,DE,12000.0,0.0107,None,None,11.0,36000.0,20260417,20260716
920566.BJ,20260717,内江聚才企业管理咨询服务中心(有限合伙),C,DE,131725.0,0.1172,1706475.0,1.5189,10.1916,1706475.0,20260702,20260716
920566.BJ,20260717,唐铣,G,DE,610000.0,0.543,7302277.0,6.4998,9.8415,32206575.0,20260702,20260716
688468.SH,20260717,中金康瑞壹期(宁波)股权投资基金合伙企业(有限合伙),C,DE,2655330.0,0.662,20055205.0,5.0,None,20055205.0,20260707,20260715
002973.SZ,20260717,郭倍华,G,DE,1790000.0,0.5635,21023844.0,4.6939,None,109745074.0,20260716,20260716
920786.BJ,20260717,杜旭林,P,DE,400000.0,0.2897,4454000.0,3.2263,None,4454000.0,20260715,20260715
920786.BJ,20260717,黄立刚,P,DE,350000.0,0.2535,5650000.0,4.0927,None,5650000.0,20260715,20260715
920425.BJ,20260717,成都地坤乐创投资管理中心(有限合伙),C,DE,1002.0,0.0017,5607606.0,9.4702,None,5607606.0,20260714,20260715
920425.BJ,20260717,成都天健乐创投资管理中心(有限合伙),C,DE,1827.0,0.0031,6376054.0,10.7679,None,6376054.0,20260714,20260714
600568.SH,20260717,深圳市中盛源企业管理中心(有限合伙),C,DE,228900.0,0.0137,99643500.0,5.97,None,99643500.0,20260715,20260715
601116.SH,20260717,杭州阿里巴巴泽泰信息技术有限公司,C,DE,5476784.0,1.0,136919600.0,25.0,None,136919600.0,20260701,20260715
600570.SH,20260717,恒生电子股份有限公司-2022年员工持股计划,C,DE,1642500.0,0.0867,0.0,None,None,0.0,None,20260717
688019.SH,20260716,刘荣,G,DE,4600.0,0.002,None,None,None,13967.0,20260626,20260715
301601.SZ,20260716,江苏产才融合创业投资五期基金(有限合伙),C,DE,250000.0,0.2959,480000.0,0.5682,None,480000.0,20260526,20260626
300891.SZ,20260716,朝阳投资有限公司,C,DE,5487400.0,1.6455,47209200.0,14.1568,None,47209200.0,20260624,20260715
301601.SZ,20260716,江苏毅达鑫海创业投资基金(有限合伙),C,DE,1406600.0,1.665,1680000.0,1.9886,None,1680000.0,20260527,20260713
301601.SZ,20260716,江苏疌泉高投毅达化工新材料创业投资合伙企业(有限合伙),C,DE,1406500.0,1.6649,1680000.0,1.9886,None,1680000.0,20260527,20260713
301601.SZ,20260716,江苏产才融合创业投资五期基金(有限合伙),C,DE,370800.0,0.4389,480000.0,0.5682,None,480000.0,20260526,20260626
301601.SZ,20260716,刘荣俊,P,DE,264700.0,0.3133,6759200.0,8.0009,None,6759200.0,20260428,20260703
301188.SZ,20260716,徐广成,P,DE,1230071.0,0.4598,0.0,None,47.62,0.0,20260526,20260715
301188.SZ,20260716,济南鸿道新能源合伙企业(有限合伙),C,DE,5189036.0,1.9396,4169764.0,1.5586,43.93,4169764.0,20260528,20260715
301188.SZ,20260716,济南鸿道新能源合伙企业(有限合伙),C,DE,2594500.0,0.9698,9358800.0,3.4981,44.86,9358800.0,20260526,20260527
603686.SH,20260716,张桂潮,P,DE,445200.0,0.1072,0.0,None,None,0.0,20260421,20260714
603949.SH,20260716,宁波联展企业管理合伙企业(有限合伙),C,DE,224800.0,0.1069,3618962.0,1.7216,None,3618962.0,20260519,20260715
603823.SH,20260716,百合花控股有限公司,C,DE,1038500.0,0.2494,262902861.0,63.142,None,262902861.0,20260710,20260713
688019.SH,20260716,刘荣,G,DE,4600.0,0.002,None,None,None,13967.0,20260626,20260715
688019.SH,20260716,Yuchun Wang(王雨春),G,DE,26000.0,0.0114,None,None,None,101141.0,20260626,20260715
688019.SH,20260716,Zhang Ming(张明),G,DE,43609.0,0.0192,None,None,None,130833.0,20260626,20260715
688019.SH,20260716,Shumin Wang(王淑敏),G,DE,29146.0,0.0128,None,None,None,87441.0,20260626,20260715
603477.SH,20260716,四川和邦投资集团有限公司,C,DE,9253800.0,1.8142,47983102.0,9.4072,None,47983102.0,20260715,20260715
688251.SH,20260716,华贸投资集团有限公司,C,DE,662611.0,0.6633,6373843.0,6.38,None,6373843.0,20260520,20260714
603719.SH,20260716,达永有限公司,C,DE,8733400.0,2.1944,63319226.0,15.91,None,63319226.0,20260706,20260714
688356.SH,20260716,吴凯庭,P,DE,50000.0,0.0824,6063312.0,9.9971,None,6063312.0,20260715,20260715
601339.SH,20260716,董奇涵,G,DE,75000.0,0.005,None,None,7.738,225000.0,20260601,20260716
002948.SZ,20260716,青岛海尔产业发展有限公司,C,DE,61384500.0,1.7428,425506841.0,7.3185,None,425506841.0,20260709,20260714
920765.BJ,20260716,新余美高投资管理中心(有限合伙),C,DE,205276.0,0.3887,5525000.0,10.4626,13.225,5525000.0,20260707,20260715
920765.BJ,20260716,深圳市华汇通鼎投资合伙企业(有限合伙),C,DE,71548.0,0.1355,10641500.0,20.1516,13.5091,10641500.0,20260707,20260715
603130.SH,20260716,浙江弘悦私募基金管理有限公司-弘悦兴丰1号私募证券投资基金,C,DE,913600.0,0.6644,5962209.0,4.3357,None,5962209.0,20260702,20260715
920305.BJ,20260716,通鼎互联信息股份有限公司,C,DE,769894.0,0.9493,13237513.0,16.3223,None,13237513.0,20260709,20260714
002896.SZ,20260716,慈溪德正投资管理合伙企业(有限合伙),C,DE,338700.0,0.1723,1113417.0,0.5666,None,1113417.0,20260604,20260618
002896.SZ,20260716,慈溪德立投资管理合伙企业(有限合伙),C,DE,530000.0,0.2697,1687326.0,0.8586,None,1687326.0,20260604,20260618
002896.SZ,20260716,中大(香港)投资有限公司,C,DE,180700.0,0.0919,40481730.0,20.599,None,40481730.0,20260604,20260618
002896.SZ,20260716,宁波中大力德投资有限公司,C,DE,335219.0,0.1706,43768101.0,22.2713,None,43768101.0,20260605,20260618
603686.SH,20260716,张桂潮,P,DE,445200.0,0.1072,0.0,None,None,0.0,20260421,20260714
601339.SH,20260716,董奇涵,G,DE,75000.0,0.005,None,None,7.738,225000.0,20260601,20260716
300493.SZ,20260715,上海润欣信息技术有限公司,C,DE,1070100.0,0.2112,75107300.0,14.8254,None,75107300.0,20260713,20260714
300592.SZ,20260715,罗晔,P,DE,400000.0,0.1163,12502972.0,3.6358,None,12502972.0,20260714,20260714
300592.SZ,20260715,周新华,G,DE,1068400.0,0.3107,20382458.0,5.9271,None,21592058.0,20260714,20260714
301511.SZ,20260715,甘肃拓阵股权投资基金合伙企业(有限合伙),C,DE,290500.0,0.0775,31102596.0,8.3022,111.09,31102596.0,20260713,20260714
301511.SZ,20260715,甘肃拓阵股权投资基金合伙企业(有限合伙),C,DE,5606440.0,1.4965,31393096.0,8.3797,None,31393096.0,20260625,20260710
603183.SH,20260715,吴其超,G,DE,95000.0,0.0191,25162397.0,5.0613,None,25162397.0,20260414,20260713
688101.SH,20260715,方富林,G,DE,220000.0,0.0663,None,None,None,660000.0,20260701,20260713
920425.BJ,20260715,成都地坤乐创投资管理中心(有限合伙),C,DE,445158.0,0.7518,5608608.0,9.4719,None,5608608.0,20260706,20260713
920425.BJ,20260715,成都天健乐创投资管理中心(有限合伙),C,DE,252013.0,0.4256,6377881.0,10.771,None,6377881.0,20260706,20260713
920925.BJ,20260715,惠州市锦同声投资合伙企业(有限合伙),C,DE,373215.0,0.675,1995804.0,3.6094,11.1524,2361992.0,20260701,20260713
603177.SH,20260715,沈鑫,G,DE,73800.0,0.0361,None,None,None,222600.0,20260528,20260602
688307.SH,20260715,东台尚通企业管理合伙企业(有限合伙),C,DE,1242780.0,1.0,6162711.0,4.9586,None,6162711.0,20260709,20260714
001330.SZ,20260715,青岛金石暴风投资咨询有限公司,C,DE,3000000.0,0.258,15137100.0,1.3017,None,15137100.0,20260713,20260713
001330.SZ,20260715,信石元影(深圳)投资中心(有限合伙),C,DE,1600000.0,0.1376,41687772.0,3.585,None,41687772.0,20260713,20260713
001330.SZ,20260715,中信证券投资有限公司,C,DE,4241700.0,0.3648,36418964.0,3.1319,None,36418964.0,20260713,20260713
